step,base_x,base_y,base_z,up_z,vx,left_z,right_z,left_contact,right_contact,left_contact_count,right_contact_count,contact_state,left_slip_speed,right_slip_speed,action_mean_abs,reward,terminated,truncated
0,0.00031443482073666303,4.20878836021716e-05,0.7916101179601793,0.9999999669767302,0.0038381812322516896,0.004693395949854524,0.004691147966281402,1,1,4,4,both,0.0010933297931944531,0.0004641742102314644,0.18165035545825958,3.0898306991473685,0,0
1,0.0006837058703473516,0.0001940079160413279,0.7916042736658382,0.999998893824456,0.010860913223843782,0.004672762771263755,0.00466112540894657,1,1,4,4,both,0.0012679608960440543,0.000938913825512532,0.16644242405891418,3.0986655598101254,0,0
2,0.0013869680973170049,0.0005081028159230202,0.791598697114264,0.9999937997110943,0.02068418314616627,0.004652416391853539,0.004628874046943121,1,1,4,4,both,0.0016382922400572711,0.001253124952624851,0.1758979856967926,3.108874834082829,0,0
3,0.0025030835540338615,0.0010152349119907614,0.7915957620948717,0.999979382007445,0.032826925197554604,0.004627092480574843,0.0045992349947682615,1,1,3,4,both,0.0022217447139107867,0.0013101645800839105,0.17986305058002472,3.1183715140148696,0,0
4,0.004094062266278148,0.0017173469581958567,0.7915951523546114,0.9999473883765584,0.046793491536596656,0.004599798041197169,0.00457067385055996,1,1,3,4,both,0.0033085767511896406,0.0017052130933388604,0.18648140132427216,3.1248790473468966,0,0
5,0.006202833710810374,0.0025934546074425266,0.7915834618171006,0.9998864623067532,0.062022689545065464,0.0045723684461029986,0.00453885974733801,1,1,3,3,both,0.0043954404434672,0.002061449358458172,0.19241555035114288,3.1266558163956537,0,0
6,0.008858287072300478,0.0036196243025426776,0.7915555865855304,0.9997824501847854,0.07810156945559128,0.0045502731047988125,0.00450937441686548,1,1,3,3,both,0.005069130061205136,0.0020668149966476135,0.19746606051921844,3.122704997220943,0,0
7,0.012067366127374624,0.0047600526864509645,0.7915148349985507,0.9996186744462262,0.09438467809041608,0.004536311512727563,0.004489249162972098,1,1,3,3,both,0.0050668217455526535,0.0019131511757770234,0.20126429200172424,3.112983583435639,0,0
8,0.01580649248640468,0.005959526549627901,0.7914438816297992,0.9993762107052743,0.10997430467735454,0.004525758485244811,0.0044729305606877115,1,1,3,3,both,0.004175569326240503,0.001962542169543653,0.2030036598443985,3.0987688081735048,0,0
9,0.02004148379984462,0.007181655986704017,0.7913470409674366,0.9990377064044222,0.1245585680423512,0.004525125447510863,0.0044733713522118815,1,1,3,2,both,0.003590318306180739,0.002313711277066569,0.20228128135204315,3.081633872051598,0,0
10,0.024721874838153985,0.008432735993320126,0.7912188959480688,0.9985881900069555,0.13765855995027543,0.004531129050261314,0.004489764943927471,1,1,2,2,both,0.004132760774267199,0.0021532557847942905,0.20011943578720093,3.063462577459366,0,0
11,0.029771069015961334,0.009709936844181496,0.7910450238757541,0.9980160044298919,0.14850571111198083,0.004543148903153188,0.004515161810362624,1,1,2,2,both,0.0046406962359297355,0.0020462815432704807,0.19580326974391937,3.046591743087612,0,0
12,0.03509565476885931,0.010996339507620884,0.7908231136196259,0.9973166998525869,0.1566054633205288,0.004564484358545291,0.004546480936553406,1,1,2,2,both,0.004703370665690946,0.0018314016569456338,0.1903885304927826,3.0328113066284854,0,0
13,0.04059006094781056,0.012263148348687346,0.7905491307239527,0.9964935990614602,0.1616001817338603,0.004590583971006444,0.0045837941129203,1,1,2,2,both,0.0047019658153893895,0.001725191091753109,0.1851821392774582,3.02334709410097,0,0
14,0.04613600304353936,0.013478383657490357,0.7902281406459021,0.9955593005109244,0.16311594399202345,0.004620805542484601,0.004554608728451773,1,1,2,2,both,0.004716360906125887,0.0017647022310266394,0.179078608751297,3.0192067765308273,0,0
15,0.05160892194720912,0.014610800188512667,0.7898694556962924,0.994536537149908,0.1609682030491105,0.004646861176918173,0.004522624156070108,1,1,2,2,both,0.0047450816834148065,0.0020177393475076053,0.17181062698364258,3.0208315650201905,0,0
16,0.05688106437867592,0.01563142521182258,0.7894862955765548,0.9934580695915352,0.1550630126902,0.004598254119019159,0.0044934346102085375,1,1,2,2,both,0.004764601589403688,0.0024315423776957662,0.16540946066379547,3.0282476731600814,0,0
17,0.06182683587349863,0.016515599237309803,0.7890946562488075,0.9923647020987741,0.14546386749478565,0.0045570778376192445,0.004467585058173962,1,1,2,2,both,0.00476235987312359,0.002906741310419806,0.15899233520030975,3.040904238460739,0,0
18,0.06632627578148217,0.017243857692837566,0.7887130301522802,0.9913032118457256,0.13233646788186892,0.004523315910359895,0.004444445123422673,1,1,2,2,both,0.004752627706084332,0.0033981786764163396,0.1514042317867279,3.057532951979103,0,0
19,0.07026921327441941,0.017809557892302638,0.7883705086865461,0.9903255385329217,0.11596874979227176,0.004498224441440889,0.00442581004446134,1,1,2,2,both,0.004677225495781115,0.004856605685072269,0.1430707424879074,3.0758695270300387,0,0
20,0.07357225432576027,0.01823747441545304,0.7881027171394872,0.9894877577772266,0.09714826621590748,0.0044805052844794635,0.004409959630703633,1,1,2,1,both,0.004533980003400335,0.007549557568999332,0.13911323249340057,3.0922589695238454,0,0
21,0.07618705733774411,0.018575226509890568,0.7879436112194731,0.9888354222973886,0.07690597094070127,0.004468086010229938,0.0043994221480721865,1,1,2,1,both,0.005496285101268618,0.008220652474930992,0.14119240641593933,3.1028638277275147,0,0
22,0.07809933837172257,0.018856343250375225,0.78786262770011,0.9883853420048446,0.0562435598228959,0.004452015997496929,0.004391765972097367,1,1,1,1,both,0.006869453278129347,0.007035306260450409,0.1480695754289627,3.104957056131722,0,0
23,0.07929867377507076,0.01909300507792744,0.7878199679468071,0.9881211144622465,0.03527457068671129,0.00444271434136622,0.004390493784890467,1,1,1,1,both,0.007114898406705305,0.005278271245706264,0.15395115315914154,3.097255091671686,0,0
24,0.07978659531841278,0.01928167775112557,0.7877735780798387,0.9880354718551471,0.014350633627706659,0.00443608454183941,0.004388447738302985,1,1,1,1,both,0.006351776876665405,0.004023387580145749,0.1602645069360733,3.0793885413934254,0,0
25,0.07957815223111289,0.01940036121743117,0.7877291066543545,0.9881204390913109,-0.0061306790382321215,0.004443089244669834,0.004399166718156801,1,1,2,1,both,0.004846648713246743,0.0033345453447422807,0.16728022694587708,3.052200577282882,0,0
26,0.07875807887521495,0.019390947879595926,0.7877834295323595,0.9883838184795082,-0.024119804585233547,0.0044615837945532685,0.004413956726834041,1,1,3,1,both,0.003611455396652171,0.0037491171594902666,0.17615729570388794,3.019870405171857,0,0
27,0.07739848680073576,0.019226013992816083,0.787870573961353,0.9887993440583343,-0.03998800219056451,0.004479343405596758,0.004417235996555587,1,1,3,1,both,0.0029741132975849524,0.0039410153821789196,0.18249164521694183,2.98515881338226,0,0
28,0.0755553133612936,0.018873879270478674,0.7879557021226155,0.9893299640796562,-0.05421098351300449,0.004508037308101152,0.0044256813341636975,1,1,3,2,both,0.0024291714916949082,0.004684430879076418,0.18518516421318054,2.94972170468599,0,0
29,0.07334601232250162,0.018360289267656746,0.7881692259872108,0.9899627178911217,-0.06497944231741118,0.004561903750341375,0.004454197786395393,1,1,3,2,both,0.001583592286775602,0.0020113712187946487,0.18628749251365662,2.9207688113006975,0,0
30,0.07090602753961542,0.017792967924939354,0.7884148342127949,0.9906723006340443,-0.07176425832018254,0.004592874617724344,0.0044597973856904324,1,1,3,2,both,0.0010967760154955081,0.0019281695494821627,0.18648003041744232,2.902081566757307,0,0
31,0.0683377427926541,0.017241335148291195,0.7886650621443722,0.9914048505178651,-0.07553778667533283,0.004629361549907934,0.00447768592267421,1,1,4,2,both,0.0007271240691792518,0.0012659454360324114,0.18502236902713776,2.8919953016950415,0,0
32,0.0657424394436876,0.01673543539440715,0.7889173527522296,0.9921265170409452,-0.07633245144019123,0.0046613986674934015,0.0044985132627277935,1,1,4,2,both,0.0006754585678273035,0.0010671541488956103,0.18215343356132507,2.8908796031599575,0,0
33,0.06322102914361102,0.016286285510537256,0.7891499804781694,0.9928113926054641,-0.07415912647284048,0.004693889346981315,0.0045155973072835975,1,1,4,2,both,0.0008296421185698536,0.0012299588494546715,0.17809553444385529,2.898758227010866,0,0
34,0.060863663376692294,0.015908206408867476,0.7893583207183489,0.9934391189832286,-0.06933428726231558,0.00472810352772015,0.004532425375010467,1,1,4,2,both,0.0010823263411431393,0.0014025649895959666,0.17299263179302216,2.9143664180654563,0,0
35,0.05874836118237301,0.015603101940733851,0.7895385081402231,0.993997174878504,-0.062214770421155356,0.004753553274669857,0.004548993613077208,1,1,4,2,both,0.0012693073546954051,0.001575089976477482,0.16677424311637878,2.936045477047626,0,0
36,0.05693954399398424,0.015361745096251277,0.7896878308605182,0.9944786074486183,-0.05320050554084629,0.004747488084651776,0.00456425133001985,1,1,4,2,both,0.0014155755215371293,0.0017168232509154038,0.15848907828330994,2.961822241858739,0,0
37,0.05548410566093078,0.015167694233710834,0.7898049596751431,0.994881058224397,-0.04280700979568988,0.00474248926586103,0.004577089381213432,1,1,4,2,both,0.00149131108281495,0.001808367129579055,0.1481296867132187,2.9893332014251515,0,0
38,0.0544115294407562,0.014999823937837524,0.789889604818845,0.9952056999442153,-0.03154635941689937,0.004735917250172188,0.004586716071659586,1,1,4,2,both,0.0015013718891593935,0.0018140677182215805,0.141111820936203,3.016338077171164,0,0
39,0.05373870033313584,0.014836955802604135,0.7899420123862164,0.9954547450585048,-0.019789091400598934,0.004720940566466627,0.004593357905523336,1,1,4,2,both,0.0014779648525271465,0.0018025547216872053,0.13790492713451385,3.0412405703679526,0,0
40,0.05346948623787827,0.014662702145887292,0.7899628579389983,0.9956301260878575,-0.007918061625222631,0.004710105912307066,0.004597032183500983,1,1,4,2,both,0.001424381787189805,0.0017940424215884961,0.13756170868873596,3.0627595528912077,0,0
41,0.0535967400031456,0.014467891312835702,0.7899532990747941,0.9957340045950448,0.003742757801980278,0.004702863033576827,0.004597372552164879,1,1,4,2,both,0.0013277497822088223,0.0017698646783450077,0.13927075266838074,3.0801890412846245,0,0
42,0.0541029906152374,0.014250237322138374,0.7899150245748249,0.9957690984063475,0.014889723885052959,0.00469883653820808,0.004594495904845161,1,1,4,2,both,0.0011599776411582666,0.0017072719756344125,0.1419476568698883,3.093725673589327,0,0
43,0.054963021866306055,0.014013517689465665,0.7898495976243456,0.9957383033370623,0.025295036796136944,0.004697864021244377,0.004588517463045061,1,1,4,2,both,0.0009924096323493314,0.001634988614279612,0.14464925229549408,3.103644741544508,0,0
44,0.0561413888287353,0.013766084862611385,0.7897588584408696,0.9956459957555562,0.03465785183615434,0.004699853608895615,0.004579334046598011,1,1,4,2,both,0.000809681844839435,0.001528963992228163,0.14662331342697144,3.1102663220407756,0,0
45,0.05759509037077159,0.013518394991437643,0.7896447798945516,0.9954977993785448,0.042755927706949574,0.004704613674414632,0.004567401310647923,1,1,4,2,both,0.000651023962537904,0.0014038527352624695,0.14972782135009766,3.1141932276266076,0,0
46,0.059276872381069184,0.013280904766151807,0.7895094411085111,0.9952982125687874,0.0494641767734587,0.004712075031809582,0.004554344431149625,1,1,4,2,both,0.000548640143017909,0.0012857681084149785,0.15250425040721893,3.1161417759862915,0,0
47,0.06113916374241663,0.013061541168575188,0.7893545377136003,0.9950519393503147,0.05477327533374844,0.004722013627472495,0.004541629583491712,1,1,4,2,both,0.000525664291591356,0.0011584977229375682,0.15287448465824127,3.1167931883099103,0,0
48,0.06313489437191803,0.012863376930799128,0.7891824128943107,0.9947654861456261,0.058697959691217744,0.004731829493666542,0.004529865562215015,1,1,4,2,both,0.0005562641055872007,0.000989681599398326,0.15103498101234436,3.1166934587107096,0,0
49,0.06521705417679309,0.012683722012288031,0.7889963271259833,0.994446436871473,0.06123999426103104,0.004721643204795067,0.004519072416508119,1,1,4,2,both,0.0006747057310960607,0.0008089229298419213,0.14727328717708588,3.116238828070565,0,0
50,0.06733484536810191,0.01251324842554782,0.7888003556336786,0.9941003146276596,0.0622879762149654,0.004712593361834074,0.0045092616834136005,1,1,4,2,both,0.0008627614735269949,0.0006426734600593181,0.1423155814409256,3.115684975423199,0,0
51,0.06943600203951054,0.01233947756499605,0.7885987579947003,0.9937340828224943,0.06179872562966558,0.004704269948900622,0.00449970249935467,1,1,4,2,both,0.0010473183354687732,0.0004358532935447733,0.13700690865516663,3.1151555043882877,0,0
52,0.07146920570447868,0.012149300087339176,0.7883964277612839,0.9933570441584867,0.05980010779318039,0.0046966878431971525,0.004490212229867018,1,1,4,2,both,0.0012362135263006525,0.00021721183180349927,0.13202467560768127,3.1146137039887187,0,0
53,0.07338138513111617,0.011931136580406213,0.7881991214256906,0.9929801375791532,0.056240571371690855,0.004690120462382898,0.00448092096053352,1,1,4,2,both,0.0014158724426475526,6.609323925551004e-05,0.1278049647808075,3.1138613912393667,0,0
54,0.07512323980388454,0.011675732928249322,0.788012626969828,0.9926147147300658,0.05123101978730499,0.00468455908267543,0.004471882612372705,1,1,4,2,both,0.0015795358590139,0.00028148168458983245,0.12357626110315323,3.1125535471607817,0,0
55,0.07665021206687576,0.011376901429549122,0.7878426300290412,0.9922726514371241,0.04491094891150669,0.0046800125009044645,0.0044634569374321365,1,1,4,2,both,0.0017183072169349692,0.0005107738672896245,0.11952091753482819,3.1102421234400373,0,0
56,0.07792651045722618,0.011031888231130502,0.7876941081009194,0.9919665944766438,0.037538187951482754,0.00467632333080362,0.00445601570082323,1,1,4,2,both,0.001846622781142004,0.0007321317202936175,0.11598804593086243,3.1064872232773344,0,0
57,0.07892931481309588,0.010641626346294607,0.7875706061513256,0.9917074891158105,0.029494245760873665,0.004673757666221832,0.004449889893470643,1,1,4,2,both,0.0019374082446132262,0.0009182906898286162,0.11499858647584915,3.101022918576377,0,0
58,0.07964715212019044,0.010211240737848458,0.7874745111182095,0.9915033490679277,0.021112861973369323,0.0046728501879673735,0.004445444298866227,1,1,4,2,both,0.0019698527656800005,0.0010374366032128756,0.11720490455627441,3.0937737937084786,0,0
59,0.08007729184336951,0.009750616832555145,0.7874073014691954,0.9913591161879233,0.012651168328796123,0.00467341691587736,0.004442724727119381,1,1,4,2,both,0.0019867421900929307,0.0010830168913772132,0.12291143834590912,3.0848454435115222,0,0
60,0.08022647760710018,0.009273553938828408,0.7873690124454445,0.9912736004291413,0.004387816580313884,0.00467509408833024,0.004442123204318669,1,1,4,2,both,0.0020158043180305363,0.0010008148505295546,0.1280263364315033,3.0746173801349586,0,0
61,0.08010874323776783,0.008796742373920776,0.7873584008049935,0.9912425198767528,-0.00346277556859855,0.004677327611741888,0.0044433848327846345,1,1,4,2,both,0.002040355554957963,0.0008535776810128129,0.13460837304592133,3.0635169104753404,0,0
62,0.07974599833283146,0.008338826688400565,0.7873732747557786,0.9912595794537392,-0.010668967792246294,0.0046797825713332,0.00444652239266536,1,1,4,2,both,0.002061351152545852,0.0006757567662352977,0.14268599450588226,3.0519753355045443,0,0
63,0.07916666199528481,0.007917026400717146,0.7874109800333129,0.9913172070891377,-0.017039304045489503,0.004681884413581527,0.0044520042649830935,1,1,4,2,both,0.002085349227973266,0.0005490241863680895,0.15161284804344177,3.040697575511691,0,0
64,0.07840977495681307,0.0075443313480913566,0.7874674980223776,0.9914069364847952,-0.022261383484462865,0.004683346700812892,0.004459958273731288,1,1,4,2,both,0.0021081498512884795,0.000620162679844941,0.16088224947452545,3.0307441574015477,0,0
65,0.07752518907554679,0.007227034458663704,0.7875380367139188,0.9915212595570545,-0.026017231801949686,0.004684210659975749,0.004469612289220808,1,1,4,2,both,0.0021318247785315843,0.0008947056674623515,0.16904452443122864,3.0232530817329444,0,0
66,0.07657031213326032,0.006968456085537362,0.7876164164226641,0.9916502743657838,-0.028084615949601894,0.004685276584501234,0.004480400844281605,1,1,4,2,both,0.0020776906234602926,0.0012574054460289248,0.174667626619339,3.0191045814748665,0,0
67,0.07560397533363357,0.006771381463428689,0.7876956474930252,0.9917800213053444,-0.028421670577257408,0.004687179281727974,0.004492081236527404,1,1,4,2,both,0.001970254958008057,0.0016621269561005233,0.17793026566505432,3.0186183589712914,0,0
68,0.07468053366682141,0.006637009115186308,0.7877692911425561,0.9918955466341549,-0.027160049023887002,0.004690141166584342,0.00450365887044208,1,1,4,2,both,0.0018433337563461946,0.0020193120698705157,0.17960050702095032,3.0215254925672324,0,0
69,0.07384624486322783,0.006566662453733136,0.7878318675372714,0.9919832858222175,-0.024537905988046557,0.004693619287172868,0.004514226713176434,1,1,4,2,both,0.0017338846806778723,0.002290649049846847,0.1800759732723236,3.0271657241689423,0,0
70,0.07313844756777434,0.006563500705985258,0.7878818677728573,0.9920330138312773,-0.02081756751333797,0.004697329118540372,0.004525795575812078,1,1,4,3,both,0.001681468736005857,0.002479910945299256,0.1794283390045166,3.03474364127018,0,0
71,0.07258639987812403,0.006639666534301369,0.7879195856503811,0.9920416179374867,-0.016236696754420854,0.00469936600211273,0.004541604757193639,1,1,4,3,both,0.001670773725292418,0.002410796177619499,0.17807833850383759,3.0435023520763975,0,0
72,0.0722144120512325,0.006788944483787642,0.7879379525348752,0.9920102217233491,-0.010940818437986223,0.004699762472940645,0.004552037368220577,1,1,4,3,both,0.0015955686867486964,0.0023665548850274973,0.17627005279064178,3.0528862790746905,0,0
73,0.07203981353130008,0.0069927821500129494,0.7879367480311594,0.9919404875023372,-0.005135250586247488,0.00469991995444136,0.004559428774314311,1,1,4,3,both,0.0015502466138877305,0.002411627641732243,0.17314937710762024,3.0622761184532754,0,0
74,0.07207824132803314,0.007232414337135004,0.7879179811513858,0.9918326839617613,0.0011302293156782962,0.004700552283927895,0.004565238861203896,1,1,4,4,both,0.0015196645618603523,0.0023820945360773847,0.16924211382865906,3.0713456276692956,0,0
75,0.07234230629611481,0.0074838262444793914,0.7878740897056269,0.9916875344505997,0.007766616708284258,0.004699447184073325,0.004570475491121561,1,1,4,4,both,0.001478522780886344,0.0024317133318098464,0.16595493257045746,3.0798545708900016,0,0
76,0.07283756335008973,0.007722301652456818,0.7878080851525913,0.9915055015108915,0.014566383940438844,0.004697507325620725,0.004575489165412398,1,1,4,4,both,0.0015312161589242966,0.0024126884280230654,0.1647409349679947,3.0874429421501968,0,0
77,0.07355540455758755,0.007927155062241285,0.7877194003015812,0.9912828159053857,0.02111297669111239,0.004693484638045028,0.004579889755880282,1,1,4,4,both,0.0015945424779290397,0.0024050832045065195,0.16638632118701935,3.0936275260644326,0,0
78,0.07446963996074502,0.008086151847454124,0.7876109816294702,0.991016561597052,0.026889276563454852,0.0046862346166240895,0.004582660820056851,1,1,4,4,both,0.0017344642880652908,0.0023722798674324433,0.16957873106002808,3.0981138451378927,0,0
79,0.07554110155715338,0.008199386816474715,0.7874870005418673,0.9907090517481139,0.03151357636495185,0.004675224860880865,0.004582247914901159,1,1,4,4,both,0.0019368171152963078,0.002329996024512412,0.17381763458251953,3.1009635603268557,0,0
80,0.07672131007233783,0.00827014973158255,0.7873511211160862,0.9903710613055343,0.0347120151524839,0.0046603854674429485,0.004578405684067442,1,1,4,3,both,0.0021688432381437093,0.002288316448108367,0.17818540334701538,3.10241808960279,0,0
81,0.0779552710706463,0.008296184060467289,0.7872113034016053,0.9900156551023512,0.036292970538484404,0.004644542162512668,0.004573992491318259,1,1,4,3,both,0.0024373078813000226,0.002256832496759978,0.18304158747196198,3.1027150726157435,0,0
82,0.07918588648045767,0.008281459345357902,0.7870780184980979,0.9896574087929157,0.03619457087680499,0.004627918019255446,0.004566086896908312,1,1,4,3,both,0.0027214925774282817,0.001957628862644449,0.18794947862625122,3.102034851413543,0,0
83,0.0803515822415534,0.008239870575297736,0.786954893863441,0.9893051957195657,0.034285169443991834,0.0046116775558217304,0.00455642202444766,1,1,4,3,both,0.0028893162113841817,0.0016439905618916301,0.19147644937038422,3.1003035739942053,0,0
84,0.08140825596804138,0.00818740619672154,0.7868454244605669,0.9889742270044811,0.03107863901435261,0.004596503538826919,0.00454725799424217,1,1,4,3,both,0.003028733109274769,0.0014527865244221452,0.1933003067970276,3.097657751680899,0,0
85,0.08232338739075075,0.008138014352005,0.7867541269261331,0.9886869670298967,0.026915630079687267,0.00458228155141371,0.00453930678295273,1,1,4,3,both,0.0031380922628067363,0.0011319847546467422,0.1936291754245758,3.0941021669131468,0,0
86,0.083070148034863,0.008105243780611636,0.7866782441546198,0.9884539875695607,0.021963548356242608,0.004572524782596513,0.0045334395987366854,1,1,4,3,both,0.0035014235312411522,0.0009644843594761917,0.19228830933570862,3.0895192978297255,0,0
87,0.08363110016015603,0.008081435127032332,0.7866272020051978,0.9882764832852552,0.016498591920383218,0.004565190195088831,0.00453258278248889,1,1,3,3,both,0.0034807544075551953,0.0008359299670806214,0.1892252415418625,3.0839292372427725,0,0
88,0.0839953866227296,0.008051660062120701,0.7865989570192635,0.9881535272505176,0.010714307722752003,0.00455806432250035,0.004531845052325064,1,1,3,3,both,0.003334361031033685,0.0007365786727631673,0.1846592128276825,3.0773647000591065,0,0
89,0.08415921546703967,0.007991438451933619,0.7865935946713851,0.9880845481378396,0.004818495420884443,0.004551419729293474,0.004532047332709031,1,1,3,3,both,0.0030265552352253815,0.0007071380904346862,0.1795334368944168,3.0699746492998288,0,0
90,0.08412776414861634,0.00787157907427312,0.786610429906601,0.9880703795262749,-0.0009250387771567985,0.004545780566196218,0.004534134737125103,1,1,3,3,both,0.002677829701646032,0.0008409800324934226,0.1774354875087738,3.0621123461782345,0,0
91,0.08391442784419469,0.0076696256566676085,0.7866502194473326,0.988110815645593,-0.0062745971888720315,0.004540482245400275,0.004539234161838799,1,1,3,3,both,0.002287881790518325,0.0014860719335195178,0.17496061325073242,3.054146978655015,0,0
92,0.08353670801883939,0.007381843237038057,0.7867140030664893,0.9882055383225073,-0.011109406628096957,0.004535387806361375,0.004547896400736575,1,1,3,3,both,0.002059558471844484,0.0025156944545254275,0.17121556401252747,3.046423691441294,0,0
93,0.08300507829824177,0.007010104883526764,0.7867823966331792,0.9883454655576781,-0.01563616825287103,0.004528201473003011,0.0045572871254439505,1,1,3,3,both,0.0015687615281268445,0.00567445319447726,0.16531221568584442,3.038758120773609,0,0
94,0.08233542408799557,0.0065661259388575775,0.7868720126926028,0.9885325467157103,-0.019695712066064738,0.004525955627456307,0.004572004353901142,1,1,3,3,both,0.0011509421636023618,0.00547618532360632,0.16323086619377136,3.0315260607978685,0,0
95,0.08155393034478224,0.006058357856707704,0.7869760155911324,0.9887777678234212,-0.02298511009450977,0.004522294899478963,0.004584921922905459,1,1,3,3,both,0.0008141885613187495,0.0060491689089856825,0.16550105810165405,3.0255076224056117,0,0
96,0.08068412453056195,0.005501635282235923,0.7870933157184558,0.9890740309839016,-0.02558252394765558,0.004520542818491128,0.004601134087596933,1,1,3,3,both,0.0008169014630910702,0.006208929137718176,0.16658422350883484,3.0207722312226153,0,0
97,0.07973625050215624,0.004909095564082317,0.787219130441827,0.9894048002971919,-0.027878647894285576,0.004520740832063462,0.004618893011048578,1,1,3,3,both,0.0008775957818457119,0.006483937090258469,0.16730210185050964,3.016582077806841,0,0
98,0.07871658420821087,0.0042970983072320905,0.7873550671498415,0.9897574504907694,-0.029990185116040305,0.004520310772993415,0.0046379008363296136,1,1,2,3,both,0.0011668047146125883,0.006150130623512681,0.16904118657112122,3.0126962535458994,0,0
99,0.07762691725635221,0.0036727247401551243,0.7874973909234224,0.99012347086602,-0.03204902799584307,0.0045202984719852485,0.004656176193571771,1,1,2,3,both,0.0012795098896247734,0.005935689572117628,0.17211872339248657,3.008829375712007,0,0
100,0.07646753905722466,0.0030384665211652777,0.7876497835750367,0.9904990883625494,-0.03409935879786913,0.004520112826431125,0.004674870116017766,1,1,2,3,both,0.0013201466977749213,0.004598652296475568,0.17605222761631012,3.00488995851963,0,0
101,0.07523982744409967,0.002394066693026478,0.7878055955102247,0.9908815893468579,-0.0361091650919114,0.004517481793598958,0.004680956055647667,1,1,2,4,both,0.001346789256595056,0.0033610645304306516,0.1807757467031479,3.0009662243124233,0,0
102,0.07395248458626887,0.0017416309745287126,0.7879630894777037,0.9912683968546424,-0.03786302523031774,0.004513232290867961,0.004685745790503439,1,1,2,4,both,0.0014428046428969902,0.002188695866421307,0.18308421969413757,2.9975845173124687,0,0
103,0.07262107393368053,0.0010783855743489378,0.7881184975769285,0.9916550259145755,-0.0391591368408334,0.004510964945433786,0.0046911337034591626,1,1,2,4,both,0.001604045585440246,0.0015634231432462694,0.18435238301753998,2.995256444046324,0,0
104,0.07126826489658517,0.0004081976628493175,0.7882718990416675,0.9920328114929721,-0.039788501091040145,0.004511851259013589,0.004697122432490736,1,1,2,4,both,0.0017999223729646039,0.0012155954343103389,0.18354009091854095,2.9945082473647973,0,0
105,0.06991935769193705,-0.0002553416426933958,0.7884195798766331,0.9923915806001291,-0.03967374131317983,0.004513446630250061,0.0047023655165038085,1,1,2,4,both,0.0019020521315062354,0.0009806976779306819,0.18115529417991638,2.9954239646504943,0,0
106,0.06859557816858317,-0.000887012252026758,0.7885579795631406,0.9927226804096679,-0.03893469186334956,0.00451455416330248,0.004707454893208278,1,1,2,4,both,0.001898203961874812,0.0008125411087427078,0.17771722376346588,2.9976395604759762,0,0
107,0.06731560479480692,-0.0014558974480703435,0.7886846587786289,0.9930192456452533,-0.037646275699301464,0.0045149788087305125,0.00471294771650467,1,1,2,4,both,0.0018108598082739557,0.0007738845258798651,0.17384929955005646,3.001106008359865,0,0
108,0.06610291413862525,-0.001931122011833042,0.7887972897646923,0.9932789424715955,-0.03566737224063726,0.004514029425835519,0.004719367178825675,1,1,2,4,both,0.0017104626900484585,0.0009400145681634344,0.16874520480632782,3.0061050366952697,0,0
109,0.06499555381387248,-0.002285664535583748,0.7888925853604365,0.993505916824333,-0.03256942131625788,0.004512742217783625,0.004726898913523674,1,1,2,4,both,0.0016817491068621955,0.001278560988554679,0.16278502345085144,3.0135184352599795,0,0
110,0.06404610273659497,-0.002508195354651472,0.7889655003762124,0.9937035142696602,-0.02792503168463258,0.004513842177280042,0.0047359144353346545,1,1,2,4,both,0.001647815140927238,0.0016708138080893692,0.15893180668354034,3.024002502580224,0,0
111,0.06331392619785581,-0.0026059617576747497,0.7890123583803604,0.9938701166664433,-0.021534604080563687,0.0045180710106588785,0.004747543851937021,1,1,2,4,both,0.001587697265027817,0.0020948694230049116,0.15668195486068726,3.0374273913725895,0,0
112,0.06285655505656358,-0.002591696472368725,0.7890325651362567,0.9940011755519682,-0.013452092390947823,0.004524403099840833,0.0047541748818416725,1,1,2,4,both,0.0016383340828938324,0.0025366708480946587,0.15666842460632324,3.0528329019845257,0,0
113,0.06271874188960724,-0.002466845120356379,0.7890257337082539,0.9940904976779075,-0.004053328439892299,0.004530400408949566,0.004747177051548715,1,1,2,4,both,0.001763300971108747,0.002927696920675307,0.1593305915594101,3.0685211147206877,0,0
114,0.06291990962231858,-0.002231971375692608,0.7889907096297046,0.9941293163289625,0.005916698020921709,0.004532079086438896,0.004743765345707543,1,1,2,4,both,0.0020140834434787917,0.0032714448928301645,0.16446852684020996,3.082561185445572,0,0
115,0.0634461841318727,-0.0018940532457193723,0.7889294629050243,0.9941108902865943,0.015478662045709244,0.004527969366105781,0.004746753054752299,1,1,2,4,both,0.0024181732554399743,0.0034961041908946615,0.17117740213871002,3.093774914842472,0,0
116,0.06425170978689523,-0.0014608209929095116,0.7888447897152947,0.9940315291266486,0.023691931030074633,0.00452067642959568,0.004758034813368187,1,1,2,4,both,0.0028155064854461466,0.0035955645226376123,0.1777408868074417,3.1016137425415455,0,0
117,0.06526578904033721,-0.0009432407086664182,0.7887456298244916,0.9938878191836167,0.029825860395352257,0.004519334855792208,0.004763348590033141,1,1,3,4,both,0.0031320165957981518,0.0034582326965406853,0.18436600267887115,3.1062965492056596,0,0
118,0.06641560119438446,-0.0003860441074345093,0.7886402197575018,0.9936934272665189,0.03381800453080139,0.004531357533944971,0.004763263118005911,1,1,3,4,both,0.0031943952004310065,0.0030667001669904036,0.19131754338741302,3.1087019221742955,0,0
119,0.06763769271695624,0.00017712924599063912,0.7885266652928483,0.9934689001162925,0.03594386831093488,0.004543189187450166,0.004743080099211695,1,1,3,4,both,0.0033843823219591195,0.0027402905925291033,0.19801755249500275,3.10956649674446,0,0
120,0.06887518083626618,0.0007330572318842947,0.7884106259941505,0.9932291025541025,0.03639670939146858,0.004554522216208584,0.004705103781057162,1,1,3,4,both,0.0034661580698514194,0.0025541582742565337,0.20301678776741028,3.109248141724959,0,0
121,0.07008546064082258,0.001276652138611152,0.7882992069664996,0.992991192966599,0.03559646483989418,0.0045659134164746235,0.004669339353754735,1,1,4,4,both,0.003304305518714908,0.0022622189041677154,0.20613856613636017,3.1082360778658678,0,0
122,0.07124169552107008,0.0017929561233844596,0.7881931846843394,0.9927669414623722,0.0340069082425737,0.004574937592285479,0.00463801749057496,1,1,4,4,both,0.0028659201310486135,0.00217221993758602,0.20778973400592804,3.1067723118144595,0,0
123,0.07232995974620726,0.0022675981626440584,0.7880878678053479,0.9925585848520976,0.032007771327564064,0.004587156060140332,0.004614756322051789,1,1,4,4,both,0.0025129732047852646,0.002322210408983849,0.207972913980484,3.105033740669994,0,0
124,0.07334988081366826,0.0026845832622824774,0.7879861640440874,0.9923606993117577,0.029997678454735353,0.0046009693151209015,0.004600049860980407,1,1,4,4,both,0.0022035033702010997,0.002508591867339673,0.2067686766386032,3.1032450177900914,0,0
125,0.07431394682835588,0.0030225598843392795,0.7878831212689767,0.9921652129724695,0.028354882784929755,0.004613016801694889,0.004591075202053492,1,1,4,3,both,0.0018962660618831537,0.0029130082044639422,0.2050473690032959,3.101670143875034,0,0
126,0.07524295596831851,0.0032602341347290234,0.7877830378186421,0.9919651294848808,0.027323798234195094,0.004625511258840951,0.004585429450302211,1,1,4,3,both,0.00153475070939593,0.0029275685748974176,0.2031395435333252,3.100535232913813,0,0
127,0.07616019155547675,0.0034023767537551056,0.7876847472102648,0.9917574908496852,0.02697751726936003,0.004635440604540037,0.004578506395005413,1,1,4,3,both,0.0011678226641895337,0.002527225052689603,0.20121155679225922,3.0999275444830214,0,0
128,0.07708807925466934,0.003474395374532785,0.7875844611960865,0.9915404049213714,0.027290814682135144,0.0046437385368737726,0.004572182204906867,1,1,4,3,both,0.0008056024561511066,0.0022395828107518935,0.19916966557502747,3.0998372197811106,0,0
129,0.07804469824829147,0.00350236257509693,0.7874783972755951,0.9912935076715674,0.028135852753591806,0.004652443849631559,0.004570353925813831,1,1,4,3,both,0.00033571785352063,0.002020453473474888,0.19627360999584198,3.1001232069506193,0,0
130,0.0790533158704977,0.0034986611519296066,0.7873645706922917,0.9910105685487333,0.029665224182536302,0.004659364214283604,0.0045692165428256465,1,1,4,3,both,0.00038897130014712954,0.0016178627749240762,0.19185596704483032,3.1008587088242465,0,0
131,0.080137357405011,0.0034662685607616058,0.787241511334225,0.9906998525237647,0.031883574544508894,0.00466329989296221,0.004566074185366056,1,1,4,3,both,0.0007686781261920892,0.0012198323426452899,0.18919190764427185,3.101926294257383,0,0
132,0.08132451871334836,0.003403810612959859,0.7871070985059464,0.9903798753928299,0.03491650906874593,0.004664509066535923,0.004561415358048465,1,1,4,3,both,0.0011328135378160366,0.0012940517776589275,0.19063623249530792,3.103303269102675,0,0
133,0.08264091724603984,0.003309428331516693,0.7869601607104373,0.9900689021333884,0.03871760390269031,0.0046635671774751634,0.004556624736876756,1,1,4,3,both,0.0014680482243997022,0.0017659253741751726,0.1976931393146515,3.1048255015219413,0,0
134,0.08408782600400537,0.00318297775811758,0.7868001744956912,0.9897633676622545,0.042556139940162774,0.004661459162972788,0.004555042156702032,1,1,4,3,both,0.0018626881097025807,0.001962493589076397,0.204806849360466,3.1060434332729523,0,0
135,0.08563088436252297,0.003029385309921736,0.7866291892423628,0.9894498377793098,0.04538406936816483,0.004656256915776903,0.004556290324373373,1,1,4,3,both,0.0020224631548873746,0.0020623762698583036,0.21181438863277435,3.106543237288169,0,0
136,0.08721321911154219,0.002856097953350357,0.7864530241386848,0.9891167647050385,0.04653925732409448,0.0046448793997325225,0.004557528383242335,1,1,4,3,both,0.0019815201969540855,0.002306593204500538,0.2207312136888504,3.1062884342760073,0,0
137,0.0887709988863438,0.0026664736904491748,0.7862804018523104,0.9887735524763684,0.04581705220004726,0.004625434480660714,0.004558203300714436,1,1,4,3,both,0.0018128188711214583,0.002576981866542777,0.23104234039783478,3.1053644202952997,0,0
138,0.09024252029421047,0.0024647525804035154,0.7861190802168677,0.9884352892223582,0.04328004140784336,0.00460041708847796,0.004559043209892529,1,1,4,3,both,0.001820422035051914,0.0027982914096315406,0.2398189902305603,3.1037666845034333,0,0
139,0.09161193072962183,0.002257633472659415,0.7859805394711186,0.9881086001712169,0.040276777512098856,0.0045820787768084195,0.004559532599442879,1,1,4,3,both,0.002302054252265792,0.0036097908637348786,0.2073674201965332,3.1024215812857574,0,0
140,0.09283902816188014,0.002061038094502722,0.7858306244435522,0.9878049497995345,0.03609110094877379,0.004567145465044897,0.004547307999115634,1,1,4,3,both,0.0031881596342733408,0.005818582051766056,0.21632473170757294,3.0995971684235255,0,0
141,0.09389216938292265,0.0018947309126223038,0.7857095072139579,0.9875499632552234,0.030974741795367973,0.00456307225340085,0.004546399328383487,1,1,3,2,both,0.004399862887220414,0.00650722588804066,0.22299592196941376,3.095864863650331,0,0
142,0.09472740918175271,0.00174809149599174,0.7856275609911392,0.9873537792913463,0.02456587643617821,0.004548165732456151,0.004549714215254418,1,1,3,3,both,0.00572497847218518,0.007484643141034166,0.23214374482631683,3.090481372550928,0,0
143,0.09530510879169517,0.001601621066698149,0.7855878530902638,0.9872235980962817,0.016991164998307606,0.004524775799686319,0.004554260169108083,1,1,3,3,both,0.006679972453320028,0.0066997652138882325,0.24033235013484955,3.083063049504502,0,0
144,0.09560613775646598,0.00143215438310835,0.7855934972885991,0.9871953423306179,0.008853793081494518,0.00449900690045019,0.004559798006041338,1,1,3,3,both,0.007429475352763588,0.005648675024339726,0.24639108777046204,3.0738202594775736,0,0
145,0.09561797906607447,0.0012137256602835727,0.7856363728682924,0.9872630334249225,0.0003482738120144167,0.004478296360033988,0.004568509521956372,1,1,3,3,both,0.00778075762195928,0.004374781651743476,0.25057893991470337,3.0627421908533012,0,0
146,0.09531368895145735,0.0009427165816632069,0.7856794052426848,0.9874061752073227,-0.008949709253444708,0.0044555191539584,0.00457597802262644,1,1,2,3,both,0.010569939163135127,0.002606962255922629,0.2524368166923523,3.04874734396124,0,0
147,0.09467259317941965,0.000631198054477632,0.7857874926958505,0.9876112708343707,-0.018855758001108995,0.00444773870962464,0.00460029161920511,1,1,2,3,both,0.010246523956708819,0.0019947342599144343,0.2527080178260803,3.031464761357106,0,0
148,0.09371205469228064,0.00025067558421277674,0.7859714197872032,0.9878735125528337,-0.02825113197467666,0.004439318468547955,0.004619644707453938,1,1,2,3,both,0.007910990087900156,0.001794043478741458,0.25180408358573914,3.012964604709531,0,0
149,0.09247117134145151,-0.00024600156651335227,0.7862202184333198,0.9881840381859465,-0.03649656914203317,0.004429892574731559,0.004638595258160898,1,1,2,4,both,0.00548482529012004,0.0011001166569267876,0.24806247651576996,2.9951300403732315,0,0
150,0.0910092503365377,-0.0008817104566066338,0.7865211035195228,0.9885297160191321,-0.042997676615112064,0.004418636139994894,0.004659741798039435,1,1,2,4,both,0.0033013814681061306,0.0002831827008733679,0.24147053062915802,2.9801010957703724,0,0
151,0.08941868693009448,-0.001648075609042949,0.7868328363532199,0.9889020772076239,-0.04678127666009457,0.004405898883936395,0.00468515194821453,1,1,2,4,both,0.0022712702296511606,0.0009683980818192862,0.23499178886413574,2.9711854536231397,0,0
152,0.08781417405872959,-0.0024943838250984364,0.7871235172529166,0.9892885404280838,-0.04719155504014409,0.004398590631812173,0.004716736895434774,1,1,2,4,both,0.003178654304189101,0.0019474923052978678,0.22904320061206818,2.9707164338534557,0,0
153,0.08631789684860584,-0.003335654807664284,0.7873712886027474,0.9896708894869556,-0.04400815323893359,0.0043972817733201955,0.004741110112075599,1,1,2,4,both,0.004606944721031384,0.0029375142932806177,0.22344811260700226,2.979318003292554,0,0
154,0.085041539890555,-0.0040847216624359615,0.7875555981870842,0.9900243835277812,-0.037539910530907036,0.004400958798138323,0.004711615570994806,1,1,2,4,both,0.0056164410976171815,0.003890484561808342,0.21890659630298615,2.995507579084045,0,0
155,0.08407044044914239,-0.004680500343921471,0.7876792351394633,0.9903243022342649,-0.0285617482768417,0.004410233092540544,0.004692317192227697,1,1,2,4,both,0.00629212431210707,0.00460011579490897,0.21665345132350922,3.0161548610203,0,0
156,0.08345749132178604,-0.005101035875895716,0.7877540482457489,0.9905488092824474,-0.018027915510480857,0.004416667630245216,0.004684967601716765,1,1,2,4,both,0.006925952427639198,0.00521167759542591,0.2173876017332077,3.0377480558341916,0,0
157,0.08320695379501504,-0.005364976222912301,0.7878087448413684,0.9906841856358496,-0.007368750787382262,0.004422849957917661,0.004689773336643728,1,1,2,4,both,0.007973519430809121,0.00570788970746711,0.21869176626205444,3.0566229620536203,0,0
158,0.08327226598245993,-0.0055050302112977035,0.7878471307341697,0.9907288598263123,0.0019209466895556135,0.004427478118882451,0.004690746642362527,1,1,2,4,both,0.00850164563616883,0.00552990763007419,0.22047267854213715,3.070527277233223,0,0
159,0.08359530781135747,-0.005563317592997704,0.7878644193333155,0.990699075357745,0.00950123026169247,0.004430984927068601,0.00470117787596893,1,1,2,4,both,0.008238547696568543,0.004715181866748789,0.22305741906166077,3.080222652549046,0,0
160,0.08409854778326215,-0.005571827600845868,0.7878700399081753,0.9906141755550588,0.01480117564425501,0.004440090686823758,0.0047113515353663545,1,1,2,4,both,0.007332321023552243,0.00415594546771227,0.22516049444675446,3.0861078835815117,0,0
161,0.08469222169246506,-0.005543369343225368,0.7878735880216915,0.9904917929705752,0.01746099732949736,0.004454449331777403,0.004727825324750544,1,1,2,4,both,0.006465876471708262,0.003985860924223078,0.22666528820991516,3.0886755340849756,0,0
162,0.08529849193096024,-0.005472605866380467,0.7878813311836491,0.9903786972571099,0.017831477602799642,0.004467459146376751,0.0047478547187649565,1,1,2,4,both,0.0059899019129195825,0.0035651201336121437,0.22713826596736908,3.088858978662082,0,0
163,0.08584440492219343,-0.0053477560841892055,0.7878890223034397,0.9902929867156789,0.01605626444803495,0.004481858520445699,0.004706137934579566,1,1,2,4,both,0.005715875026754151,0.0034844018928732214,0.22570249438285828,3.08691285923353,0,0
164,0.08627452902352829,-0.005160940427859136,0.7878859303271115,0.9902390582717028,0.012650708862790032,0.004498350702324565,0.004666723377527944,1,1,2,4,both,0.005265942324823014,0.0036121375395940973,0.22253741323947906,3.0831649156212686,0,0
165,0.08653903773106392,-0.00490133110063084,0.7878641808927861,0.9902111321275177,0.0077796678686948215,0.00451654563640367,0.004636524873698311,1,1,2,4,both,0.004604033794084376,0.003796444861943446,0.21781666576862335,3.07742835527328,0,0
166,0.08660212035750432,-0.00454944478195559,0.7878210299168713,0.9902017218271815,0.00185537136589428,0.004536879518572123,0.004612407093603454,1,1,2,4,both,0.003946528667177259,0.003793938801175454,0.2118869423866272,3.069774373871668,0,0
167,0.08644698389596811,-0.004072338767544552,0.7877674384020088,0.9902110096495208,-0.00456283710400624,0.004561617917068099,0.004591516425070139,1,1,2,4,both,0.003641846722598396,0.0035445308859930386,0.2058560997247696,3.0605865893204047,0,0
168,0.08606161646925403,-0.003454761032848456,0.7877036276539875,0.9902425567226754,-0.011334336079825832,0.004586946434297405,0.004570691955709985,1,1,2,4,both,0.0037685399252957263,0.0032780571222194334,0.1997782438993454,3.0497503115840234,0,0
169,0.08543948453406833,-0.002694461314583146,0.7876251771525122,0.99030097731797,-0.018297998093697195,0.004613431121167008,0.004550229650388215,1,1,2,4,both,0.004298128680905168,0.0029755070567740304,0.19356434047222137,3.0374263928460947,0,0
170,0.0845877552894,-0.0017898003848989133,0.7875334307166806,0.9903946693185729,-0.02505086013730361,0.004643496947198379,0.004531246021864537,1,1,2,4,both,0.005177598834671159,0.0025600103791270225,0.18740855157375336,3.0244020177837174,0,0
171,0.0835121558213042,-0.0007343184530852015,0.7874321512572292,0.9905256800193378,-0.031635278473406137,0.004664187848326767,0.004513703024923162,1,1,2,3,both,0.006268200534401475,0.0021499426595678246,0.1811923235654831,3.0107358911627755,0,0
172,0.08222075420830441,0.0004765985984065215,0.7873230849291406,0.9907034258961992,-0.03798240038234669,0.004638075500364977,0.004494407892568671,1,1,2,3,both,0.0073205395093595416,0.0017045848003277686,0.17572593688964844,2.9965307432828125,0,0
173,0.0807537732785013,0.0018027556844504922,0.7873164606049697,0.9909242376868425,-0.04314649793538536,0.004644375181935428,0.0044995581094106375,1,1,4,3,both,0.007322190628699611,0.0007218861926881791,0.17192453145980835,2.9841452096355003,0,0
174,0.07924727201020026,0.002971907563724824,0.7875360078274126,0.9912188259056108,-0.04430886083238357,0.0046442838278991615,0.0044807640403755206,1,1,4,2,both,0.004532319174209611,0.003209311537209471,0.1736011952161789,2.981502364951983,0,0
175,0.07781033490092935,0.0037905100217210464,0.787729522458213,0.9915641678797156,-0.04226285615502679,0.004615151355600373,0.004452162163763346,1,1,4,2,both,0.004920830050469497,0.0034312089291273083,0.1778581738471985,2.9869387693277023,0,0
176,0.07648874508692186,0.004227792409174181,0.7878875418367712,0.9919246572735436,-0.03887028864727936,0.0046201411886476924,0.004452724816701444,1,1,4,2,both,0.006247746330181721,0.003572052620140418,0.18229064345359802,2.9956181835325277,0,0
177,0.07527369662712034,0.004355102569379749,0.7880182428734863,0.9922699304819959,-0.03573671940592684,0.0046446883760284975,0.004453166881704041,1,1,4,2,both,0.007359334424645558,0.0037003981797897245,0.18712203204631805,3.003469948257272,0,0
178,0.07414223270922335,0.004211198642329875,0.7881355293452894,0.9925937698464466,-0.033278350526382165,0.004650774860215777,0.0044517894121213625,1,1,4,2,both,0.007556963134736456,0.0038820546013064367,0.19299434125423431,3.009577949225204,0,0
179,0.07305261600850183,0.0038317948617979936,0.7882455822591037,0.9928950336533586,-0.0320475500212213,0.004661595825740241,0.0044498667551153386,1,1,4,2,both,0.007292878195122667,0.003976787781340324,0.1998284012079239,3.012815637548308,0,0
180,0.07194413455859583,0.003263369762407234,0.7883529005795552,0.9931867867715733,-0.03260239558547046,0.004665868033368489,0.004451899137406491,1,1,4,2,both,0.006008457903432189,0.004001852592444591,0.2063901424407959,3.0120646575571968,0,0
181,0.0707649479856796,0.0025416070001701503,0.7884650897094462,0.993485803778356,-0.03468195802694785,0.004660262713904198,0.004459150294348922,1,1,4,2,both,0.0046943787813149606,0.0038497056161594452,0.21178176999092102,3.007891840599184,0,0
182,0.06947252189937471,0.0017020711507631763,0.7885834995728436,0.9937989894096139,-0.03801253195014391,0.004657065515459861,0.004469625389427464,1,1,4,2,both,0.00429784277551213,0.003566261434162817,0.21501344442367554,3.000754404975602,0,0
183,0.06803280783921413,0.0007882521450875448,0.7887091598905015,0.9941224801049956,-0.042344531181193516,0.004664563977052106,0.004483458728996477,1,1,4,2,both,0.004102386872069329,0.003176770999207167,0.21595947444438934,2.990991661122269,0,0
184,0.06642872225744319,-0.00014967202581622473,0.7888407229919485,0.9944532491278416,-0.04717898769914535,0.004679774646880391,0.004497963765727298,1,1,4,2,both,0.003666044671519811,0.0025804844471548436,0.21679574251174927,2.979536466038294,0,0
185,0.06464798202941023,-0.00106041288806494,0.7889794799489253,0.9947875239745207,-0.0523747125892046,0.004699174130630052,0.004513526342084261,1,1,4,2,both,0.0031797985573443445,0.002061306769151582,0.21627868711948395,2.966360881313879,0,0
186,0.06268607443974587,-0.0018946116283334435,0.7891290305264871,0.9951147533997584,-0.057703164401892874,0.004677843076536934,0.004533966189391121,1,1,3,2,both,0.0028987014202260194,0.0014587021946464208,0.2143959105014801,2.952315580069002,0,0
187,0.06055524194952337,-0.002604446942387397,0.7892903563378574,0.9954288984628538,-0.06267154383007355,0.004639046611181759,0.004559860810991724,1,1,3,3,both,0.001934020899974981,0.0008167047409385794,0.21113301813602448,2.9388062073961456,0,0
188,0.058307675460782554,-0.0031494255630601905,0.7894773265173555,0.995730941914156,-0.06610489672767111,0.004608975188203239,0.004561323670611978,1,1,2,3,both,0.00168454271177289,0.0007667117767705225,0.20577731728553772,2.9294012877080373,0,0
189,0.05604045005322802,-0.0035157420623891655,0.789636930489701,0.9960263363252067,-0.06668310022219225,0.00458235166523914,0.004533482907907494,1,1,3,3,both,0.005355644038192146,0.0012808959021508208,0.2015562653541565,2.92821262965256,0,0
190,0.05388400481841152,-0.0037279757017043506,0.7897937637674017,0.9963137202296055,-0.06342485984754409,0.004570868709839811,0.004505942389986122,1,1,3,3,both,0.0029851157763848136,0.0019608729927671855,0.19771866500377655,2.93813807238146,0,0
191,0.0519866355179695,-0.003789723913350721,0.7899155988256488,0.9965826485354151,-0.05580497942476533,0.0045672991201504524,0.004477146125013591,1,1,3,3,both,0.0029235480486686075,0.0030006388681889607,0.19438982009887695,2.959906272569331,0,0
192,0.050486134359459055,-0.00371449699867068,0.7900058368871526,0.9968193824050996,-0.044132387015013,0.0045738389240863805,0.004456782326306554,1,1,3,3,both,0.0032250557205168516,0.004463534440776223,0.1921851634979248,2.9908312547335787,0,0
193,0.04946936435024504,-0.0035111213764037917,0.7900746368097221,0.9970055322828854,-0.02990500027100034,0.004586372088793315,0.004447546664072998,1,1,3,3,both,0.004063504400600319,0.0077515475457308036,0.19130879640579224,3.0244827016239433,0,0
194,0.04897241696555746,-0.003222293525019939,0.7900910744109867,0.9971348918712217,-0.01461609954963485,0.00459227438868242,0.0044417416134040835,1,1,3,2,both,0.005372698096913977,0.01227283170968055,0.19233094155788422,3.0552413446494073,0,0
195,0.04899915720343292,-0.0029098268392729523,0.7900834595016658,0.9971965680695498,0.0007864775845723443,0.004591877897396776,0.004448914367753125,1,1,3,3,both,0.008392189359315242,0.014729987444157945,0.1947103887796402,3.080077313663443,0,0
196,0.04947040666685837,-0.0026466352605696635,0.7900543500192856,0.9971878196427214,0.013860278336042668,0.004581734731300118,0.004463157117826948,1,1,3,3,both,0.01062132935241092,0.012852086086215301,0.19784978032112122,3.096478716407888,0,0
197,0.05027873826563433,-0.0024976468326876017,0.7899977482333276,0.9971211801187735,0.023774458787528287,0.00456776581093472,0.00448450936667933,1,1,3,3,both,0.011507610728571616,0.009480366740237027,0.20033730566501617,3.106162247681273,0,0
198,0.05129054363566321,-0.002451545470939946,0.7899334160309088,0.9970136837898992,0.02975898147143765,0.004550725923110729,0.004507525111916818,1,1,3,3,both,0.011894954892375798,0.005282496395437722,0.2024228870868683,3.1107406949390937,0,0
199,0.052383161621310015,-0.0025107156806351183,0.7898557545287546,0.9968874917885001,0.032135823107258946,0.004538675094804403,0.0045426453139518555,1,1,3,3,both,0.011040368860278017,0.003258106010117472,0.20360369980335236,3.1121419366707275,0,0
200,0.053455227332789665,-0.0026346116469202294,0.7897696308082445,0.9967737955167518,0.03153134445528382,0.004526096018951275,0.004584619460174605,1,1,3,3,both,0.01202225441131507,0.0022863307341289777,0.20362494885921478,3.111492268292488,0,0
201,0.05441379866728631,-0.0027813983276188683,0.7897093408640584,0.9966884831356493,0.02819327454401894,0.004522184230448152,0.004622115592869472,1,1,3,4,both,0.009761371883208012,0.0018472466533439138,0.2018500119447708,3.1089058588280385,0,0
202,0.05518635058262821,-0.0028840814059268656,0.7896618864702283,0.9966331917484297,0.022722115157114784,0.004516063890300553,0.004607432571178825,1,1,3,4,both,0.008803672950118508,0.002064456261024502,0.19844608008861542,3.1042913572561073,0,0
203,0.05572589334901259,-0.0029050424953060883,0.7896109374749307,0.9966048163635075,0.015868904893658133,0.004513892724382185,0.00460043210771665,1,1,3,4,both,0.006817070192133084,0.0023272565420592696,0.19312481582164764,3.0976181364870032,0,0
204,0.05601719047041034,-0.00282812896496443,0.789567062446598,0.9965989130696522,0.008567562394051436,0.004522045659005054,0.00459485351307316,1,1,3,4,both,0.004780257495756268,0.0022101954819170266,0.1866551786661148,3.0893713093638566,0,0
205,0.0560763218659886,-0.0026677093868288176,0.7895423281961013,0.996611874734744,0.0017391586934782817,0.0045354512529795915,0.0045913794605073124,1,1,3,4,both,0.0038520766718691596,0.0018256403350039741,0.1797264963388443,3.080617380742987,0,0
206,0.05594173408200015,-0.0024431823766273186,0.7895310465002715,0.9966398575608689,-0.003958464234954384,0.004547495923624717,0.004587067122011599,1,1,2,4,both,0.002885645653495647,0.0013432471974698665,0.17414851486682892,3.0725440083376614,0,0
207,0.05566715855549606,-0.002177173520730092,0.7895343471273463,0.9966772738411512,-0.008075750779532043,0.004566648217388138,0.0045853521243190525,1,1,2,4,both,0.0019373071888843466,0.0008554258046441033,0.16827140748500824,3.0662530238944465,0,0
208,0.05531278020911689,-0.001894422996358886,0.789549044727778,0.9967176388935614,-0.010422892540563847,0.004594694903768071,0.004583680719921563,1,1,3,4,both,0.0014233574704333337,0.0006419985722368973,0.1620102971792221,3.0625528120387666,0,0
209,0.054939627773406594,-0.0016276563875581545,0.7895818290782878,0.9967536090728747,-0.010975071638538112,0.0046083540996484165,0.004582534089528498,1,1,3,3,both,0.0017260850996805418,0.0015091640239301579,0.15509702265262604,3.061792870851551,0,0
210,0.054595151965042,-0.0014104026607952378,0.7896161018536801,0.9967749814706013,-0.010131641422488069,0.004583530115878295,0.004579441919162458,1,1,3,3,both,0.002698783127767697,0.0028001714056358454,0.14819930493831635,3.06336399649852,0,0
211,0.05434345487096237,-0.0012543975502755037,0.7896475992321474,0.9967871888920216,-0.007402855708224357,0.004562487869940145,0.004577705844264344,1,1,3,3,both,0.00364175050721535,0.004492255480026608,0.14491228759288788,3.067942476927958,0,0
212,0.05425957796059651,-0.001164386480182793,0.7896696192392563,0.9968058677543027,-0.0024669679519371364,0.004544361685520554,0.004577635894192373,1,1,3,3,both,0.004352051507933985,0.006721797917711229,0.14615200459957123,3.0756170614248814,0,0
213,0.05438337963574651,-0.0011322871638833666,0.7896943910476558,0.9968257696962981,0.0036412257397058284,0.004535351019720812,0.004587088510186611,1,1,3,3,both,0.005772372827633108,0.00931266746409553,0.1463155299425125,3.0842323327159393,0,0
214,0.05470524333543744,-0.001145907241022115,0.7897009025253059,0.9968303013512957,0.00946657940267458,0.004530580635189303,0.004595502098507381,1,1,3,3,both,0.007868109115041282,0.013591106513911858,0.14727544784545898,3.091628866240625,0,0
215,0.05515909556600451,-0.0011998138568811074,0.7896840475905273,0.9968055624836025,0.01334859501667853,0.004541470939306694,0.004611474624057036,1,1,3,3,both,0.00858293744208855,0.018160757286365698,0.1502782553434372,3.0960601684317357,0,0
216,0.05566359264916853,-0.0012412111659948558,0.7896486540770085,0.9967627521344564,0.014838149504824026,0.00456370686318806,0.00462001540119528,1,1,3,3,both,0.0077610778595317564,0.019583338373301156,0.15624909102916718,3.097561224478327,0,0
217,0.05611176361916903,-0.0012296459044221267,0.7896063479989787,0.9967181079685478,0.013181499117661801,0.004596612355773359,0.004625730512598916,1,1,3,3,both,0.005725763246965703,0.019303269341505815,0.16378092765808105,3.095593484217715,0,0
218,0.0563875300394489,-0.0011434888619023644,0.7895813442942088,0.9966836624486541,0.008110777067055003,0.004639841499853425,0.004631879284838641,1,1,4,3,both,0.003299879389387368,0.01695176282515442,0.1710500568151474,3.0895031216182214,0,0
219,0.05637958291069796,-0.001016143753420026,0.7895927946460335,0.9966780919587134,-0.00023373908091004904,0.00466232750864147,0.004638572551511198,1,1,4,2,both,0.0019623016830945983,0.014286934203153454,0.17655819654464722,3.0783509705346916,0,0
220,0.055993615906165306,-0.0008806355086224388,0.7896316415029824,0.9967201053011857,-0.011351970721548615,0.00464084205186718,0.004640837792141427,1,1,4,3,both,0.0024595548404814666,0.010765149016751012,0.17974305152893066,3.060894387650754,0,0
221,0.055161669616936235,-0.0007650301745670977,0.7896952752104047,0.9968109085030189,-0.02446900850673739,0.004624005782111359,0.00464847002408568,1,1,4,3,both,0.0026784479726473204,0.007483223684139,0.18111227452754974,3.036267147507197,0,0
222,0.053809960902484626,-0.0006763771093704625,0.7897883630680759,0.9969394458866719,-0.03975613866034144,0.004614533457409708,0.004655284308688994,1,1,4,4,both,0.002576386906355635,0.005200313110833589,0.18266190588474274,3.002392608590013,0,0
223,0.05188676451568799,-0.0005955847328629919,0.7899139330730245,0.9971041617055453,-0.05656459961166583,0.0046070216033422436,0.004661089693631989,1,1,4,4,both,0.0024154662275610353,0.003523617904643209,0.18332338333129883,2.9593846316368886,0,0
224,0.04936691421318295,-0.0004935340296894328,0.7900746128691537,0.9973059291959468,-0.07411324419132467,0.004603608703739534,0.004673017027303494,1,1,3,4,both,0.0026195893729548734,0.002748271664996759,0.18417319655418396,2.9089992287837183,0,0
225,0.046268851764030144,-0.00032207660615810903,0.7902619315175374,0.9975442467295179,-0.09111948379861187,0.004605018045940726,0.004688160166168163,1,1,3,4,both,0.002281465548631249,0.0018666334540663723,0.1829570084810257,2.8558922064945578,0,0
226,0.042670489362094985,-4.939696291311196e-05,0.7904611914493638,0.9978171283681827,-0.10583418829221057,0.004613567797425867,0.004706904464349928,1,1,3,4,both,0.0018677524557411756,0.000857840343404982,0.17985819280147552,2.807415921866082,0,0
227,0.038714385534338557,0.0003458676596653459,0.7906520453140231,0.9981163830730919,-0.1163559949340126,0.00463578733266538,0.004726380260788927,1,1,3,4,both,0.002054403586773078,0.0005769463145677055,0.1767963320016861,2.7716981704630523,0,0
228,0.03460217275566265,0.0008776606968547141,0.790826211446002,0.998430752749415,-0.12094743466693839,0.004670371804783989,0.004669122244469009,1,1,4,4,both,0.0020975312006208005,0.0015290311605292268,0.17439283430576324,2.7561250670704647,0,0
229,0.030569079364029965,0.0015315885976812276,0.7909767191870681,0.9987385864759366,-0.11862039387154959,0.004675073043157816,0.004612738841783721,1,1,4,4,both,0.0021375288357397197,0.0027530973223320668,0.17387661337852478,2.7646124590136343,0,0
230,0.026811774942179522,0.0023018747061601076,0.7911048200362054,0.9990156163286298,-0.11050895358383656,0.004674129391070474,0.004559220880494198,1,1,4,3,both,0.0022451369595570063,0.004884248595313578,0.1748669296503067,2.792980871671263,0,0
231,0.023460401239852813,0.0032110143576123506,0.7912156066532688,0.9992440478631381,-0.09856981477431495,0.004673984874966501,0.004509367323027955,1,1,4,2,both,0.002692225914011248,0.009078146144734898,0.17843201756477356,2.8335846954565747,0,0
232,0.020593203877977338,0.00428182164472706,0.7913076384114681,0.9994219539573846,-0.08432933417280811,0.004682523493465221,0.004476832173987477,1,1,3,2,both,0.0046763321763441945,0.013034601101751508,0.1841348558664322,2.8800045058662627,0,0
233,0.01821504302243803,0.00549265731031777,0.7913511403709215,0.9995523073495983,-0.06994590751586195,0.0046871540855751015,0.00444924153965149,1,1,3,2,both,0.00846321147111422,0.01415259307619934,0.19075168669223785,2.9241494774191024,0,0
234,0.016304889748221377,0.0067678924188856945,0.7913696053413075,0.9996434733390902,-0.056180978653430996,0.004698060705152014,0.004446529144844776,1,1,2,3,both,0.010970645497325494,0.013168029742021515,0.19754548370838165,2.963287389940918,0,0
235,0.014749230082805565,0.008104099199877075,0.7914278061597197,0.999702471733016,-0.04575469604164152,0.004680665368174422,0.004436423646889648,1,1,2,3,both,0.010968694897422712,0.008064008763382239,0.20237046480178833,2.9905498592737514,0,0
236,0.013449109018543015,0.00947569461802966,0.7914524140376323,0.9997435859225503,-0.03823885483125146,0.004662533021033043,0.004435518461151342,1,1,2,3,both,0.009923097318382017,0.004089749875669753,0.2063896507024765,3.0087362254905243,0,0
237,0.012305780477735931,0.010881371763413744,0.7914949447156564,0.9997760858028136,-0.03362731002373776,0.004652826077921869,0.004454004665993411,1,1,2,2,both,0.008569138719666199,0.0026351260007505665,0.20797595381736755,3.019191422790876,0,0
238,0.011235379343624079,0.01234918123183773,0.7915350896509745,0.9998065097958895,-0.03148238629740741,0.004636626456796151,0.004479655503886234,1,1,2,2,both,0.007545423601513867,0.00211862021279682,0.20755383372306824,3.023739426884917,0,0
239,0.010170279613642844,0.013905767554492165,0.7915732582796282,0.9998375775355474,-0.03132646264650691,0.00461310125342132,0.004510739362900026,1,1,2,2,both,0.006824796223777801,0.0017020381786398658,0.20523299276828766,3.023834714537805,0,0
240,0.009070004919387614,0.015546603009281599,0.79160468468807,0.9998682217988074,-0.03236102041927146,0.004581589244213768,0.004539569778041926,1,1,2,2,both,0.006128971031134766,0.0016130386600011282,0.20114070177078247,3.0212870135903347,0,0
241,0.007931593590606831,0.017241207463750078,0.7916305845655401,0.9998967719464062,-0.033482686140611256,0.004544724539126122,0.004566931033800233,1,1,2,2,both,0.00542672881151544,0.0014239846734917284,0.19536076486110687,3.0185247926077667,0,0
242,0.006770148217992907,0.0189394528126492,0.7916515829084795,0.9999218486600443,-0.0341601580180566,0.0045054269339553435,0.0045701669708536966,1,1,2,2,both,0.004795958109989057,0.0011421189204834149,0.18892064690589905,3.016752021970727,0,0
243,0.005619424340674,0.020580667074905426,0.7916705676089191,0.9999425038784785,-0.03384481992114432,0.0044675583596805735,0.004565749714612641,1,1,2,2,both,0.004462867424008264,0.0007501320426820609,0.1823679357767105,3.0172466763410846,0,0
244,0.004525121759416407,0.022101005204777084,0.7916948919321952,0.9999580192390178,-0.032185370036988015,0.004433055771109026,0.004563102208663104,1,1,2,2,both,0.005620045787273738,0.00025160890651038825,0.17456848919391632,3.0207886051668056,0,0
245,0.0035223247818938312,0.0234271404490165,0.7917550197070332,0.9999681747772374,-0.029494028750664,0.004406006265880221,0.004570992140925181,1,1,1,2,both,0.007190881280928404,0.0005606737829300605,0.16761468350887299,3.0265327939848827,0,0
246,0.0026154429252117344,0.024452224235764253,0.79186848017722,0.9999735014742057,-0.02667299578476755,0.0043830901510409845,0.0045800874131866655,1,1,1,2,both,0.009853795398552736,0.001308512944915687,0.160274937748909,3.032419169380105,0,0
247,0.0018166253431571894,0.0250808531227273,0.7919851702497512,0.999976000121994,-0.023494634766310148,0.004365012468516588,0.0045781572658560275,1,1,1,2,both,0.011406350110453226,0.0015636335262999073,0.15171413123607635,3.0389066155244833,0,0
248,0.0011484947888945414,0.02525837288461694,0.7921195739974267,0.999975763058759,-0.019650898654783762,0.004361988647885125,0.004582631849216902,1,1,1,2,both,0.013859960311836008,0.0021225473691812596,0.14213524758815765,3.0465304836527456,0,0
249,0.0006156583477405635,0.024983049804939515,0.7922600945316631,0.9999734978465075,-0.015671660033940524,0.004363364444318854,0.004585816566271786,1,1,1,2,both,0.016550008488864426,0.003381695711849539,0.13700732588768005,3.054095848987766,0,0
250,0.0002476412574695553,0.024276707710960917,0.7923757789714987,0.9999714531562434,-0.010824032066794359,0.0043658408141199895,0.004583426454416149,1,1,1,2,both,0.01861824285416398,0.004187023987599589,0.13781480491161346,3.0628006255492735,0,0
251,7.839771661997797e-05,0.023165725573932552,0.7924497747041124,0.9999711461524238,-0.004977751201458156,0.0043722595124708885,0.00458217141273384,1,1,1,2,both,0.019855853242818758,0.0042619139344279786,0.14382363855838776,3.0725187819751323,0,0
252,9.562777172350477e-05,0.02170885952841724,0.7924657923492804,0.9999726162522078,0.0005067663265743176,0.004384799254035017,0.004580920546873139,1,1,1,2,both,0.02027223485743241,0.003566775412301812,0.14948555827140808,3.0808939944040143,0,0
253,0.0002483887922079485,0.02000280260822383,0.7924156619407412,0.9999757656828718,0.004492971190718932,0.0044049207506195315,0.004576040236678142,1,1,1,2,both,0.02066241247615692,0.0023456328599068483,0.15580344200134277,3.086639703469031,0,0
254,0.0004733561509376055,0.018160840974156017,0.7923162156740057,0.9999797418378803,0.0066166870214605,0.00442835014160458,0.004568964745725011,1,1,1,2,both,0.021082731924721175,0.0013792058655402754,0.16314759850502014,3.089717518343873,0,0
255,0.0007083228328647046,0.016321299011118846,0.7921404692503002,0.9999857900327254,0.0069107847625617365,0.004454588690104462,0.004554914038804821,1,1,1,2,both,0.020347255650112465,0.0016667690692498786,0.17205148935317993,3.090411904807413,0,0
256,0.0009341956596405837,0.014616846217042548,0.7919142299136487,0.999992886916684,0.0066433184345846795,0.004485696200982891,0.004548032909740998,1,1,1,2,both,0.02003477972022211,0.0024967676580235423,0.1788286566734314,3.090383832133685,0,0
257,0.0011428525670874124,0.01314725262455978,0.7916761545304041,0.9999982002695639,0.0061369678660831975,0.004509651621381991,0.0045490050986057295,1,1,1,2,both,0.01998043571100636,0.002418458668466437,0.18304966390132904,3.0900217578554607,0,0
258,0.001330745745405438,0.011978929245796974,0.7914440777005337,0.9999997032135997,0.005526269950530166,0.0045266747685192635,0.004553362112543889,1,1,3,2,both,0.01922679261182174,0.0020995326445620633,0.1850990653038025,3.0894773007292815,0,0
259,0.001429286012248798,0.011123991090550948,0.7914104051477963,0.9999981149926523,0.002898243142451763,0.004586747787448636,0.00457365322163401,1,1,3,2,both,0.00858876403305168,0.001111644077018807,0.184941366314888,3.0861917564546015,0,0
260,0.001291129331405527,0.010471989750782642,0.7913900474688026,0.9999958793304353,-0.004063431789507971,0.004617372210943615,0.004568200813907148,1,1,3,2,both,0.00477862355333685,0.0019727448894789825,0.18346047401428223,3.07633552868428,0,0
261,0.000869094385398416,0.009936273896401105,0.7913678488760906,0.9999922940661584,-0.012412792529620909,0.004672548305517919,0.004551122548923075,1,1,4,2,both,0.0027185118028023743,0.0023697722850185825,0.18154330551624298,3.0627584697361243,0,0
262,0.00013265864533617137,0.009512582777524143,0.7913641193478921,0.999986356420288,-0.021659874707713078,0.004717970475616964,0.0045374368320741446,1,1,4,2,both,0.00135777552532055,0.002143225261674024,0.17787180840969086,3.045601108434198,0,0
263,-0.0009373844456819429,0.009208650542804177,0.7913640112771585,0.9999763029464637,-0.031471855618179834,0.004749536114935456,0.004520155086619224,1,1,4,2,both,0.0003902765208104917,0.0016577591578264175,0.17295315861701965,3.0250749790045255,0,0
264,-0.0023053008876569446,0.009010760456283573,0.7913612652707775,0.9999589270547801,-0.04023283652867651,0.004751629084041618,0.004500455106900902,1,1,4,2,both,0.0004423461008389934,0.0008657160260296399,0.16704876720905304,3.0048487281538145,0,0
265,-0.003883751119675482,0.008894590903350002,0.7913537047589905,0.9999302945399052,-0.04642500682407463,0.004749675793289214,0.004476616186652536,1,1,4,2,both,0.0011582785827501142,0.0005859373320665727,0.15904095768928528,2.9895238121622145,0,0
266,-0.005530853863370632,0.00883250866141728,0.7913404444281688,0.9998868411366773,-0.04844419834397498,0.004754204228496858,0.004447235761413808,1,1,4,2,both,0.00172122417376453,0.0021525363500361416,0.14888790249824524,2.9843118495346057,0,0
267,-0.007081951779282834,0.008799994740396904,0.7913245626951856,0.9998268776591467,-0.04562052693859418,0.00476698426826969,0.004416760257149738,1,1,4,2,both,0.0021332177124625596,0.004173866798125646,0.14169536530971527,2.991437963427691,0,0
268,-0.008407231357657348,0.008784832269473734,0.7913202508508743,0.9997548861364576,-0.03897881112866216,0.0047746207900261,0.004390435110827123,1,1,4,1,both,0.0023354815488941254,0.00857304185720794,0.1386074423789978,3.0076159664328186,0,0
269,-0.009422439682659906,0.008816797360860188,0.7913654482908544,0.9996812935677081,-0.02985906838242817,0.004766076897488709,0.004373659519635538,1,1,4,1,both,0.0025165257137150683,0.012594296946786569,0.1393713504076004,3.0282823029906294,0,0
270,-0.01013298633887583,0.008940068625760359,0.7914276641590063,0.9996173626320518,-0.020898431065174257,0.004755383675939133,0.004362929242807158,1,1,4,1,both,0.002766184151534583,0.013343269269281055,0.1411164402961731,3.0466878461287115,0,0
271,-0.010557292992138917,0.00915993477486368,0.7914548371221176,0.9995643469470671,-0.012479607448914323,0.004741273657308989,0.004364409432826111,1,1,4,1,both,0.0037622471082601637,0.013631149938438317,0.14485599100589752,3.0621668140122917,0,0
272,-0.0107178036948209,0.009437271088173809,0.7914393931423235,0.9995191591117984,-0.004720903020058321,0.004733884203996942,0.004376942394910939,1,1,4,1,both,0.00520053353070764,0.015403978156187931,0.14838777482509613,3.0748125486765656,0,0
273,-0.01065440301906622,0.009715344965634278,0.7913479243406695,0.9994789905852618,0.001864725757490575,0.004726167306612017,0.004391627519486265,1,1,3,1,both,0.0067316749813718085,0.01699715141084002,0.15118403732776642,3.084289345662986,0,0
274,-0.010402387124742103,0.009926396047328716,0.7912382413584305,0.9994402339170427,0.007412232186003463,0.004743558765663049,0.004421468512381781,1,1,3,2,both,0.008109742222942055,0.014934008132580534,0.1557522863149643,3.091463913343893,0,0
275,-0.010129158107260873,0.010071280809613508,0.7912285775660775,0.9994189064951007,0.008036147572977348,0.00476622939551935,0.004435465722585581,1,1,4,2,both,0.00787543651965616,0.0077075434313942015,0.15785335004329681,3.0921816696899778,0,0
276,-0.009953575206178714,0.010238491086178032,0.7911999830991019,0.9994020992351514,0.005164202973004677,0.004740557753567347,0.004449864301499032,1,1,4,2,both,0.0065178058418334395,0.003723450058597215,0.156642884016037,3.0884809904889354,0,0
277,-0.009889741005821616,0.01046124482135527,0.7911521404700469,0.9993774423124043,0.0018774764810911085,0.0047090453675160265,0.0044781170814823,1,1,4,2,both,0.005997115770266409,0.003117086591858879,0.15406601130962372,3.083994032479446,0,0
278,-0.009939252393061303,0.010718375230651287,0.7910965766751887,0.9993442764323316,-0.0014562172717554954,0.004679234877910433,0.004500076615316009,1,1,3,2,both,0.005617083595505521,0.0032666864962197072,0.14999476075172424,3.0791862538716708,0,0
279,-0.010084482757592434,0.010970305317403617,0.7910430014552791,0.9993065250604867,-0.004271481309739136,0.004650854744461676,0.004515087160597488,1,1,3,2,both,0.0051611968826517545,0.0031872923114842455,0.1449582576751709,3.074891710593758,0,0
280,-0.010288715343045584,0.011187519389393935,0.790999176424017,0.9992699131737589,-0.006006840748622054,0.00461457266902646,0.004525195691805685,1,1,3,2,both,0.004099254053420927,0.003016249280484321,0.13944855332374573,3.072130591084197,0,0
281,-0.01048902428456545,0.011347611923762081,0.7909666710321898,0.9992393523791295,-0.005891439456466676,0.004574268523410165,0.004531798047151845,1,1,3,2,both,0.002844384147521769,0.002778847228459897,0.13409017026424408,3.0722850823985777,0,0
282,-0.010605889861169157,0.011434999799276013,0.7909463566734842,0.9992201397439284,-0.003437222841285484,0.004535129027560519,0.004536227429466241,1,1,3,2,both,0.001527387908096255,0.002516627516453233,0.1289055198431015,3.076084572333973,0,0
283,-0.010561457104175921,0.011432533732296492,0.7909594061270656,0.9992211019669591,0.0013068457939187045,0.004504805133344718,0.004542409274041523,1,1,2,2,both,0.0004022088925018753,0.002362013721305148,0.12431955337524414,3.083016270369335,0,0
284,-0.010306752542290479,0.011279889337906286,0.7910695711057728,0.9992490054986531,0.007491310643689481,0.004485908130919938,0.004560756178362085,1,1,2,2,both,0.0036928920095857286,0.0026573979594122586,0.11971700191497803,3.091313035071553,0,0
285,-0.009853842705140068,0.010887302805143636,0.7912052313167537,0.9993085443316869,0.013320877563247385,0.004466972274557928,0.004564792692666721,1,1,2,2,both,0.005620974560762578,0.002504870826109506,0.11546789109706879,3.0984346879562117,0,0
286,-0.009182443441214133,0.010210181682783152,0.7913643395745471,0.9993864954736053,0.01974703717429219,0.004466121711201525,0.004573233630978668,1,1,2,3,both,0.007693542450031366,0.0017770214712316608,0.11392867565155029,3.1054046008001586,0,0
287,-0.00827384042304675,0.00927979308018731,0.791540550900691,0.9994710728205397,0.026723618181393627,0.004471007580107107,0.0046023989369194974,1,1,2,3,both,0.009277660568316415,0.0004783587246847385,0.1154857724905014,3.1118760899593516,0,0
288,-0.007125251954999537,0.008162746495377057,0.7916847370394938,0.999551548162726,0.03378201376609449,0.004479436141911694,0.004634531906719256,1,1,2,4,both,0.009760575474815585,0.0009259122427589943,0.12067428976297379,3.1172255468658805,0,0
289,-0.005769648411486534,0.0069745476464305725,0.7917937676454749,0.9996266753998707,0.039870692456264796,0.004494755746311127,0.004660812536090613,1,1,2,4,both,0.01005967939869201,0.0014229216325439857,0.1252223402261734,3.120923504381685,0,0
290,-0.004270515432588138,0.005843189506124338,0.7918454020532789,0.9996966219886964,0.04409214643818811,0.0045115172535374545,0.004689129550622825,1,1,2,4,both,0.0104481028191714,0.001914121095195979,0.13096362352371216,3.1230300611102155,0,0
291,-0.0026814807859434383,0.004883766913145825,0.791840147811511,0.9997597610067827,0.04673631313660881,0.004527751634638491,0.004719847055187267,1,1,2,4,both,0.0106792260061277,0.0023968685635856165,0.1388998031616211,3.124183362109584,0,0
292,-0.0010493389085989753,0.00421058151113293,0.7917630545170106,0.9998151918802954,0.04800417286307244,0.004543865232651018,0.004730037542151622,1,1,2,4,both,0.010927427283606397,0.002794130534194547,0.14797477424144745,3.1247054068078133,0,0
293,0.0005988749856628429,0.003916622777332368,0.7916250987025768,0.9998627835471867,0.048476879242994646,0.004556815969675498,0.0046971908242895155,1,1,2,4,both,0.01059813746567041,0.0029337144344709696,0.15813621878623962,3.124885234484534,0,0
294,0.0022532422800900062,0.004053779350240296,0.7914416366077405,0.9999015275318117,0.04865786160079892,0.004561911554131208,0.004680282415152611,1,1,2,4,both,0.009995121721992262,0.0029984180922802877,0.16659221053123474,3.1248934852115333,0,0
295,0.003927676904715226,0.004625247846301927,0.7912347574171337,0.9999326513035346,0.0492480771948594,0.004556003660286259,0.004679172252112847,1,1,3,4,both,0.009447586710691553,0.002882568130647467,0.17246825993061066,3.124933159120198,0,0
296,0.005576303206799217,0.005476686758982275,0.7911937591488366,0.9999597114696595,0.048489008884823256,0.0045712505332878225,0.004721187739388406,1,1,3,4,both,0.005488236227510121,0.002859664898371734,0.17563365399837494,3.124594057872484,0,0
297,0.0070203684479574575,0.006344624133819613,0.7911931975283263,0.9999831636267436,0.042472507092889425,0.004556005206952412,0.004743614426936268,1,1,3,4,both,0.003929108959623545,0.0025904499348447427,0.17587970197200775,3.1223819375607307,0,0
298,0.008207645366017325,0.007074301652228122,0.7911917150742945,0.9999968073294991,0.034919909354701996,0.004567859420440006,0.004758038291525005,1,1,3,4,both,0.0018340867246663976,0.0020582474534025816,0.17758874595165253,3.118390026379702,0,0
299,0.009108057684736472,0.007626073819604165,0.7911937612178966,0.9999997896198325,0.026482715256445476,0.0045978189540720055,0.004772465927434386,1,1,3,4,both,0.0010559438417019748,0.0014284219248289231,0.17776423692703247,3.11235696527814,0,0
300,0.009704456004896831,0.008008206450927053,0.7912035402067948,0.9999935996335422,0.017541127063539993,0.004619709474844243,0.004760147975801973,1,1,3,4,both,0.0013824120282234155,0.0007308226813163681,0.17726662755012512,3.1041486179366493,0,0
301,0.01000926176782958,0.00824830430467285,0.7912252815486691,0.9999811496509705,0.008964875380374947,0.004592711106915316,0.004739965151866116,1,1,4,4,both,0.002296240971260049,0.00023304132728596265,0.1762111932039261,3.0945234953847773,0,0
302,0.010067403980312676,0.00838331434937853,0.7912515059874264,0.9999657239485445,0.001710065073032234,0.004585535518973574,0.004712446964845296,1,1,3,4,both,0.0031478145434533067,0.0010849744940709997,0.17378903925418854,3.0850707311711223,0,0
303,0.009979878626493096,0.008439890655236183,0.7912734442259064,0.9999507420887135,-0.0025742751123405674,0.004585819131249582,0.004678809202357994,1,1,3,4,both,0.004761053910565904,0.0021478053235756533,0.17056812345981598,3.078928826470947,0,0
304,0.009907591098549055,0.008446184652892647,0.791291124470293,0.9999386505066554,-0.0021261037630600486,0.004594759981650036,0.00463861128601091,1,1,2,4,both,0.005975195180485628,0.0038510792971963464,0.16778211295604706,3.0795745649187873,0,0
305,0.009994970342075166,0.008449371942747688,0.791307271520932,0.9999282685924558,0.0025699777507679706,0.004608832701922912,0.004600602906030215,1,1,4,3,both,0.007234036527711523,0.007005404049946778,0.16690701246261597,3.086184418382899,0,0
306,0.010334076518912398,0.008507056200837863,0.7913189391503878,0.9999163625606557,0.009973711083448024,0.004613748887665376,0.004569011809779425,1,1,2,3,both,0.008361714849227283,0.011865821189358463,0.1686902940273285,3.0955721424200995,0,0
307,0.010959925776476597,0.008647796767621787,0.7913248228842602,0.9998991135590828,0.01840733110482937,0.004619376703077469,0.004547495026586818,1,1,2,3,both,0.01038840739393115,0.015569311644310106,0.17245599627494812,3.1047050173066038,0,0
308,0.011831971359784674,0.00885952511798696,0.7913203553143779,0.9998731511228394,0.025648399509061094,0.004626122259534588,0.004542177226310683,1,1,2,3,both,0.013121968309086103,0.015957387549689905,0.1769275814294815,3.1111739741923263,0,0
309,0.012882931317152183,0.009139495295193263,0.7912964148823566,0.9998376951492618,0.030910586981397314,0.00461621342299549,0.004547109166526377,1,1,3,3,both,0.014187892113579164,0.013295963892382016,0.18162864446640015,3.1150298022967555,0,0
310,0.014034560842019038,0.009495713757734971,0.7912635500454598,0.999794435465345,0.033871456613731005,0.00460684833637327,0.00457184048326088,1,1,2,3,both,0.013672563806590965,0.009193158072233068,0.18525907397270203,3.1168208415928733,0,0
311,0.015165810439557014,0.009933620536337059,0.791219204048776,0.9997459093440196,0.03327204698641107,0.004597416667321042,0.004605278776541582,1,1,2,4,both,0.012618169375729682,0.006188209503472121,0.18965362012386322,3.1162548201584026,0,0
312,0.01616436182142744,0.010438848650962743,0.7911841503635597,0.9996968577782991,0.0293691582903066,0.004597884216517408,0.004634404190673323,1,1,3,4,both,0.011651397354443743,0.00420430493522519,0.19320014119148254,3.1133570653870097,0,0
313,0.016946095222690968,0.010984301678193677,0.7911490879465513,0.999657153532942,0.02299215886069203,0.004599813722050396,0.004669797556976409,1,1,3,4,both,0.01093733370750356,0.0028283683874613416,0.19492563605308533,3.1080037287825815,0,0
314,0.01745936568321749,0.011540942149589683,0.7911153384167581,0.9996333760417309,0.015096190015485966,0.004606039269814427,0.004709923221435482,1,1,3,4,both,0.010033827447111475,0.002446535605022837,0.19538135826587677,3.100123884016571,0,0
315,0.01768157356783268,0.012058475833692699,0.7910904362504466,0.9996251932706632,0.006535526018093785,0.004607246515615979,0.004725896170713343,1,1,3,4,both,0.008417624597149608,0.0024534483949905685,0.19412870705127716,3.089999954530214,0,0
316,0.017615499140345974,0.012476974982656529,0.7910693392240523,0.9996287003833283,-0.0019433655143148544,0.0046197334713137216,0.004723321018187829,1,1,3,4,both,0.006714233493924807,0.0024438727987057362,0.19109517335891724,3.078372799302641,0,0
317,0.017292192073669346,0.012742931038533759,0.7910521639407013,0.9996398547689703,-0.009509031372841996,0.004611504993252146,0.004723562165853148,1,1,3,4,both,0.005097566207226202,0.002259190784473719,0.18638700246810913,3.0665088507038365,0,0
318,0.016778123441729707,0.012836848959227692,0.7910439511690063,0.9996558386782664,-0.015119665645283498,0.004583315454656848,0.0047221419121900275,1,1,3,4,both,0.0035928618557620486,0.0018773559609437016,0.18107931315898895,3.0567968069723617,0,0
319,0.01616722910691239,0.012763158527729928,0.7910456145989414,0.9996752017940138,-0.01796748043580344,0.004559612264682683,0.004717183037195191,1,1,3,4,both,0.0023950141396860253,0.0014222269076816726,0.17874160408973694,3.0516284381226115,0,0
320,0.015561516354547467,0.012517373673840647,0.7910547136884961,0.9996957389365061,-0.01781508095190951,0.004538806484662136,0.00470981178134796,1,1,3,4,both,0.0013474001561284677,0.0009442270696929035,0.17610052227973938,3.0520505058671756,0,0
321,0.015055350944223334,0.012103402609392716,0.7910702276057217,0.9997133766629202,-0.014887217950709805,0.004521187334631593,0.004700918900109666,1,1,3,4,both,0.0014674934355302773,0.0005254121892366083,0.17215317487716675,3.0576328073657333,0,0
322,0.014727512572963055,0.011543273994788746,0.7910912374112243,0.9997243842548322,-0.009642305037067004,0.004507057132739828,0.004687383226309731,1,1,3,4,both,0.0028309724289271522,0.0005526167981004622,0.16597212851047516,3.0669740054876935,0,0
323,0.014650564556463025,0.010862842063335069,0.7911262592954917,0.9997264744997617,-0.002263176955883259,0.004498607089861533,0.004670366495488198,1,1,3,4,both,0.00539858402257578,0.0015351923512678775,0.16361096501350403,3.0787527732045095,0,0
324,0.014887130873581105,0.010048508781102751,0.7911961016740725,0.9997232789201187,0.0069578328564141355,0.004493464390103587,0.004654117141961282,1,1,2,3,both,0.0092303864751038,0.004340537820345217,0.1654943972826004,3.0914682882604567,0,0
325,0.015454282695532364,0.009077335746519798,0.7912781539317534,0.9997136149349328,0.01668093593974291,0.00449805468177919,0.004647234824602487,1,1,2,3,both,0.012302183496927568,0.008436263712510958,0.16638465225696564,3.1027847839994096,0,0
326,0.016337212532529597,0.007969598591682064,0.7913252479623956,0.9996988641826219,0.025968524617565675,0.004508479959128446,0.004624684603085714,1,1,2,3,both,0.014167146881786592,0.011384980426185808,0.16696526110172272,3.111555501856469,0,0
327,0.01752405849090543,0.006801851010532373,0.7913027162738118,0.9996823734054294,0.03490723406987742,0.00452817479820132,0.004587914623420428,1,1,2,3,both,0.015807703674244694,0.014238632070840793,0.16882309317588806,3.1180621405631275,0,0
328,0.018994395121245837,0.005691106652807254,0.7912256566460548,0.9996644792048749,0.043245195010011984,0.004552776196290249,0.004547978806833233,1,1,2,2,both,0.01759595338363724,0.016762192529869737,0.17212700843811035,3.122397246831363,0,0
329,0.02069453537313784,0.0047275381388243295,0.7911594008371016,0.9996392456927329,0.05000412505564714,0.004601808231276823,0.004538572207631212,1,1,4,2,both,0.013160378918249513,0.017650232893540285,0.17737802863121033,3.1246784393864098,0,0
330,0.022412168549252928,0.0038668116898699176,0.7911374567194733,0.9995955453537835,0.050518622826914335,0.0046210539619434415,0.004532196512246185,1,1,4,2,both,0.005358672996572682,0.02069244912990623,0.1811404973268509,3.1248652501467014,0,0
331,0.023993619531702152,0.0030236420782610175,0.7910890202175002,0.9995442128937263,0.046513264189683066,0.004628050285127767,0.004534475485626247,1,1,4,2,both,0.002240275443550127,0.013158593420192363,0.18321451544761658,3.123787760526495,0,0
332,0.025340453424319807,0.0021609761507332893,0.7910408367360967,0.9995004012723077,0.039612761547578104,0.004645993233810906,0.004537831422530843,1,1,4,2,both,0.0015604821220363448,0.009513062195864638,0.1836748719215393,3.121038179202665,0,0
333,0.026371067778652484,0.0012802010889554113,0.7909964691079084,0.999468161300767,0.030312186892137553,0.004665691476728857,0.00454330472564014,1,1,4,2,both,0.001545818915687055,0.008300400369442426,0.18305698037147522,3.115561844297411,0,0
334,0.02700078277293742,0.0004079285233148101,0.7909646653546056,0.9994480662132924,0.018521029243674575,0.0046850530916845295,0.004552674672012723,1,1,4,2,both,0.0014545173280243813,0.00721439801268286,0.18077415227890015,3.105654119273369,0,0
335,0.027163847638441492,-0.00041880486132421914,0.7909498761460192,0.999440815348429,0.004796025456002121,0.004663899321710286,0.004566919512660323,1,1,4,2,both,0.0011487139409838223,0.00570214936189806,0.177498921751976,3.089831572895912,0,0
336,0.02681908826216839,-0.0011608428699535292,0.7909559179432435,0.9994449216189517,-0.010139981655091264,0.004632182185573607,0.00458718612659938,1,1,4,2,both,0.000991670675927725,0.003921055482743441,0.1739295870065689,3.0674013432795033,0,0
337,0.02597533051852117,-0.0017815780234054367,0.7909826838500245,0.9994625206675887,-0.024816404224918254,0.0046090414651913415,0.004612607820345723,1,1,4,2,both,0.00115600170869054,0.0024333792231908953,0.16910983622074127,3.039797964908767,0,0
338,0.02469075793383974,-0.002263288207412519,0.7910231532668204,0.9994977137514665,-0.03778154660827734,0.004593137874297281,0.004638371142341613,1,1,4,2,both,0.0018222073663342084,0.0024590116215686113,0.16364656388759613,3.0111297059940743,0,0
339,0.02310237483231422,-0.002607294525452558,0.7910676646433141,0.9995532924449795,-0.04671715004486821,0.004587054816373604,0.004580801873319523,1,1,4,2,both,0.002356970393991299,0.0041949518859688405,0.16000626981258392,2.989242046799267,0,0
340,0.02138560550931081,-0.0028232896602717102,0.7911088411427224,0.9996230073830588,-0.050493215382453195,0.00459603236815587,0.004527664154086727,1,1,4,2,both,0.002527818023290725,0.006310676789797076,0.1579112410545349,2.9795502851714555,0,0
341,0.019739977201786222,-0.0029043039173567414,0.7911467648427323,0.9996948751241956,-0.04840083257425261,0.004620742125549821,0.004484509645409491,1,1,4,2,both,0.002623469238161174,0.009406143133358304,0.15798813104629517,2.985073233805181,0,0
342,0.01831415606641697,-0.0028258933892570713,0.7911790239778828,0.9997581777295201,-0.04193591574615445,0.004653881740696076,0.004452397201673314,1,1,4,1,both,0.002700665807330664,0.014416177197611586,0.1606103926897049,3.0014202842846127,0,0
343,0.01721084579865788,-0.0025722940790126234,0.7911898659800518,0.9998080193216196,-0.03245030199291448,0.0046878055737369605,0.004426176933819501,1,1,4,1,both,0.0029325537180804628,0.02096292036797578,0.16582508385181427,3.0237189930415815,0,0
344,0.01645562557709734,-0.002148804373936487,0.7912121874983284,0.9998395254362694,-0.022212359457662884,0.004720397118674061,0.0044166636744130995,1,1,4,1,both,0.0031910545080407206,0.02242019839263308,0.1725190430879593,3.045480007569472,0,0
345,0.016013043420637307,-0.0015646568512678364,0.7912136098614654,0.9998549190731245,-0.013017122248824493,0.004760478212798885,0.004412657980929709,1,1,4,1,both,0.003944446780857549,0.021615210029517194,0.1793224960565567,3.0628621732224928,0,0
346,0.01587820368523426,-0.0008675475123953578,0.791167698945872,0.9998601986245161,-0.003965874570677902,0.004777255864313781,0.00442125048420142,1,1,4,2,both,0.00561258784365555,0.021079339558133178,0.18594145774841309,3.077852081855685,0,0
347,0.015984391372654123,-6.655428465269707e-05,0.7911458635671028,0.999855925128547,0.003123167277054845,0.004767853546645735,0.004442870168627752,1,1,4,2,both,0.006402412178881579,0.01694521936146786,0.1924528032541275,3.0881036698372752,0,0
348,0.016239867606386984,0.0008275618746506959,0.7910967823771288,0.9998456911279584,0.007514006874495895,0.004740838723794934,0.004469619903802961,1,1,4,3,both,0.006652204976519978,0.011552795815269013,0.1988956183195114,3.093567462000611,0,0
349,0.016590835878704087,0.001792926506834309,0.7910712806553095,0.9998344417083531,0.010322596244620676,0.004713862620021037,0.0045272569892210665,1,1,4,3,both,0.006542894276186689,0.007832148800674637,0.2039063274860382,3.096728102188948,0,0
350,0.01698023198113696,0.002825280736557963,0.7910298666007208,0.9998236007287272,0.011452826542143276,0.004693440388823678,0.004580343685104377,1,1,4,3,both,0.0064799641357796535,0.006376397252976579,0.20715399086475372,3.097776576017629,0,0
351,0.017384104215237443,0.0038887204497116256,0.790972880202471,0.9998140229560926,0.011878595120602502,0.0046579414731860135,0.004626433128985755,1,1,4,3,both,0.006775863555202885,0.005643671277158559,0.2088261991739273,3.0980151416687685,0,0
352,0.017815747536703907,0.004915889857791277,0.7909214520185281,0.9998046027447545,0.01269539180783716,0.004625108168365269,0.004665307271595937,1,1,3,4,both,0.007080996961565727,0.005188546876075077,0.20910760760307312,3.098731685111131,0,0
353,0.018300877151539614,0.005830664555646045,0.7908829113438185,0.999791357556713,0.01426851808340316,0.0045833858984985695,0.0046857608033866426,1,1,3,4,both,0.006301514382504948,0.0046381287358041165,0.20770129561424255,3.100313705868285,0,0
354,0.018892855016087534,0.0065834737043539305,0.7908489438640541,0.9997709482860191,0.017411113663174112,0.004541901082773834,0.004703713260428167,1,1,3,4,both,0.005193238382961041,0.004116836885952613,0.20587711036205292,3.1034823455183935,0,0
355,0.019654233585301255,0.007143914092503508,0.7908217799480541,0.9997400179330751,0.02239348732981533,0.00450915977750942,0.00472025646318458,1,1,3,4,both,0.004220551586265258,0.003755138238778824,0.20390337705612183,3.1081482937661016,0,0
356,0.020650248183955482,0.0075018198006099055,0.7908000577652986,0.9996943361670556,0.029294547019241963,0.004485118581870597,0.004724460292960735,1,1,3,4,both,0.0035186833430292715,0.003300104709234726,0.2018149495124817,3.1137008716937973,0,0
357,0.021949178315887986,0.007677621653033212,0.7907786509937804,0.9996299102893451,0.038203827409779505,0.004468698650246392,0.004717117696365406,1,1,3,4,both,0.0032910246741622304,0.002848484442000416,0.1995999664068222,3.119219691961182,0,0
358,0.023605199841904827,0.007726744900101397,0.7907569264228946,0.9995355219141338,0.04870651547108358,0.004458316587954526,0.004708221762259809,1,1,3,4,both,0.003621354800966143,0.0027069247500142407,0.19650514423847198,3.123288707274679,0,0
359,0.025651663230283558,0.007674556737397023,0.7907378805861867,0.9993989158677508,0.060190099658197944,0.0044540060916410905,0.004699738826915576,1,1,3,4,both,0.005060274327267585,0.0023614399947091747,0.19186049699783325,3.124721020554454,0,0
360,0.028109164621503143,0.007529180953822157,0.7906957300965262,0.9992116363668168,0.07227945268292897,0.0044468486505018015,0.004683125613136101,1,1,2,4,both,0.007972672143154731,0.002280388813045157,0.18892067670822144,3.122839028493169,0,0
361,0.031019712008267204,0.007274866844052439,0.7906388254729888,0.9989735518215049,0.08560433490482532,0.004447241955214367,0.004659351438735696,1,1,2,4,both,0.010884814722110473,0.0025064165317621873,0.19051186740398407,3.1169399818124925,0,0
362,0.034391750289873624,0.006910852928360263,0.7905255936583877,0.998690658234119,0.09917759651783586,0.0044479702027650884,0.00462426206314424,1,1,2,4,both,0.011463817902516667,0.0037560499227410333,0.1972973644733429,3.1071148509924407,0,0
363,0.038228487632817436,0.006470541141659171,0.7903392532150106,0.9983667059126733,0.11284521596893564,0.00445924260856994,0.004596191540998672,1,1,3,3,both,0.011488504400744585,0.004566942345344975,0.2045666128396988,3.0937574500932055,0,0
364,0.0424395989748327,0.005991037304907121,0.7901450898456172,0.9979768473708011,0.12385621594162549,0.004491097393709717,0.004591959068834261,1,1,3,3,both,0.010596483693954009,0.006623664731600454,0.21164613962173462,3.08060602813855,0,0
365,0.04685329679537095,0.0054734324174279874,0.789905076833002,0.997508637637724,0.12981464178053675,0.004517667901622498,0.004568226841454973,1,1,3,3,both,0.007720575752696512,0.007688666181474221,0.22017799317836761,3.072351424398152,0,0
366,0.0513215260850663,0.004954672056727371,0.7896340088298637,0.9969842799610534,0.13141850852045142,0.004568272948598601,0.0045433905965946535,1,1,3,3,both,0.006060967135175213,0.008845061832919566,0.2307615876197815,3.0693710660321982,0,0
367,0.055681845131965516,0.004450328552203547,0.7893299080490823,0.9964193983981698,0.1282446778499769,0.004630081904764497,0.004521272208572874,1,1,3,3,both,0.005452560774088147,0.010304698833164185,0.2396530956029892,3.072544971102841,0,0
368,0.059846802122171125,0.003974040675851482,0.7890705676587214,0.9957993692816051,0.12249873500604733,0.004688029305530507,0.004515724626540048,1,1,4,2,both,0.007515099490068816,0.013172684016414825,0.20705322921276093,3.0792280752331136,0,0
369,0.06374629690866135,0.003625384944551828,0.7888590768975197,0.9951743185448659,0.11469102313206539,0.004730387418600747,0.0044900447803196825,1,1,4,2,both,0.008482726888158938,0.014453221444594244,0.21576860547065735,3.087053825509605,0,0
370,0.06733545421432811,0.003470699628193764,0.7886703467398483,0.9945841323340243,0.10556345016666956,0.0047203187405992705,0.004467380893974523,1,1,3,2,both,0.011134254384868158,0.01396516755237886,0.2230101376771927,3.0952458995581424,0,0
371,0.07050325594156873,0.0035332330740916753,0.7884864206613086,0.9940429675814434,0.0931706390364886,0.004696970218831795,0.004467261294017758,1,1,3,2,both,0.01566797819298127,0.0141419632855328,0.23235569894313812,3.104389313370709,0,0
372,0.07314374446078509,0.0038012653639147615,0.7883677619171702,0.9935745694469985,0.0776614270357753,0.004663586562737607,0.004487397693732291,1,1,2,2,both,0.020184965897651126,0.015220025368109154,0.24059221148490906,3.111964420901719,0,0
373,0.07515381205601206,0.004258898711992508,0.7881667915265931,0.9932088935040554,0.05911963515373438,0.0045892028952737515,0.004488487878905944,1,1,2,2,both,0.03938084095845127,0.019199307257829576,0.24641820788383484,3.114571047617934,0,0
374,0.07643951740203365,0.0048403654661258715,0.7880373115704251,0.9929729488305576,0.037814863118282305,0.004561098766261009,0.004534327522300312,1,1,2,2,both,0.03924529040307669,0.02779545180521562,0.24945856630802155,3.1080878391550457,0,0
375,0.07700833830624725,0.005371142052913119,0.7881202583001967,0.9929071917575563,0.016730026594517368,0.004559309355198372,0.004582014176864657,1,1,2,2,both,0.044907987142771846,0.03268800185932232,0.2516212463378906,3.0913224651444584,0,0
376,0.07689744001761135,0.005682181619587226,0.7883236363886267,0.9930056635895752,-0.0032617143716438565,0.004533707858704043,0.004593901466911,1,1,2,2,both,0.04622137087588884,0.03432593066716612,0.25241315364837646,3.0661074286273404,0,0
377,0.07609902372283343,0.00561332272737766,0.7884667227964025,0.9932033779139154,-0.0234828321993506,0.004508582321562593,0.004592525156690296,1,1,2,2,both,0.04384792185370224,0.03194412625094384,0.2512485980987549,3.0306513216439956,0,0
378,0.07462861560338738,0.005081422524563422,0.7888322611015752,0.9934637637939318,-0.04324729763076637,0.004574527913333244,0.004666255424592702,1,1,2,3,both,0.033812287282628944,0.011780020201226208,0.24713534116744995,2.986645879222625,0,0
379,0.07266395188834934,0.004049492886766671,0.7893486543080771,0.9938074133344005,-0.05778422691288335,0.004569845512145565,0.004669869395809476,1,1,2,3,both,0.018925360856190877,0.0023877632608074956,0.24201133847236633,2.9493743408614166,0,0
380,0.07037604986791196,0.002591885927667552,0.7897650606415818,0.9941841710950248,-0.06729123589521713,0.00452952414877332,0.004668634418526656,1,1,2,2,both,0.007403531364808827,0.003335940263704259,0.2353897988796234,2.923330421061458,0,0
381,0.06793222717036998,0.0008614359838788369,0.790157929364659,0.9945581767881883,-0.07187713816299943,0.004521494418138351,0.004639656598143745,1,1,2,3,both,0.006054979745342875,0.007417851306879191,0.229122593998909,2.910786460008391,0,0
382,0.06553446015388338,-0.0009694306587142171,0.7904802675278231,0.9949217470037516,-0.07052255930842938,0.00450445999366271,0.004534482859766185,1,1,2,2,both,0.009725572872319484,0.010812746390239436,0.22358204424381256,2.9154492411984503,0,0
383,0.06337695467076555,-0.0027074546274142818,0.7907231879827472,0.9952510227657431,-0.06345604362111257,0.004500540522178742,0.004459623133900671,1,1,2,2,both,0.013164774319022503,0.014679808101802676,0.21886514127254486,2.9363081730423355,0,0
384,0.061603430025643335,-0.004178379810547206,0.790889459027558,0.9955220254025372,-0.052162489562418174,0.004501765815934006,0.004415738048996032,1,1,2,2,both,0.016828565838585823,0.01868259932078111,0.2165464460849762,2.967657702659918,0,0
385,0.06033317697917444,-0.005282343992908304,0.7909654494724403,0.9957228113341478,-0.03736038371967344,0.004511442726231954,0.00439223993519652,1,1,2,2,both,0.022351086932655542,0.02373539000627402,0.21724940836429596,3.0048619461859936,0,0
386,0.05960208931774785,-0.005984781433455378,0.7909841131266323,0.9958348441176376,-0.02150257827725251,0.004527351377069909,0.004387601353601601,1,1,2,1,both,0.027820654571917392,0.027481795819570005,0.21815125644207,3.039276127833994,0,0
387,0.05935514922507179,-0.006302313210110899,0.7909363754540027,0.9958538668027189,-0.007262943902237126,0.004534753913736332,0.004391740956714161,1,1,2,2,both,0.02888383216244476,0.025558070880440858,0.21997688710689545,3.0648544210842603,0,0
388,0.05950777201743703,-0.006261469790458573,0.7908341240687772,0.9957998760979199,0.004488905657801205,0.004544096851700728,0.004406541048853175,1,1,2,2,both,0.02450114745685573,0.020923916552537076,0.22195392847061157,3.081946894973848,0,0
389,0.059965069904867795,-0.0058884523062269194,0.790697154254397,0.9957066484910913,0.01344993786561068,0.004569683369999661,0.004440194396594856,1,1,2,2,both,0.018648544624550716,0.01518560375384732,0.2249404937028885,3.092750558609363,0,0
390,0.06057200892918856,-0.005204920527296899,0.7906062574134591,0.9955797974153567,0.017851147774140246,0.0046054664732247605,0.00448468055675939,1,1,2,2,both,0.011895685849187395,0.013819268518693714,0.226328045129776,3.0973353453720573,0,0
391,0.06119129680576007,-0.004248995299787117,0.7904974287530406,0.9954530333788385,0.018214349310926643,0.004633343607897911,0.0045363881320354925,1,1,2,2,both,0.007694007340066644,0.013575797917004036,0.22744925320148468,3.0976538951607524,0,0
392,0.06170299031161084,-0.003053398584500857,0.7903655851382121,0.9953566637064362,0.015049808995610927,0.004592132381628776,0.004584078047758351,1,1,2,2,both,0.006607185025672566,0.013030198028337197,0.22621728479862213,3.094447591076158,0,0
393,0.06201784911766343,-0.001649386105476186,0.7901977707601382,0.995299098818762,0.009260553119193734,0.004556501314508195,0.00455521420924852,1,1,2,2,both,0.006376097894465352,0.013206247366343283,0.223088338971138,3.0880340644333497,0,0
394,0.06205425885011637,-5.43169611294831e-05,0.7900072473681347,0.9952785875340464,0.0010708744839099916,0.004535197601881896,0.004543243101551034,1,1,2,4,both,0.006663877217997764,0.01351960548598932,0.21825358271598816,3.0776872358978395,0,0
395,0.061757100131397936,0.001685707796139392,0.7898377841284726,0.9952958814596328,-0.008739962315247962,0.004519617790391943,0.004566564561626792,1,1,2,4,both,0.007760276997031441,0.00984284628565136,0.21244189143180847,3.0625041764982686,0,0
396,0.061098644934947315,0.0035511300842132657,0.7896463334709753,0.9953500307048319,-0.01936632930737123,0.004495588559253763,0.004588143003643751,1,1,2,4,both,0.009689001073160468,0.006670599570790388,0.20642060041427612,3.0432443874106476,0,0
397,0.06007003436936366,0.005518218505627594,0.7894460494397505,0.9954411172179624,-0.03025325192893104,0.004476535099382402,0.0046169592496897345,1,1,1,4,both,0.012786815655110154,0.005202506479882898,0.2005370557308197,3.02064016543652,0,0
398,0.05866443943990307,0.0075899703089598305,0.7892637657743706,0.9955615396060017,-0.04134102733707611,0.004475507416126807,0.004655723225454923,1,1,1,4,both,0.015685376855613005,0.00433424817907374,0.19416649639606476,2.9948138826350603,0,0
399,0.05693048875579595,0.00966661108171934,0.7892861925348207,0.9957218209805588,-0.05099854953256244,0.004517754127108663,0.004733640744599133,1,1,2,4,both,0.01320096222934087,0.002296891465260233,0.18813660740852356,2.970205144046233,0,0
400,0.05500547294772891,0.011387314100867787,0.7894734682442188,0.9959440044163034,-0.056618112001971733,0.004526979566268238,0.004685911673879467,1,1,2,4,both,0.010454694489965782,0.0019329487195548197,0.1838005632162094,2.9551468488852004,0,0
401,0.053021299768250124,0.012544869064905831,0.7896449839352288,0.9961948067458218,-0.05835803469055249,0.00454570269451695,0.0046302397814673435,1,1,2,4,both,0.010632855365455125,0.002672320612152359,0.17819775640964508,2.950575441565551,0,0
402,0.05111158895435915,0.01312732827114711,0.7897910115381483,0.9964409350807366,-0.056167965114440506,0.0045825716584221125,0.004612263388641739,1,1,2,4,both,0.010927967593018872,0.0025842166280387368,0.1739121377468109,2.9569386027814906,0,0
403,0.04940463639774495,0.013244663484280331,0.7899169632706181,0.9966718559884555,-0.05020448695924108,0.004543158443299691,0.004609431058685765,1,1,2,4,both,0.01157641178529462,0.0028060254298920106,0.17402854561805725,2.9732655634482796,0,0
404,0.04800865035031686,0.012995884531102321,0.7900148621329534,0.9968819245243,-0.04105841315964973,0.00451610105800003,0.004610279348749427,1,1,2,4,both,0.012328572464038902,0.003416013927956053,0.17768974602222443,2.996726930948404,0,0
405,0.04698680790187133,0.012464418290290906,0.7900843591774287,0.9970568840272301,-0.03005418966016252,0.004500503395107044,0.00461368499529561,1,1,2,4,both,0.013407573215184897,0.0037519199361417065,0.18212518095970154,3.02248055784036,0,0
406,0.046341328006361815,0.011733994999308647,0.7901260977436936,0.9971862084308071,-0.018984702809103474,0.004495982878710197,0.004616365280131259,1,1,2,4,both,0.014553839220376097,0.0040482046207088495,0.18694110214710236,3.0454953727935306,0,0
407,0.04602592342450259,0.010877712697503587,0.7901407772798832,0.997271449326255,-0.009276605348800758,0.0045028481858317565,0.004617232664159202,1,1,2,4,both,0.014735547835184508,0.004289630849490837,0.1928003430366516,3.0631436810310495,0,0
408,0.045953577031387666,0.009954809389028216,0.7901319428310053,0.99731681168313,-0.002127835091615396,0.004521987791292023,0.004618660292780161,1,1,2,4,both,0.013774542100159699,0.004515976537121356,0.19952121376991272,3.0745618271086177,0,0
409,0.04602853137011217,0.009009105007438026,0.7901060127516852,0.9973335205684911,0.002204539374250056,0.004552808984257119,0.004622577860581019,1,1,2,4,both,0.012364631024707848,0.004573726775337516,0.20613931119441986,3.080826441520895,0,0
410,0.04615452501888374,0.008067625679324992,0.7900719113365104,0.9973385682722602,0.0037056955521049717,0.004594160520394214,0.004629861310188495,1,1,2,4,both,0.01106382431117186,0.004465558001591287,0.21146099269390106,3.082954021209654,0,0
411,0.046251066364934826,0.007146853418993569,0.790035631922969,0.9973505132336199,0.0028394513544437987,0.004641577193536552,0.004639399068618665,1,1,2,4,both,0.009859428524585424,0.004298243757813528,0.21460752189159393,3.081916515370635,0,0
412,0.046245523347649156,0.006259812811943299,0.7900072312901754,0.9973730343559328,-0.00016302992016675405,0.004625886184813022,0.004653702094027719,1,1,2,4,both,0.009622257130866356,0.004078187717850932,0.21580646932125092,3.0779189138839405,0,0
413,0.04607262191491788,0.005423342383365475,0.7899917037767638,0.9974070800935115,-0.005085336256802279,0.004587092519961446,0.00466944394554052,1,1,2,4,both,0.009599155728866424,0.003827592814993497,0.21669992804527283,3.0707970987371955,0,0
414,0.04567427281202522,0.0046612355459634,0.7899962223173277,0.9974473079520029,-0.011716150085078203,0.004559784594699655,0.004687097429577177,1,1,3,4,both,0.00919145370404214,0.0033945707315190146,0.2162141054868698,3.0601260728063004,0,0
415,0.0450017683161674,0.00402807557050919,0.7900375000025618,0.9974940378345349,-0.01977954399581816,0.0045657729819525705,0.004706793419989811,1,1,3,4,both,0.006709376690726791,0.0029273993548926906,0.21425387263298035,3.045570475615674,0,0
416,0.0440435679749421,0.0035538333192308416,0.7900982424244232,0.9975516393393499,-0.02818236297721483,0.004570145453693917,0.004724716508613908,1,1,3,4,both,0.005154156743305417,0.0026604403145131694,0.2107636034488678,3.028686978647657,0,0
417,0.04283370230940649,0.003234566343156225,0.790174583081165,0.9976229394652706,-0.03558428428045912,0.004571041275977992,0.00471194510245531,1,1,2,4,both,0.003950131915410325,0.0023676275496166414,0.2053617388010025,3.0124800446831923,0,0
418,0.04145540802527852,0.003060647851861538,0.7902431814568952,0.9977150656104041,-0.040538067180234304,0.004567777114302823,0.004681846494975314,1,1,2,4,both,0.0018149953356516935,0.0024336204487531493,0.2010539025068283,3.0010356779513767,0,0
419,0.0400382434266673,0.002997880711053937,0.7903136983497114,0.9978313797670443,-0.04168131172385946,0.004574429234741349,0.004655024032993539,1,1,3,4,both,0.0022336430536864273,0.0027559148332138754,0.1972876340150833,2.9985368707291684,0,0
420,0.038737254476496084,0.0030062765165726722,0.7903725402401601,0.99795952033391,-0.038264380887388684,0.004587272228754661,0.004625297179436726,1,1,3,4,both,0.0025550922833167708,0.003487126214776609,0.19415661692619324,3.0070059015501838,0,0
421,0.037703506467783796,0.003058732268187137,0.7904121022382667,0.9980841431019173,-0.03040435319742026,0.004607799704704485,0.0045995832061128845,1,1,3,4,both,0.003077192486108384,0.004862493465229404,0.1920701414346695,3.0251542811101992,0,0
422,0.037040148251107914,0.0031516619284657874,0.7904472954919529,0.9981861998012477,-0.019510535784584747,0.004634328437363718,0.004585082227678304,1,1,4,2,both,0.003636371150457131,0.007378894697578318,0.1912478357553482,3.0477598738849507,0,0
423,0.03678369796859545,0.0032939765621207502,0.790486521693694,0.9982504444136359,-0.007542655368013622,0.004647168837351157,0.004578088647253672,1,1,3,2,both,0.004515758820216787,0.010356479076457866,0.1924714893102646,3.069074375519002,0,0
424,0.036906757083092406,0.0034573626498388267,0.7904963673166567,0.9982720521552748,0.003619385720498686,0.004652790709739212,0.004578240454223299,1,1,4,2,both,0.007620182516452925,0.011643220489754403,0.1945769488811493,3.0855078586327416,0,0
425,0.037375688443696195,0.0036025353925586427,0.7904454507931099,0.998261529637176,0.013792098841287901,0.004646371903403557,0.004585597280218751,1,1,3,2,both,0.00909717816480773,0.011924800834269025,0.1978132128715515,3.0978620226168583,0,0
426,0.038154287281601765,0.0036662604957379726,0.7903583441814563,0.9982276578095534,0.022899965820752047,0.004647080358415694,0.004614969418252509,1,1,3,4,both,0.010129369761842253,0.010568133304353734,0.2008548378944397,3.1068506511428557,0,0
427,0.039075118615959664,0.0036645129378897055,0.7903092890754773,0.9981579164381323,0.027083274539938217,0.004659350140588367,0.0046362999927683675,1,1,3,4,both,0.01698961717140543,0.00758491552624346,0.20287372171878815,3.1102426766417723,0,0
428,0.03997582020757923,0.003639074467481703,0.7902607805264127,0.9980736885528523,0.02649122328292831,0.00466498746275144,0.0046504837396648055,1,1,4,4,both,0.011818447816830741,0.004711113605754635,0.20380166172981262,3.109621535017595,0,0
429,0.04078200260176631,0.0036668373798592227,0.7902092668384922,0.9980056000370978,0.023711246887855333,0.004665957468539816,0.00468099929437308,1,1,4,4,both,0.011825294071610103,0.0038488128376492443,0.20391146838665009,3.10714624857686,0,0
430,0.04141589672190463,0.003790263244272748,0.7901762180260251,0.9979683957242843,0.018643944709950552,0.004669287279005022,0.00471326247731791,1,1,3,4,both,0.008368357933538427,0.0035038327289712776,0.20208603143692017,3.1023461139800577,0,0
431,0.04182454652100353,0.004026215263038199,0.7901504578344524,0.9979616370303147,0.012019111738203003,0.0046699043530976266,0.004735562339480467,1,1,4,4,both,0.0064011730954243,0.0036630198591166975,0.19876056909561157,3.0952421889945616,0,0
432,0.04199053305220978,0.004356665533912215,0.7901287144561272,0.9979791843908219,0.004881956800183897,0.004669316951988189,0.004750839648380609,1,1,4,4,both,0.0046267520275181185,0.003685168008076746,0.19352249801158905,3.086503129952934,0,0
433,0.04192243864563558,0.004753232348378757,0.7901167068037963,0.9980140836243989,-0.002002776663947134,0.004679910596614555,0.004754284363245365,1,1,4,4,both,0.0035049305942214458,0.0034843416101788143,0.187043696641922,3.077006286621134,0,0
434,0.04165590576035003,0.005172751216939404,0.7901189368200056,0.9980596491050209,-0.007839202508398415,0.004696341414404136,0.004747325327069403,1,1,4,4,both,0.00286619201952178,0.0031449288604752123,0.18010999262332916,3.068037920299669,0,0
435,0.04125001871659504,0.005568047238329433,0.790131680388111,0.9981101724044984,-0.011937854228088038,0.004714565123080949,0.004741703437340563,1,1,4,4,both,0.0021717210456026086,0.002692514852661764,0.17447982728481293,3.0612509934402192,0,0
436,0.04078189499710793,0.005910685767733901,0.7901506792776094,0.9981598461454364,-0.013768344690797341,0.004736104620112369,0.004736887714908416,1,1,4,4,both,0.0014559419732272825,0.002128272353168637,0.1685788482427597,3.058157319505776,0,0
437,0.04033366033281733,0.0061890143332438375,0.7901724122939076,0.9982015604524667,-0.013183372479135307,0.0047499182209302,0.004734466707405613,1,1,4,4,both,0.001161034747012562,0.0015302894644853126,0.16224883496761322,3.059315852629734,0,0
438,0.03997369399404033,0.0064012329207642805,0.7901939680887021,0.9982288800324539,-0.01058724525814714,0.004717223480397638,0.004732045951094409,1,1,4,4,both,0.001778792198166832,0.0009936202197707142,0.15525592863559723,3.0639031376516783,0,0
439,0.03975887904473691,0.006546966561551141,0.7902142512733168,0.9982300313834915,-0.006318086744218068,0.004687882672503908,0.004724250536586372,1,1,4,4,both,0.002727377029076629,0.0009421509072094782,0.14821143448352814,3.070971379808428,0,0
440,0.039761159068641166,0.006627503615871417,0.7902246442659823,0.998211368574279,6.705952659570335e-05,0.004661085426054437,0.004703600589000236,1,1,4,4,both,0.00358036028709895,0.0018797520180607289,0.14482231438159943,3.08052664438393,0,0
441,0.04005204759701121,0.0066372548788052165,0.7902190433966308,0.9981871628008202,0.008555544952060153,0.004638457442436218,0.004679546690366954,1,1,4,4,both,0.004669201525229187,0.003352772032044149,0.14593656361103058,3.091658277095255,0,0
442,0.040651395475948614,0.006566046848732031,0.7902110472664987,0.9981457598960255,0.017627878792276532,0.004626650754567606,0.004661936801274427,1,1,3,4,both,0.006924676809773744,0.004243425260479593,0.1459996998310089,3.1017380903550666,0,0
443,0.041542422883705896,0.006429224846808275,0.7901786347231078,0.9980825913799863,0.026206688463449465,0.004625131678414711,0.004636983949519471,1,1,4,3,both,0.008797799195381827,0.006260217708707153,0.14715294539928436,3.109469923782085,0,0
444,0.042676911537166275,0.006269199781056028,0.7901293033929188,0.9979902227130846,0.03336731333706997,0.004632072645860168,0.004621555915050639,1,1,4,3,both,0.00970916014708823,0.010821254298318202,0.1502840518951416,3.1145115173008,0,0
445,0.04396242008930851,0.006127057244182901,0.7900839490224872,0.9978720931728279,0.03780907506300683,0.004652083307792477,0.004607315915608801,1,1,4,3,both,0.008349903904389909,0.014001540320037297,0.15631864964962006,3.116899045374764,0,0
446,0.045240986582848614,0.00600720877769255,0.7900240683066453,0.9977350842532778,0.037604896868826655,0.004665891267120401,0.004583428459796358,1,1,4,3,both,0.005383771383529831,0.015538944000496172,0.16347309947013855,3.1165273504489353,0,0
447,0.04637236607940843,0.0059305785106232665,0.7899620497859066,0.9975980137044568,0.033275867545876935,0.0046938548843822765,0.004568271125576093,1,1,4,3,both,0.00378221989633542,0.013607277748683507,0.1709795743227005,3.1136787959053125,0,0
448,0.04722762126798994,0.0058982251027486065,0.7899125573695557,0.9974850916686787,0.02515456437004443,0.004732842638481345,0.0045619562128749284,1,1,4,3,both,0.0034370697464327464,0.011889336669685592,0.17660309374332428,3.1074351267034324,0,0
449,0.04769495222425047,0.005904902804911091,0.7898907964383909,0.9974144176763642,0.013745028125309734,0.004779086710266972,0.004561474981067036,1,1,4,3,both,0.0035518669856811846,0.010036598622287373,0.1797551065683365,3.0961965396929947,0,0
450,0.04768572215191291,0.005935880563672335,0.7898940620442938,0.9973881949888066,-0.00027147271581054455,0.004740657673655363,0.004566617801926798,1,1,4,3,both,0.004196033069311929,0.00813686407054109,0.18086394667625427,3.078372187459249,0,0
451,0.04711117487738016,0.005976912441170959,0.7899277631306797,0.9974045128427985,-0.0168984492509633,0.004709257130984114,0.004577567581289438,1,1,4,3,both,0.0046930986817843,0.006379016038704013,0.1823694407939911,3.050978314020934,0,0
452,0.045900081170297556,0.0060423161928278265,0.790001238695242,0.9974660533421159,-0.035620403149488354,0.0046821995888484125,0.00459327250836861,1,1,4,3,both,0.005066882818661518,0.005405527500444881,0.1829046756029129,3.0118943154177606,0,0
453,0.0440177296219276,0.006171804500851131,0.7901230966473802,0.9975721093242789,-0.05536328083441052,0.004659160991552707,0.004613644754999424,1,1,3,4,both,0.005657263659520094,0.004320161332897716,0.18378551304340363,2.9622894093253627,0,0
454,0.04147179924134778,0.0064095824926048124,0.7902771693130565,0.9977262180835679,-0.07488030531117115,0.004635913336372005,0.004626787521891405,1,1,3,4,both,0.009421727907984482,0.003011104787696391,0.1826505959033966,2.9061711484668415,0,0
455,0.038338944743528745,0.00682584138597203,0.790459917834323,0.9979302077859231,-0.09214277934761862,0.004611254594235822,0.004658393204870236,1,1,3,4,both,0.00594029132189048,0.0019358813035662012,0.17957070469856262,2.851901662512422,0,0
456,0.03476461697752662,0.007393054267838125,0.7906414599849466,0.9981798460973527,-0.10512728723535661,0.004586838971813008,0.004694133709271242,1,1,3,4,both,0.003410639858484032,0.0016476309792528942,0.176554337143898,2.8089559843075804,0,0
457,0.030936817726772817,0.008095416615138835,0.7908054305099644,0.9984596892203573,-0.1125823309045236,0.004573696273074988,0.004689099210283581,1,1,3,4,both,0.003158489891552675,0.002128157620154219,0.17426075041294098,2.783791369810207,0,0
458,0.027091652543802292,0.008912877590898706,0.7909464895776672,0.9987462946467367,-0.11309309361678015,0.004570064085895425,0.004653070241645688,1,1,3,4,both,0.0032787682631704425,0.003036366484222506,0.17376211285591125,2.782328872656508,0,0
459,0.02343339691343273,0.009827741360682068,0.7910683849077604,0.9990144217705313,-0.10759575383439886,0.004581308715970608,0.0046258473182305415,1,1,3,4,both,0.004376555624846035,0.004141800665235385,0.17484746873378754,2.801435459081319,0,0
460,0.020116489499909674,0.010827668877231914,0.7911808244015587,0.9992445922906935,-0.09755610039773696,0.004599264887899312,0.004609891458228918,1,1,2,3,both,0.006029051049516915,0.006662201496076781,0.178453728556633,2.835415829866812,0,0
461,0.017227839266939615,0.011922733611821999,0.7912643719266373,0.9994275624583873,-0.08496030096970762,0.004608602630679692,0.004574428272119131,1,1,2,2,both,0.008152363116341882,0.010279546193215413,0.18398506939411163,2.8764593993296037,0,0
462,0.014792862867065729,0.013139674636517029,0.791338962977009,0.9995637539568465,-0.07161695293746723,0.004625186446848607,0.004542312740841461,1,1,2,2,both,0.00940976383534134,0.012290600021358995,0.19099202752113342,2.9176345281507654,0,0
463,0.012755938728206729,0.014451227203975795,0.7913979762313973,0.9996581922352064,-0.05990953349585293,0.00464892510791207,0.004522124020398661,1,1,2,3,both,0.010411752462668067,0.010122377416641952,0.19728128612041473,2.9514359794216447,0,0
464,0.01102582696417906,0.015845061293932854,0.7914348733216213,0.9997231855981746,-0.05088564011846084,0.0046562180173113955,0.004502031852923652,1,1,2,3,both,0.010472547313689708,0.006545555005152901,0.2022821009159088,2.9757626885007604,0,0
465,0.009526711767722205,0.01730257599917937,0.7914836893196273,0.9997703437715715,-0.044091623425201606,0.004669670617121622,0.004499003457133648,1,1,2,3,both,0.009868830692367067,0.00420826363986574,0.20621632039546967,2.9929433810384274,0,0
466,0.008160862869561468,0.018806676469430378,0.7915162728735674,0.9998094094355506,-0.040172026416492285,0.004657512352815248,0.004498943603971829,1,1,2,3,both,0.009051086351177856,0.002613397954405239,0.2081131637096405,3.002310610472359,0,0
467,0.0068549725534116784,0.020355958114217663,0.7915403343312625,0.999845365576076,-0.03840853871028791,0.004635908615482225,0.004505589014663015,1,1,2,3,both,0.008301843549361303,0.002294034337167168,0.2077321708202362,3.006261997827869,0,0
468,0.005551603391147046,0.021946546295160862,0.7915620552250243,0.9998799316502842,-0.03833438712543037,0.004609456512009658,0.004516568750293264,1,1,2,2,both,0.0077429541589759026,0.0026487801499747664,0.20539768040180206,3.0061875588641644,0,0
469,0.004225073018843775,0.023572698872217978,0.7915853298094548,0.9999121833456354,-0.03901559918539032,0.004578638747809477,0.004533544517736458,1,1,2,2,both,0.007383554694556921,0.0028023155023687804,0.20131465792655945,3.00432716626274,0,0
470,0.0028843789183559073,0.02522701337639061,0.7916067327505734,0.9999402998780723,-0.039432179426113746,0.004542228183986748,0.00455511673982513,1,1,2,2,both,0.007090255221272802,0.0025600190898302337,0.19553939998149872,3.0030974038327902,0,0
471,0.0015508365093524644,0.02688032482636268,0.7916236264213362,0.9999627346736945,-0.03922183555892479,0.004502579690975946,0.0045778126343647,1,1,2,2,both,0.006788912168877891,0.0023023897632174586,0.18909378349781036,3.003369012529409,0,0
472,0.0002619401026960586,0.028485912312791937,0.7916404053400251,0.9999788920206726,-0.03790871784283546,0.004464060291629629,0.004581332106017116,1,1,2,2,both,0.0069448496170106,0.0019621172100168986,0.18256090581417084,3.0062681300983045,0,0
473,-0.0009401550075693148,0.02998694467418165,0.7916695970644234,0.9999890038408688,-0.035355738537216866,0.004430527209299408,0.0045779988024654515,1,1,1,2,both,0.009761498538825814,0.0014887063154228523,0.17480053007602692,3.0120265012170333,0,0
474,-0.0020356753941336153,0.03130346446855046,0.7917629997611769,0.9999939859525786,-0.03222118784012648,0.0044045395937277534,0.004593583484930417,1,1,1,2,both,0.009647262519095591,0.0008685388757416296,0.16796919703483582,3.0189533259764363,0,0
475,-0.0030395350870604863,0.03231641262416982,0.7918865721459939,0.9999957806294503,-0.02952528508608444,0.004379952523157128,0.004598586242177721,1,1,1,2,both,0.010220258946625605,0.0011172658166979268,0.16046157479286194,3.024754059141674,0,0
476,-0.003928796088352915,0.03293162725864134,0.7920127646615089,0.9999960198270094,-0.026154735332130263,0.004365095136135304,0.004597404955626057,1,1,1,2,both,0.010943363037741462,0.0014214343929994,0.15204612910747528,3.0318641951903365,0,0
477,-0.004688927055545523,0.03309313765385895,0.792147724809208,0.999994871938714,-0.02235679315272375,0.004360111566853557,0.004601424992071092,1,1,1,2,both,0.01272828477442426,0.0011102267574722557,0.1424783617258072,3.0396478862136465,0,0
478,-0.0053190315929040445,0.032789084429058174,0.7922869201539862,0.9999923968201999,-0.018532486392897694,0.004359979776283655,0.004604495544628617,1,1,1,2,both,0.014843480985983135,0.001375324097986621,0.13743339478969574,3.047183172959409,0,0
479,-0.005794926320577947,0.032032848600773024,0.7924070623590762,0.9999891025415524,-0.013996903755114769,0.004362164005089292,0.004602022398028052,1,1,1,2,both,0.01632335148918765,0.0019558994304502775,0.13842125236988068,3.0556911846592247,0,0
480,-0.006086494670636979,0.03084150664028683,0.7924919499024213,0.9999856508283028,-0.008575539707618587,0.0043684219013730916,0.004601169941209925,1,1,1,2,both,0.0171634341096757,0.002116136830221287,0.14455093443393707,3.0652065256189815,0,0
481,-0.006208705224839563,0.02926802310515013,0.792521295582488,0.9999826372378516,-0.003594428064781888,0.004380854649334846,0.004603519653652563,1,1,1,2,both,0.01756638335009144,0.002366394882754647,0.15019893646240234,3.0733655804542264,0,0
482,-0.006210832820008059,0.02740719685880972,0.7924841817608116,0.999980752708127,-6.257632848518498e-05,0.004401611488565313,0.004600104720774465,1,1,1,2,both,0.018045429599465417,0.0030765129295587555,0.15644240379333496,3.078887006629356,0,0
483,-0.006152291872418748,0.025371898149793758,0.7923961785000617,0.9999798163027676,0.0017217925761562054,0.004426422534112476,0.004592617549932499,1,1,1,2,both,0.018814739162075274,0.003657223186890619,0.16367965936660767,3.081743495211052,0,0
484,-0.006092668376738219,0.023306051313211326,0.7922338316170103,0.9999804982931991,0.0017536322258979286,0.004455300783128509,0.004577056198772512,1,1,1,2,both,0.01848557378957175,0.0042576433159421,0.17243647575378418,3.082146291771062,0,0
485,-0.006049247989803287,0.021350833922345585,0.7920164153562949,0.9999811714916962,0.001277070203968581,0.004488023035670911,0.0045671799090700425,1,1,1,2,both,0.018566734571946398,0.004378097407076943,0.17903295159339905,3.0818386709911025,0,0
486,-0.0060280100861436516,0.019612046299902177,0.7917819229966441,0.9999790185504205,0.0006246442252833914,0.004513969677303262,0.004551339739970437,1,1,1,2,both,0.01886929401650348,0.004147946929538634,0.18306389451026917,3.0812578129042665,0,0
487,-0.006031186458225083,0.018163219019680255,0.7915420220874109,0.9999728969312053,-9.342270827739228e-05,0.004530941159552715,0.004532463709638897,1,1,1,2,both,0.01878118201661562,0.003920691105689801,0.18507324159145355,3.080531735274488,0,0
488,-0.006051731301735002,0.017063333326991233,0.7913170324535387,0.9999628619602615,-0.000604260103232911,0.004556351924187175,0.004517565499400519,1,1,2,2,both,0.01557297322574147,0.0034941611147512436,0.18523454666137695,3.0800299097256194,0,0
489,-0.006096555397584606,0.016346951706222915,0.7912335606342817,0.999950724333471,-0.0013183557602824713,0.004617165562982764,0.004529912050876262,1,1,3,2,both,0.00794269203623044,0.0015240805458308982,0.1841333657503128,3.0791540377626516,0,0
490,-0.006334244267822672,0.015901454917200714,0.7912250493263498,0.9999414091278463,-0.0069908491246490085,0.004648787734751952,0.004526178427320299,1,1,3,2,both,0.005139310404488256,0.001506936052473958,0.18070672452449799,3.0705907734103133,0,0
491,-0.006826432906652936,0.015613548628261904,0.7912178322246893,0.9999322111517694,-0.014476136436184235,0.0046883988884815694,0.0045101647044910355,1,1,4,2,both,0.002393507573060105,0.0018874821672404504,0.17758826911449432,3.0578950864390824,0,0
492,-0.007567169379570851,0.015457240379891417,0.7912210880127496,0.9999190790140995,-0.021786366850526897,0.004721239787939039,0.00449690868837779,1,1,4,2,both,0.001028747414087626,0.0018600096347232717,0.17288275063037872,3.044098210043112,0,0
493,-0.008525153910313275,0.01541702933873721,0.7912215005029771,0.9998988125576783,-0.028176015610071298,0.0047447863194444335,0.004481748829499931,1,1,4,2,both,0.00035552774589862516,0.0012906671358438205,0.16690509021282196,3.0309416874470783,0,0
494,-0.009628730380348293,0.015463681744445295,0.7912182830696309,0.9998690164144649,-0.032458131471618176,0.004758175720522086,0.004462735708291785,1,1,4,2,both,0.0006425023377977192,0.0008961644794294144,0.15887022018432617,3.0215583271416047,0,0
495,-0.010756788017604746,0.015560003963667083,0.7912118861919214,0.9998281618267226,-0.033178165801660366,0.004756504554660413,0.004438101369408986,1,1,4,2,both,0.001224479096660559,0.0021129891356855357,0.14870376884937286,3.0198767205979196,0,0
496,-0.011762728420987995,0.015669994511064926,0.7912029938858723,0.999776291832557,-0.029586482452448496,0.004756269734250331,0.004411434873327631,1,1,4,2,both,0.001678156634456322,0.003624960269363644,0.1415831297636032,3.0277229034924216,0,0
497,-0.012526444475046153,0.015774958948332408,0.7912071818944568,0.9997186093121518,-0.02246223688406348,0.004747057815234684,0.004389216108872784,1,1,4,2,both,0.0019488884441606917,0.006884087052381265,0.13840626180171967,3.042462754506007,0,0
498,-0.012983278152017315,0.01589213303297814,0.7912475515043143,0.9996654511752001,-0.013436284616798872,0.004738445356767124,0.004370351717409272,1,1,4,2,both,0.0022193239338343957,0.010543410459819833,0.13884203135967255,3.0593812098918973,0,0
499,-0.013117547643215374,0.016071527075486855,0.791312522579506,0.9996234883148053,-0.003949102682295853,0.004731367807003645,0.004370615557682332,1,1,4,2,both,0.0029882468816667313,0.01185661956571311,0.14105649292469025,3.0749082272793826,0,0
500,-0.012963185760583782,0.016316013363532497,0.7913380968650924,0.9995943340096654,0.004540055371517397,0.004721365707161619,0.004374605204351449,1,1,4,2,both,0.004458389154225942,0.012629327448719078,0.14468733966350555,3.086806034186388,0,0
501,-0.012560875034039572,0.016573860830698253,0.7913119435166569,0.9995742992623157,0.011832668427770872,0.004720333424944836,0.00438278820091138,1,1,4,2,both,0.006196385259518487,0.014634435797879703,0.1483251303434372,3.0956948281715593,0,0
502,-0.011952184758928742,0.01678745333656108,0.791217227550966,0.9995599946152349,0.017902655150318535,0.004729543400444437,0.004397805565543238,1,1,4,2,both,0.007939358889302387,0.015737611488136904,0.15134838223457336,3.102161813404144,0,0
503,-0.011270657983998214,0.016940121053519133,0.7912264869508603,0.9995579091386739,0.02004490514501552,0.0047740469679985464,0.004431999442200924,1,1,4,3,both,0.008535649819302318,0.008493762729485311,0.1553685963153839,3.10422161024367,0,0
504,-0.010683310573197425,0.017095402103610328,0.7912167146307066,0.9995625818901651,0.01727492384708204,0.004766933826386651,0.0044472969606188205,1,1,4,2,both,0.00768977290738978,0.004170265511498733,0.1564614176750183,3.1014571761058627,0,0
505,-0.010257073721374025,0.017298715726291394,0.7911799134527047,0.9995597925745447,0.012536377994805881,0.0047425883646497295,0.004474938793487503,1,1,4,2,both,0.0070671344847390545,0.002673384117645945,0.15619365870952606,3.0962887212878454,0,0
506,-0.010021966063109138,0.017537779621861958,0.7911310068133227,0.9995455945031188,0.006914931125437855,0.004720567053110594,0.004497956308038002,1,1,4,2,both,0.006930373824615196,0.002713557895108459,0.15400226414203644,3.089482927724063,0,0
507,-0.009990721708716583,0.017786626055903938,0.7910795508305596,0.9995203273797816,0.0009189515997810279,0.004696509523158445,0.004516014094677303,1,1,3,2,both,0.006821322161584812,0.002692507893913345,0.15011774003505707,3.0814347977372853,0,0
508,-0.010150107235488237,0.018021851795443806,0.7910297097038871,0.9994872084336417,-0.004687809610930994,0.004662949690134258,0.004530455949367018,1,1,3,2,both,0.0060497479893023695,0.002505588667063397,0.14507338404655457,3.073123227755208,0,0
509,-0.010457329297286643,0.01822209235698203,0.7909860469626151,0.9994501548117731,-0.009035942994070765,0.0046202903484065146,0.004540093357402335,1,1,3,2,both,0.00469092024395772,0.0023301340062334653,0.13954418897628784,3.0660930697959006,0,0
510,-0.01084031874164396,0.018370880346844577,0.7909525133219383,0.999412826536648,-0.011264395422274023,0.004576935853362975,0.00454820664886274,1,1,3,3,both,0.0031999243675296853,0.002193051055271571,0.13419166207313538,3.0622876534174606,0,0
511,-0.011207978178772107,0.018469944612386224,0.7909348700063031,0.9993801847220427,-0.010813512856710212,0.00453590806557163,0.00455851269159541,1,1,3,3,both,0.001779575815980355,0.0021445422120445067,0.12895889580249786,3.0630427113435243,0,0
512,-0.011457306556853073,0.01852851397815153,0.7909334167071217,0.9993607612647625,-0.007333187590616643,0.004499045154606654,0.0045682701640509735,1,1,3,3,both,0.0003463708795433653,0.001901961595691624,0.12437497824430466,3.068841828858631,0,0
513,-0.01152156828513286,0.018492449170479743,0.7910261030514799,0.9993634476651051,-0.001890050831758431,0.004477450235906604,0.004592057588646017,1,1,2,3,both,0.0032752241408120627,0.0018898692038061336,0.11989495158195496,3.0773182585108283,0,0
514,-0.011413713488844388,0.018263934891278855,0.791171420634374,0.999396259142424,0.0031721998908374087,0.0044560315129465,0.004609664919799691,1,1,2,3,both,0.005318538397465827,0.0016770417435899097,0.11570917069911957,3.084596031450832,0,0
515,-0.011115867090691544,0.017790921121683168,0.7913410174851689,0.9994490076565609,0.008760188180965977,0.004446280613866795,0.004629841268391544,1,1,2,4,both,0.006734940464793866,0.000824180135956901,0.11424843966960907,3.0919955070784915,0,0
516,-0.010598265710981554,0.017084295837683113,0.7915194015364374,0.9995104035585881,0.015223569991470303,0.004447503888971395,0.0046471019425910615,1,1,2,4,both,0.008219309571621118,0.00035644685558133447,0.11599677056074142,3.099641927444252,0,0
517,-0.00985307847238286,0.016194471958628984,0.7916703379828662,0.9995710273166944,0.021917271723491005,0.00445221083432918,0.00466569635441148,1,1,2,4,both,0.009035131697774887,0.0010650554890926141,0.12102030217647552,3.1065151745866384,0,0
518,-0.008896613961241955,0.015201788853146698,0.7917785729794625,0.9996284682505373,0.02813130915120307,0.004462708527570136,0.004690382340286452,1,1,2,4,both,0.009372587004591237,0.001575398487490628,0.12564924359321594,3.111967100860892,0,0
519,-0.007778944040816499,0.014209857966545367,0.7918335323248006,0.99968391782254,0.03287264471839577,0.004476873092543195,0.0047190524430245975,1,1,2,4,both,0.009828840583948327,0.0020225617971797254,0.13141845166683197,3.115549231892138,0,0
520,-0.006549554731099385,0.013323001183491197,0.7918350479718285,0.9997364570239884,0.03615850910932688,0.004490424536667752,0.004745357524572145,1,1,2,4,both,0.00994745704046656,0.002453075295736538,0.13926728069782257,3.117744180380969,0,0
521,-0.005250788916367822,0.012653338297543785,0.7917674759302364,0.99978487990814,0.03819899455092832,0.0045048490086317255,0.00470629175441644,1,1,2,4,both,0.010011070658813095,0.0028229352844995137,0.14830046892166138,3.1189853835591586,0,0
522,-0.003906419669865544,0.012299309352310292,0.7916416038249166,0.999828396864542,0.03954027195594936,0.004517983772396587,0.004677045827329616,1,1,2,4,both,0.009596768207769349,0.0029501150519063114,0.15842244029045105,3.1197180221764853,0,0
523,-0.002523016963037989,0.012322338639543282,0.7914719969263871,0.9998653544968885,0.04068831490669278,0.004525085354227493,0.004662700264445079,1,1,2,4,both,0.009032449733881422,0.003000522365235039,0.16684292256832123,3.1202466228495336,0,0
524,-0.0010852045699319584,0.01273800837658249,0.79127867543885,0.9998968894980055,0.0422885997972362,0.004523065903380315,0.004663194419271672,1,1,2,4,both,0.008704089072335499,0.0028436846809259844,0.17268899083137512,3.120872740416409,0,0
525,0.000405149355209803,0.013474102133494177,0.7911793554442415,0.9999256345524784,0.04383393897475769,0.004535711211945102,0.004695400534240158,1,1,3,4,both,0.006159766868889024,0.002329460685483417,0.17603902518749237,3.1213819577317587,0,0
526,0.001779424428968746,0.0142835350101409,0.791188494882978,0.9999562777963892,0.040419855110557144,0.004524250563408643,0.004725535364281868,1,1,3,4,both,0.005198778193701604,0.00220929216280038,0.17602364718914032,3.119832080007909,0,0
527,0.002938047919738934,0.014987335143867311,0.7911975494929492,0.9999810897535479,0.03407716149324082,0.004529015875316483,0.00473910974333655,1,1,3,4,both,0.00315279789140601,0.0017521324273896241,0.17733998596668243,3.1162654222183064,0,0
528,0.0038565190418351552,0.01553058954573955,0.7912046390680714,0.9999956044849427,0.027013856532241802,0.004558680064442669,0.0047371706570954256,1,1,2,4,both,0.0020784247892451334,0.001263786515905537,0.17772093415260315,3.111188688101513,0,0
529,0.004523642110422055,0.015922977523313404,0.7912185634765648,0.9999999605586407,0.019621266723144102,0.004592522581522582,0.004722903922679992,1,1,2,4,both,0.0023077793884128664,0.0007114398134738046,0.17723995447158813,3.104634259030886,0,0
530,0.004949959283761307,0.016186795437308967,0.7912380211249395,0.9999960779996353,0.012538740392330956,0.004599889429342682,0.004703962662397861,1,1,2,4,both,0.003278376836160605,0.0006572540786320348,0.17613807320594788,3.097156782931621,0,0
531,0.005178735660784285,0.01634553291456357,0.7912605432803015,0.9999866704455243,0.006728716971264056,0.004577499190582736,0.004679653198922117,1,1,2,4,both,0.004380314267333412,0.0013817647796451951,0.1736840307712555,3.090158108400394,0,0
532,0.005304427650575991,0.016420282013224086,0.7912811817903243,0.9999745774462936,0.00369682322916782,0.004570204453167984,0.004647800310973484,1,1,2,4,both,0.005754545194042174,0.0025387104004149868,0.1704028695821762,3.08620191063982,0,0
533,0.005479035666023613,0.016430525734219815,0.7912992673633139,0.9999622309179694,0.005135529866106531,0.0045773174682945394,0.004609282897125949,1,1,2,3,both,0.006810139983570606,0.004243034404874921,0.1675608903169632,3.0880786260279605,0,0
534,0.0058398692718525935,0.016427724792719287,0.7913168336057107,0.9999495789848275,0.01061275311261707,0.004595378351938635,0.004575363534972319,1,1,2,3,both,0.007692540594611795,0.007046050410745261,0.16661566495895386,3.094833560449284,0,0
535,0.006467565055036874,0.01646604536230456,0.7913286828030699,0.999933687928158,0.018461640681890604,0.004610197472039893,0.0045429296467666275,1,1,2,3,both,0.008962985141688884,0.011373506784597615,0.16836999356746674,3.10328945110454,0,0
536,0.007388604575162577,0.01657103737898001,0.7913303427120812,0.9999113405609694,0.027089397650755975,0.004615450944844952,0.0045247357987366656,1,1,2,3,both,0.010785645177424554,0.015079029781765554,0.17216484248638153,3.110886137129179,0,0
537,0.008556031872388285,0.016733537479640397,0.7913256897257552,0.9998788424231677,0.034336096977226706,0.004614198862443714,0.0045248747951981555,1,1,2,2,both,0.012935062275352982,0.014883987919039691,0.17667411267757416,3.1158560027095343,0,0
538,0.009899590619854801,0.0169646211196208,0.7913049887156375,0.9998352954020571,0.039516433749015166,0.004596795279209375,0.004535676157004578,1,1,2,3,both,0.014087357424856435,0.012198638719485627,0.18129204213619232,3.11857163897714,0,0
539,0.011316973169644508,0.01727070365552219,0.7912667463512806,0.9997812160444914,0.04168772205263843,0.004572130667804698,0.0045543635068998264,1,1,2,3,both,0.01384314339393658,0.008354687490351924,0.18459372222423553,3.1194080819162595,0,0
540,0.012693479588391194,0.017648544277922642,0.7912104249446043,0.9997223262756858,0.0404854829043143,0.004561284192541239,0.004590774787669703,1,1,2,3,both,0.013206174405302811,0.005748230475335138,0.18948516249656677,3.1186635982961697,0,0
541,0.013920583715237689,0.018097524961041306,0.7911650167511457,0.9996629686096051,0.03609129784842632,0.004565919848550228,0.004632503164802581,1,1,2,4,both,0.012548616309742446,0.004658921800864262,0.19308550655841827,3.116156969322911,0,0
542,0.014903203149279362,0.01858810106819077,0.7911292973704602,0.9996130938441536,0.028900571589460966,0.004570341181609955,0.004663716891574649,1,1,2,4,both,0.01189185552357041,0.0033516650318721726,0.19487108290195465,3.1112247576942944,0,0
543,0.01558170542639828,0.019098020873041355,0.7910913851984777,0.9995805881746015,0.01995594932702703,0.004578426572168545,0.0047005649769742315,1,1,2,4,both,0.010995164310740253,0.0028823717972232847,0.19529245793819427,3.1034547173074234,0,0
544,0.01592677818378564,0.01958596759597347,0.7910545926019202,0.9995662401637083,0.010149198746686993,0.004593168674289418,0.004691376809849643,1,1,2,4,both,0.00989475575282716,0.002827907058514749,0.1940808743238449,3.092831795868599,0,0
545,0.015940691770885577,0.01999531291385462,0.7910264808877469,0.9995671923757566,0.0004092231499982036,0.004613256483965999,0.0046890978573428665,1,1,3,4,both,0.008377562909747211,0.002687043551859375,0.19107899069786072,3.0801435930861,0,0
546,0.01565220899757958,0.020277781823456013,0.7910175826244209,0.9995782322730619,-0.008484787450176433,0.004595337124563833,0.004691024221073096,1,1,3,4,both,0.005777023928639496,0.002358935946029761,0.18638060986995697,3.0665884541930404,0,0
547,0.015124773781096853,0.020401439682644604,0.7910120147054228,0.9995961175071917,-0.015512800484786045,0.004570744423748295,0.004689248684954548,1,1,3,4,both,0.0038937585050555275,0.0019398381587738755,0.18105767667293549,3.0544564848818814,0,0
548,0.014456127365603465,0.020365819750951156,0.7910154446881696,0.9996193073025598,-0.019666071043923178,0.004546765968438317,0.004685253332157486,1,1,3,4,both,0.002572884388780793,0.0014999356207568348,0.17876294255256653,3.046761191067583,0,0
549,0.013753343145499851,0.020164610563398917,0.7910269976372203,0.9996454086931718,-0.020670124120694525,0.004525161120891068,0.004679468631295928,1,1,3,4,both,0.0016453766037813021,0.0010813466698503373,0.17615123093128204,3.0449445828014308,0,0
550,0.013115417713416238,0.019796162937579312,0.7910452557274792,0.9996697222859798,-0.018762512708341554,0.004506660616131721,0.004672504418262925,1,1,3,4,both,0.0016934232382722482,0.0007490115330443012,0.1722261756658554,3.0488020052272553,0,0
551,0.012624612866478969,0.019277098149500054,0.7910707719802026,0.9996877678166206,-0.014435436674625574,0.004491946104502265,0.004660621909699649,1,1,3,4,both,0.002912938881205199,0.0008524717009028523,0.16606394946575165,3.0570209715713026,0,0
552,0.012361511205269182,0.018629598015729696,0.7911094998143868,0.9996973722424358,-0.007738284153229015,0.004482237276719744,0.0046441635463358305,1,1,3,4,both,0.005238089746104612,0.0019104050790720046,0.16372402012348175,3.0686339358480876,0,0
553,0.012396840390368452,0.017842819327601664,0.7911754698037311,0.9997023721513413,0.0010390936793902897,0.004474940660352356,0.004635514053746664,1,1,2,3,both,0.009032948360074839,0.005077973858937427,0.16563723981380463,3.081997974103281,0,0
554,0.012757656785898975,0.016883702811934544,0.7912685776493743,0.999701411920477,0.010612246927368328,0.004479870744305638,0.004634574857694883,1,1,2,3,both,0.012353824502407077,0.008527074200467596,0.16654880344867706,3.0944743209047987,0,0
555,0.013433921334542446,0.015769967294265386,0.7913135083632545,0.99969567664114,0.019890133783631476,0.00448696112179282,0.004604783003665697,1,1,2,2,both,0.014033078567279143,0.012335576138528221,0.16708840429782867,3.104580592981364,0,0
556,0.014421147916823125,0.014591210322543914,0.7913093866049918,0.999687889002347,0.029036075949431743,0.004507065496838887,0.004565449025350294,1,1,2,2,both,0.01583792518599453,0.015032002474830268,0.16896703839302063,3.11255799714247,0,0
557,0.015695301018449074,0.013431104397012292,0.7912423453823623,0.9996766630741271,0.037475091224292614,0.004528531370415291,0.004538155117137767,1,1,2,2,both,0.017368916978938265,0.016238983176611946,0.17223341763019562,3.1181435405853835,0,0
558,0.01720512926109168,0.012376205022371274,0.7911771944335292,0.9996573341004396,0.044406713018900146,0.004576201794238267,0.004539101316755615,1,1,4,2,both,0.013059097836886099,0.016978155423362003,0.17734366655349731,3.121449242597007,0,0
559,0.01875407514860123,0.011412150057863318,0.7911797083989526,0.9996214020094736,0.04555723198557504,0.004603880844654299,0.00454001358220936,1,1,4,2,both,0.005609269269047569,0.017218421093349836,0.18120653927326202,3.1219629566394866,0,0
560,0.02019752022124171,0.010463926511037938,0.791129634068314,0.9995788864298693,0.042454266842367014,0.00463056085107769,0.004533831897922402,1,1,4,2,both,0.0024717121957012664,0.012257803270976218,0.1832696497440338,3.120845188859194,0,0
561,0.021432412411011573,0.009487613964746913,0.7910710306369803,0.9995416787564616,0.036320358522643065,0.004656774731714653,0.004540404401924315,1,1,4,2,both,0.0017960099898479136,0.009505238431156998,0.18373678624629974,3.1179032757734393,0,0
562,0.022370751804686857,0.008491971671888539,0.7910236577770884,0.999513926362444,0.027598217461037737,0.004676762625582649,0.004547232003547931,1,1,4,2,both,0.001737751316653141,0.008421229611321196,0.18303288519382477,3.1121775033228474,0,0
563,0.022933192197406346,0.007515306510171377,0.7909914720644208,0.9994969080242626,0.016542364491749697,0.004694451359353792,0.004555283177006184,1,1,4,2,both,0.0016181175831707537,0.007365547630932447,0.18073517084121704,3.102306740019062,0,0
564,0.023055997693586454,0.006605638153930086,0.7909767631604216,0.9994910106325486,0.0036119263582384572,0.004685377299259021,0.004568711705775715,1,1,4,2,both,0.0013058297090122871,0.00584001111934341,0.17746715247631073,3.0871134822168034,0,0
565,0.022698146974595552,0.005809699990049344,0.7909819906328878,0.999494713520617,-0.010525021146791215,0.004650854875790204,0.004588766109230341,1,1,4,2,both,0.001064565924250005,0.004104557769075536,0.1739116609096527,3.065902444836018,0,0
566,0.02186851357594102,0.005167353156611267,0.7910068544223618,0.999510048285195,-0.024400982313368607,0.004625762283197096,0.004614054694057828,1,1,4,2,both,0.0011325980223044084,0.0027497275128689496,0.16908766329288483,3.040049143851962,0,0
567,0.020624807262793265,0.004697922154170787,0.7910446935317993,0.9995411075492732,-0.0365795974455222,0.00460846679902965,0.004626098966058329,1,1,4,2,both,0.0017371735326927767,0.0027719643088450897,0.16363097727298737,3.0135330500018664,0,0
568,0.01910118817340831,0.004393357432890636,0.7910866355128195,0.999590752661459,-0.044812326158381016,0.004601488190115771,0.004571084885272837,1,1,4,2,both,0.0022635814661291016,0.00435432512175486,0.15998397767543793,2.9937629176123948,0,0
569,0.017469940310883343,0.004232407950704545,0.7911254229738364,0.9996534737743534,-0.047977878309557846,0.004609684070236042,0.004521065517289851,1,1,4,2,both,0.0024758424085352545,0.0063470188575415224,0.15788422524929047,2.9858550165850506,0,0
570,0.015927031933992957,0.004209278199991643,0.7911599558832835,0.999718215809998,-0.04537965814383488,0.004633638890049016,0.0044802599178532,1,1,4,2,both,0.0025814878078568217,0.009194739845407475,0.1579551100730896,2.9925601687324623,0,0
571,0.014619997260925645,0.004341421152651472,0.7911923992587876,0.9997749521867286,-0.03844219626668565,0.004667263143406382,0.004450425900232462,1,1,4,1,both,0.0026749060239697527,0.013997402147005178,0.16057783365249634,3.009568994947885,0,0
572,0.013643923862784792,0.004634331132511006,0.7911950192247156,0.9998191266512729,-0.028708041121789787,0.004699867524952831,0.0044232859501432825,1,1,4,1,both,0.002970721906995376,0.020366227097153262,0.16571073234081268,3.03154451113953,0,0
573,0.01302597434505718,0.005090309329167278,0.7912154404899977,0.9998459521166287,-0.018174985815518,0.004733032908803777,0.004414675607301792,1,1,4,1,both,0.003199847920586127,0.021913319848984165,0.17244791984558105,3.052759544527413,0,0
574,0.012726806968226421,0.005698320810837986,0.7912133487376877,0.9998575269573936,-0.008799040495022318,0.004773002129548943,0.0044109277478121545,1,1,4,1,both,0.00415476586267242,0.02121759753902339,0.17924922704696655,3.069251652030683,0,0
575,0.012738166106928185,0.006407598964169285,0.7911710592296539,0.9998593573124621,0.00033409231475777445,0.0047685411026084645,0.004422055288888133,1,1,4,2,both,0.005958638238759217,0.020645750248609707,0.1858682930469513,3.083054122851488,0,0
576,0.012980869209098748,0.007214509053512778,0.7911464247569332,0.9998514224525427,0.007138326534428302,0.004754447979336572,0.004440370898818612,1,1,4,2,both,0.006701061640807712,0.016492901968008365,0.19231384992599487,3.0918998650126435,0,0
577,0.013367422902839139,0.008112741090630753,0.7910882006369605,0.9998377909271253,0.01136922628648209,0.004725198515867786,0.004464353828228688,1,1,4,2,both,0.00696424974899358,0.011778303698681368,0.1988610327243805,3.096739774667638,0,0
578,0.013830312996835023,0.009093381905611308,0.791057385243192,0.9998223136850748,0.01361441452929072,0.004704591120330549,0.004512703152779449,1,1,4,3,both,0.006861066228935046,0.009537049322702983,0.20388932526111603,3.099017253245509,0,0
579,0.014314903391875227,0.010129143205991252,0.7910149159842906,0.9998084050405982,0.01425265867765305,0.00468388288452222,0.004569665845892697,1,1,3,3,both,0.006913278049779033,0.006872834467872265,0.20709586143493652,3.0994362190979783,0,0
580,0.01480364548596855,0.011188173111962282,0.7909602918971671,0.9997967897061628,0.01437476747333305,0.004659134052756763,0.0046230346373771075,1,1,3,3,both,0.0073992280701942765,0.006002020253310842,0.20892609655857086,3.099314224299483,0,0
581,0.015299437808176592,0.012210968928646895,0.7909066735537095,0.9997853705237852,0.014582127123765928,0.004619931438039241,0.004658370655099511,1,1,3,4,both,0.007526838445216283,0.005555781563140709,0.20907451212406158,3.0993246640025545,0,0
582,0.015825894658970076,0.013127309545632581,0.7908682812251769,0.9997705290322492,0.015484025023337766,0.004576023544535349,0.004680386186256075,1,1,3,4,both,0.006568556953614478,0.005036964877398311,0.20767977833747864,3.1001243444995326,0,0
583,0.01643553254792212,0.01387804907116465,0.7908337165220352,0.9997490021898184,0.01793052614564834,0.004534939619322106,0.004698662126671971,1,1,3,4,both,0.005460400479870406,0.0042927758829056,0.2058679610490799,3.102508181781126,0,0
584,0.017191462044290975,0.014430466741835206,0.790805763666503,0.9997173760573841,0.022233220481436902,0.004502519226686111,0.004707097487941958,1,1,3,4,both,0.004427754306299851,0.0038668931258207845,0.20390936732292175,3.1065031167185087,0,0
585,0.01815916610800913,0.014773212206655154,0.7907844107216847,0.9996712807616992,0.02846188422700457,0.004479290744776567,0.004708833511987625,1,1,3,4,both,0.0038833093620585526,0.0033668847976310104,0.20183543860912323,3.111580866206189,0,0
586,0.019409094786675678,0.014923741769200161,0.7907635727573117,0.9996069906871535,0.03676260819607492,0.004463049129300095,0.004702317208747517,1,1,3,4,both,0.0036496871758260954,0.0029019658868463306,0.1996275931596756,3.1169478662067944,0,0
587,0.020999848974864708,0.014937046068765725,0.7907438275604866,0.9995133268211327,0.046786887887912645,0.004453745527002929,0.004694479510025062,1,1,3,4,both,0.004051002179912732,0.0027647634312074065,0.19654376804828644,3.1212376194619122,0,0
588,0.022967548317265333,0.01483881279674676,0.790726361081138,0.9993781440257776,0.057873510070606614,0.004449687104166513,0.0046866169867883015,1,1,3,4,both,0.0054011021470547135,0.00245754261566839,0.1919000744819641,3.123178481736251,0,0
589,0.025336959774800133,0.014637531592711698,0.7906856828557877,0.9991936437291418,0.06968857228043529,0.004442404050457677,0.004670527518462,1,1,3,4,both,0.007952192956619523,0.002408118073230361,0.18897108733654022,3.1220054902628145,0,0
590,0.028150955102092888,0.014316127570518268,0.7906327048890298,0.9989597691435387,0.08276456844978691,0.0044426932307774746,0.004648508543424541,1,1,2,4,both,0.010830464884457013,0.002673395501177024,0.19048431515693665,3.1169924208829163,0,0
591,0.03142099698110041,0.013870392936388741,0.7905251142800651,0.9986830556588782,0.09617770232375061,0.0044432995171166285,0.004615803386471259,1,1,2,4,both,0.011564019494580816,0.003957621006273806,0.19734421372413635,3.108074146048653,0,0
592,0.035151176301864685,0.013332482197472613,0.7903412347802666,0.9983668347976477,0.10971115649306694,0.00445315942644689,0.004591250374706438,1,1,3,3,both,0.011638519857115653,0.004946789220004817,0.2045671045780182,3.0956042457402093,0,0
593,0.03925602550905712,0.01273935786514951,0.7901557927444501,0.9979871461938019,0.12073085903507168,0.004485968495606941,0.004589611573284004,1,1,3,3,both,0.010942056852432921,0.006793684936856466,0.21163968741893768,3.0830128831348356,0,0
594,0.043567728062174585,0.012095437371854482,0.7899238273076824,0.9975309911139254,0.126814780974043,0.004511464875378714,0.004563949584839206,1,1,3,3,both,0.008069256301279066,0.0077638078973382724,0.22019867599010468,3.07490121550782,0,0
595,0.047942756512801846,0.011445373639639538,0.7896582852003902,0.9970201872084241,0.12867730737139002,0.004560518566183291,0.004539611092419363,1,1,3,3,both,0.006366983681888614,0.008867587279782234,0.23077327013015747,3.071701297035293,0,0
596,0.052220329334648506,0.010809901141291064,0.7893650297303432,0.9964690165443831,0.12581096534843117,0.004622279058016623,0.004520586438622139,1,1,3,3,both,0.005765438642818155,0.00999858751507867,0.23965659737586975,3.0744279155113703,0,0
597,0.05631052389328993,0.010193862236261996,0.7890932374366111,0.9958619371355169,0.12029983996004184,0.004679785248109119,0.004512578154657873,1,1,4,2,both,0.007876650448225404,0.013431377196640436,0.20708812773227692,3.0806891732457573,0,0
598,0.06014982229318211,0.00969358953716631,0.7888785443675157,0.9952483000604908,0.1129205411732994,0.004712392967039836,0.0044887811683115356,1,1,4,2,both,0.008956293850080356,0.014724820756415782,0.21572303771972656,3.08785200814643,0,0
599,0.06369040819566686,0.009375742332844786,0.7886806047967219,0.9946663626298194,0.10413487948484565,0.004708773317223691,0.00446419743253617,1,1,3,2,both,0.012125474240299118,0.014339243888159546,0.22299210727214813,3.095508999251902,0,1
