step,motion_frame,world_x,bc_frame_penetration_m,ppo_frame_penetration_m,bc_frame_max_deficit_m,ppo_frame_max_deficit_m,frame_max_deficit_improvement_m,bc_distance_sphere_0_m,bc_distance_sphere_1_m,bc_distance_sphere_2_m,bc_distance_sphere_3_m,bc_distance_sphere_4_m,bc_distance_sphere_5_m,bc_distance_sphere_6_m,bc_distance_sphere_7_m,ppo_distance_sphere_0_m,ppo_distance_sphere_1_m,ppo_distance_sphere_2_m,ppo_distance_sphere_3_m,ppo_distance_sphere_4_m,ppo_distance_sphere_5_m,ppo_distance_sphere_6_m,ppo_distance_sphere_7_m,flat_reference_sphere_0_m,flat_reference_sphere_1_m,flat_reference_sphere_2_m,flat_reference_sphere_3_m,flat_reference_sphere_4_m,flat_reference_sphere_5_m,flat_reference_sphere_6_m,flat_reference_sphere_7_m,bc_deficit_sphere_0_m,bc_deficit_sphere_1_m,bc_deficit_sphere_2_m,bc_deficit_sphere_3_m,bc_deficit_sphere_4_m,bc_deficit_sphere_5_m,bc_deficit_sphere_6_m,bc_deficit_sphere_7_m,ppo_deficit_sphere_0_m,ppo_deficit_sphere_1_m,ppo_deficit_sphere_2_m,ppo_deficit_sphere_3_m,ppo_deficit_sphere_4_m,ppo_deficit_sphere_5_m,ppo_deficit_sphere_6_m,ppo_deficit_sphere_7_m,ppo_residual_joint_0_rad,ppo_residual_joint_1_rad,ppo_residual_joint_2_rad,ppo_residual_joint_3_rad,ppo_residual_joint_4_rad,ppo_residual_joint_5_rad,ppo_residual_joint_6_rad,ppo_residual_joint_7_rad,ppo_residual_joint_8_rad,ppo_residual_joint_9_rad,ppo_residual_joint_10_rad,ppo_residual_joint_11_rad
150,37.8,-0.40697377920150757,0.01681821420788765,0.01681821420788765,0.032777779623866084,0.032777779623866084,0.0,0.037282150238752365,0.04036079719662666,-0.014696544036269188,-0.01681821420788765,0.07057271897792816,0.07416418939828873,0.016777431592345238,0.021087193861603737,0.037282150238752365,0.04036079719662666,-0.014696544036269188,-0.01681821420788765,0.07057271897792816,0.07416418939828873,0.016777431592345238,0.021087193861603737,0.04978417605161667,0.04801611602306366,0.023081235587596893,0.02095956541597843,0.06835050135850906,0.07194196432828903,0.014555211178958416,0.01886497437953949,0.0075020258128643035,0.0026553188264369964,0.032777779623866084,0.032777779623866084,0.0,0.0,0.0,0.0,0.0075020258128643035,0.0026553188264369964,0.032777779623866084,0.032777779623866084,0.0,0.0,0.0,0.0,0.0,0.0,0.0,0.0,0.0,0.0,0.0,0.0,0.0,0.0,0.0,0.0
151,38.22,-0.412280797958374,0.01849643886089325,0.023966310545802116,0.032777779623866084,0.039108550995588305,-0.006330771371722221,0.02598188817501068,0.029100803658366203,-0.01663278415799141,-0.01849643886089325,0.07074487954378128,0.07445024698972702,0.014378553256392479,0.018824998289346695,0.0619552806019783,0.061119649559259415,-0.02296355552971363,-0.023966310545802116,0.08515985310077667,0.08944525569677353,0.01711987517774105,0.02226235717535019,0.04535076767206192,0.04379772022366524,0.021144995465874672,0.01928134076297283,0.06852265447378159,0.07222802937030792,0.012156332843005657,0.0166027769446373,0.014368879497051238,0.009696916565299033,0.032777779623866084,0.032777779623866084,0.0,0.0,0.0,0.0,0.0,0.0,0.039108550995588305,0.03824765130877495,0.0,0.0,0.0,0.0,0.07558606564998627,0.003410383826121688,-0.00010635373473633081,0.05721108987927437,-0.00822495948523283,0.005068803206086159,0.027203919366002083,0.012080766260623932,0.0026915636844933033,0.03285031020641327,0.014048620127141476,0.000612135510891676
152,38.64,-0.4176351726055145,0.020497573539614677,0.026562590152025223,0.032777779623866084,0.0401718382537365,-0.007394058629870415,0.01471693441271782,0.017852818593382835,-0.01883862353861332,-0.020497573539614677,0.07081782817840576,0.07467644661664963,0.011348633095622063,0.015978978946805,0.06987079977989197,0.06959587335586548,-0.026232684031128883,-0.026562590152025223,0.09671546518802643,0.10179442912340164,0.01767626218497753,0.0237710140645504,0.04080541431903839,0.039422955363988876,0.018939154222607613,0.017280206084251404,0.06859560310840607,0.07245422899723053,0.009126412682235241,0.013756758533418179,0.02108847990632057,0.01657013677060604,0.032777777761220935,0.032777779623866084,0.0,0.0,0.0,0.0,0.0,0.0,0.0401718382537365,0.03884279623627663,0.0,0.0,0.0,0.0,0.12950272858142853,0.004759525880217552,4.495172470342368e-05,0.09144516289234161,-0.013552317395806313,0.007663140073418617,0.046088799834251404,0.023783158510923386,0.0042122239246964455,0.05687479302287102,0.023953387513756752,0.002992458874359727
153,39.059999999999995,-0.4229682683944702,0.02249136008322239,0.014601282775402069,0.032777779623866084,0.026362675130367278,0.006415104493498806,0.004010084550827742,0.007215450052171946,-0.02101638726890087,-0.02249136008322239,0.07129141688346863,0.07531531900167465,0.008528712205588818,0.013357391580939293,0.0750655010342598,0.07512371987104416,-0.014601282775402069,-0.009955283254384995,0.10563170909881592,0.11139369755983353,0.018310951068997383,0.025225339457392693,0.036502011120319366,0.03527286648750305,0.01676139235496521,0.015286418609321117,0.06906919926404953,0.07309309393167496,0.006306491792201996,0.011135171167552471,0.027491926569491624,0.023057416435331105,0.032777779623866084,0.03277777869254351,0.0,0.0,0.0,0.0,0.0,0.0,0.026362675130367278,0.02024170186370611,0.0,0.0,0.0,0.0,0.1678820550441742,0.004581440705806017,0.0006823341827839613,0.11274001002311707,-0.017935708165168762,0.009198004379868507,0.058498866856098175,0.03333510458469391,0.005184057168662548,0.07319904863834381,0.03087271749973297,0.00520684476941824
154,39.48,-0.42817366123199463,0.024728598073124886,0.0,0.032777779623866084,0.007590211117640138,0.025187568506225947,-0.0033696116879582405,8.908558811526746e-05,-0.023300858214497566,-0.024728598073124886,0.07375988364219666,0.07803156971931458,0.0064796875230968,0.011605705134570599,0.07975124567747116,0.079811230301857,0.0018867102917283773,0.006242360919713974,0.1152532696723938,0.12163405120372772,0.02036117948591709,0.02801811322569847,0.033397771418094635,0.03220798820257187,0.014476921409368515,0.013049181550741196,0.07153766602277756,0.07580934464931488,0.0042574661783874035,0.009383484721183777,0.03176738310605288,0.0271189026144566,0.032777779623866084,0.032777779623866084,0.0,0.0,0.0,0.0,0.0,0.0,0.007590211117640138,0.0018068206310272216,0.0,0.0,0.0,0.0,0.19536098837852478,0.0012165162479504943,0.0014282329939305782,0.12830375134944916,-0.024645403027534485,0.010694089345633984,0.06932021677494049,0.04046288877725601,0.005271321162581444,0.08539699018001556,0.03234254568815231,0.007196342572569847
155,39.9,-0.4333791434764862,0.02694823034107685,0.0,0.032777779623866084,0.0,0.032777779623866084,-0.007469591218978167,-0.006781482137739658,-0.025567764416337013,-0.02694823034107685,0.07635807245969772,0.08086607605218887,0.004613131750375032,0.010022737085819244,0.08261159807443619,0.08251690119504929,0.011795789003372192,0.011682151816785336,0.12371496111154556,0.13058103621006012,0.02269306220114231,0.030932346358895302,0.030308187007904053,0.02915780059993267,0.012210015207529068,0.01082954928278923,0.07413584738969803,0.07864385843276978,0.0023909108713269234,0.007800516672432423,0.03277777822688222,0.030939282737672328,0.032777779623866084,0.032777779623866084,0.0,0.0,0.0,0.0,0.0,0.0,0.0,0.0,0.0,0.0,0.0,0.0,0.21562185883522034,-0.004552297294139862,0.002490830607712269,0.13968944549560547,-0.03275853767991066,0.012200463563203812,0.07860161364078522,0.04540686309337616,0.004821744281798601,0.0942230075597763,0.029985100030899048,0.008917598985135555
156,40.32,-0.4385569393634796,0.029194138944149017,0.0,0.032777779623866084,0.0,0.032777779623866084,-0.008918373845517635,-0.00954019371420145,-0.02774653024971485,-0.029194138944149017,0.07700380682945251,0.0815587267279625,0.0029999292455613613,0.008465832099318504,0.08654937148094177,0.08621695637702942,0.012721728533506393,0.012322826310992241,0.12835071980953217,0.13544534146785736,0.023982075974345207,0.03249562904238701,0.02885940484702587,0.02765306644141674,0.010031248442828655,0.008583640679717064,0.07478158921003342,0.0793365091085434,0.0007777083665132523,0.006243610754609108,0.03277777869254351,0.03219326015561819,0.03277777869254351,0.032777779623866084,0.0,0.0,0.0,0.0,0.0,0.0,0.0,0.0,0.0,0.0,0.0,0.0,0.23027202486991882,-0.010322255082428455,0.0036281696520745754,0.14696377515792847,-0.0396512895822525,0.013471806421875954,0.08584072440862656,0.04890425503253937,0.004556408617645502,0.10011862963438034,0.027024129405617714,0.010184984654188156
157,40.74,-0.4437260925769806,0.026985615491867065,0.0,0.02833330014720559,0.0,0.02833330014720559,-0.005392423365265131,-0.006683883722871542,-0.025435861200094223,-0.026985615491867065,0.08147259056568146,0.08601733297109604,0.005895700771361589,0.011349387466907501,0.09440726786851883,0.09383979439735413,0.01803383231163025,0.017352867871522903,0.1352492868900299,0.14247509837150574,0.02874610759317875,0.037417080253362656,0.02794087678194046,0.026649415493011475,0.007897437550127506,0.006347684655338526,0.07480589300394058,0.07935062795877457,-0.0007710002828389406,0.0046826861798763275,0.02833330014720559,0.028333299215883016,0.02833329875022173,0.02833330014720559,0.0,0.0,0.0,0.0,0.0,0.0,0.0,0.0,0.0,0.0,0.0,0.0,0.24075782299041748,-0.015061995945870876,0.0046497005969285965,0.15077970921993256,-0.04463856667280197,0.014251064509153366,0.090238556265831,0.051511380821466446,0.00428612157702446,0.1040336936712265,0.024463951587677002,0.011319415643811226
158,41.16,-0.44886454939842224,0.028674395754933357,0.0,0.02833330014720559,0.0,0.02833330014720559,-0.006819151341915131,-0.008162634447216988,-0.02706221677362919,-0.028674395754933357,0.08353709429502487,0.08810713142156601,0.004952354356646538,0.010436400771141052,0.09601029008626938,0.09516750276088715,0.01877373829483986,0.01776239648461342,0.13931059837341309,0.1466655284166336,0.029869819059967995,0.03869572654366493,0.026514148339629173,0.025170665234327316,0.006271083373576403,0.004658903926610947,0.076870396733284,0.08144043385982513,-0.0017143463483080268,0.0037697001826018095,0.028333299681544303,0.028333299681544303,0.02833330014720559,0.028333299681544303,0.0,0.0,0.0,0.0,0.0,0.0,0.0,0.0,0.0,0.0,0.0,0.0,0.24848288297653198,-0.02029726281762123,0.005696574226021767,0.1524307280778885,-0.04968421161174774,0.014681784436106682,0.09240888059139252,0.05354095995426178,0.0036815740168094635,0.10788002610206604,0.020994365215301514,0.012680090963840485
159,41.58,-0.45395317673683167,0.0294866394251585,0.0,0.02833330014720559,0.0,0.02833330014720559,-0.009083935990929604,-0.010427473112940788,-0.02787439525127411,-0.0294866394251585,0.08902516216039658,0.09366558492183685,0.005157397594302893,0.010725910775363445,0.09549722820520401,0.0944153219461441,0.019416309893131256,0.01811802387237549,0.1475590169429779,0.15501536428928375,0.03323998302221298,0.04218760505318642,0.0242493636906147,0.022905826568603516,0.005458904895931482,0.003846659790724516,0.0823584571480751,0.08699888736009598,-0.0015093033434823155,0.004059209953993559,0.028333299681544303,0.028333299681544303,0.02833330014720559,0.028333299215883016,0.0,0.0,0.0,0.0,0.0,0.0,0.0,0.0,0.0,0.0,0.0,0.0,0.2529001533985138,-0.024829233065247536,0.00649268226698041,0.15390580892562866,-0.05469968169927597,0.015121192671358585,0.09528286010026932,0.0549200102686882,0.002994564129039645,0.11167865991592407,0.017122432589530945,0.013978092931210995
160,42.0,-0.4590418338775635,0.03026973456144333,0.0,0.028333299914374947,0.0,0.028333299914374947,-0.011321612633764744,-0.012666475027799606,-0.028655899688601494,-0.03026973456144333,0.09469563513994217,0.09938669204711914,0.005648532882332802,0.011277804151177406,0.09538810700178146,0.09420787543058395,0.019815532490611076,0.018399257212877274,0.15668661892414093,0.1641540229320526,0.037214167416095734,0.046175047755241394,0.022011686116456985,0.020666824653744698,0.004677399527281523,0.0030635653529316187,0.0880289301276207,0.09271998703479767,-0.0010181681718677282,0.004611102864146233,0.02833329875022173,0.028333299681544303,0.028333299215883016,0.028333299914374947,0.0,0.0,0.0,0.0,0.0,0.0,0.0,0.0,0.0,0.0,0.0,0.0,0.25908276438713074,-0.027452025562524796,0.006461620330810547,0.15474933385849,-0.05649232119321823,0.016351059079170227,0.102006696164608,0.055984076112508774,0.003162405453622341,0.11282214522361755,0.01574619486927986,0.014186611399054527
161,42.42,-0.464006632566452,0.030774662271142006,0.0,0.028333299914374947,0.0,0.028333299914374947,-0.009411566890776157,-0.010964648798108101,-0.028910962864756584,-0.030774662271142006,0.10029984265565872,0.10496798157691956,0.007156106177717447,0.01275787502527237,0.10123986750841141,0.09980779141187668,0.022707678377628326,0.0209891889244318,0.16494306921958923,0.17234058678150177,0.04133037105202675,0.05020739138126373,0.023921731859445572,0.022368650883436203,0.004422335419803858,0.0025586376432329416,0.09363313764333725,0.09830127656459808,0.0004894054145552218,0.006091174203902483,0.02833329875022173,0.028333299681544303,0.02833329828456044,0.028333299914374947,0.0,0.0,0.0,0.0,0.0,0.0,0.0,0.0,0.0,0.0,0.0,0.0,0.2654881477355957,-0.029405348002910614,0.006525526754558086,0.15542683005332947,-0.05687211453914642,0.017204752191901207,0.10749092698097229,0.057006388902664185,0.003727075643837452,0.11379003524780273,0.015650445595383644,0.014098398387432098
162,42.839999999999996,-0.46897146105766296,0.031195402145385742,0.0,0.028333299681544303,0.0,0.028333299681544303,-0.007420433219522238,-0.009181957691907883,-0.029081571847200394,-0.031195402145385742,0.10602008551359177,0.11065143346786499,0.008856347762048244,0.014413961209356785,0.10702411085367203,0.10531333833932877,0.025746285915374756,0.023693354800343513,0.17285150289535522,0.18016459047794342,0.04542985185980797,0.054205555468797684,0.02591286599636078,0.02415134198963642,0.004251726903021336,0.0021378975361585617,0.09935338795185089,0.10398472845554352,0.002189646940678358,0.007747260387986898,0.028333299215883016,0.028333299681544303,0.02833329875022173,0.028333299681544303,0.0,0.0,0.0,0.0,0.0,0.0,0.0,0.0,0.0,0.0,0.0,0.0,0.27098017930984497,-0.03155085816979408,0.006782012991607189,0.15609276294708252,-0.05754493176937103,0.017774201929569244,0.11091641336679459,0.057925671339035034,0.003963897470384836,0.11563040316104889,0.015069898217916489,0.014262422919273376
163,43.26,-0.4738101065158844,0.031565580517053604,0.0,0.028333299681544303,0.0,0.028333299681544303,-0.005239078775048256,-0.007224794942885637,-0.02918272092938423,-0.031565580517053604,0.11066090315580368,0.11520130187273026,0.0106051629409194,0.016053639352321625,0.11344396322965622,0.1114175021648407,0.029608257114887238,0.027176495641469955,0.17918342351913452,0.18636469542980194,0.0489979162812233,0.05761545151472092,0.028094220906496048,0.026108503341674805,0.004150578286498785,0.0017677186988294125,0.1039942055940628,0.10853460431098938,0.003938462119549513,0.009386938065290451,0.028333299681544303,0.02833329828456044,0.028333299215883016,0.028333299215883016,0.0,0.0,0.0,0.0,0.0,0.0,0.0,0.0,0.0,0.0,0.0,0.0,0.2750491499900818,-0.033799320459365845,0.007142124697566032,0.15678901970386505,-0.05862007290124893,0.018254129216074944,0.11327455937862396,0.05872005596756935,0.00400366960093379,0.11826905608177185,0.013947571627795696,0.014586061239242554
164,43.68,-0.4785710275173187,0.03180410712957382,0.0,0.02833330014720559,0.0,0.02833330014720559,-0.0028422498144209385,-0.005063147749751806,-0.02913903072476387,-0.03180410712957382,0.11466562002897263,0.11908228695392609,0.012402083724737167,0.01770208403468132,0.1202864870429039,0.11791849881410599,0.03405382111668587,0.031212234869599342,0.18435701727867126,0.1913786679506302,0.05211888626217842,0.06054485961794853,0.030491050332784653,0.02827015146613121,0.004194268956780434,0.0015291915042325854,0.10799892246723175,0.11241558939218521,0.005735382903367281,0.011035382747650146,0.02833330014720559,0.028333299215883016,0.028333299681544303,0.028333298633806406,0.0,0.0,0.0,0.0,0.0,0.0,0.0,0.0,0.0,0.0,0.0,0.0,0.2781825661659241,-0.03611084446310997,0.007541966158896685,0.15726947784423828,-0.059887904673814774,0.018605634570121765,0.11465294659137726,0.059364739805459976,0.0038559911772608757,0.12110510468482971,0.012295401655137539,0.01506589725613594
165,44.1,-0.4832903742790222,0.027175039052963257,0.0,0.02388887922745198,0.0,0.02388887922745198,0.0037968384567648172,0.0013397505972534418,-0.024226533249020576,-0.027175039052963257,0.12301471084356308,0.1273062378168106,0.01878017745912075,0.023930009454488754,0.13085605204105377,0.12814538180828094,0.04293376952409744,0.03968096151947975,0.19335030019283295,0.20021583139896393,0.05946200713515282,0.06770063191652298,0.032685715705156326,0.0302286297082901,0.004662345629185438,0.0017138401744887233,0.1119035854935646,0.11619511246681213,0.007669055834412575,0.012818888761103153,0.023888877248391508,0.023888879111036657,0.023888878878206014,0.02388887922745198,0.0,0.0,0.0,0.0,0.0,0.0,0.0,0.0,0.0,0.0,0.0,0.0,0.2807755768299103,-0.03847658261656761,0.007999061606824398,0.157387375831604,-0.06126696243882179,0.018790870904922485,0.11474431306123734,0.05984634906053543,0.003494050120934844,0.12374851107597351,0.010233120992779732,0.01568557694554329
166,44.519999999999996,-0.48787665367126465,0.026065809652209282,0.0,0.023888879111036657,0.0,0.023888879111036657,0.004929595161229372,0.0022378764115273952,-0.02283574640750885,-0.026065809652209282,0.1263575255870819,0.13053852319717407,0.020832790061831474,0.025849979370832443,0.13456445932388306,0.13149140775203705,0.04699001833796501,0.04330236837267876,0.19634273648262024,0.20309332013130188,0.061699919402599335,0.06980061531066895,0.03381847217679024,0.031126754358410835,0.006053132005035877,0.0028230694588273764,0.11524640768766403,0.1194273978471756,0.009721668437123299,0.014738857746124268,0.023888877015560864,0.02388887794688344,0.023888878412544726,0.023888879111036657,0.0,0.0,0.0,0.0,0.0,0.0,0.0,0.0,0.0,0.0,0.0,0.0,0.2829107940196991,-0.041686031967401505,0.008798236958682537,0.1563202440738678,-0.0632622092962265,0.018741702660918236,0.11196059733629227,0.06018521264195442,0.002782038878649473,0.1264178454875946,0.007541423197835684,0.016492394730448723
167,44.94,-0.49246296286582947,0.02488383837044239,0.0,0.023888880275189876,0.0,0.023888880275189876,0.006135967560112476,0.0032099762465804815,-0.02137264795601368,-0.02488383837044239,0.1297357976436615,0.13380597531795502,0.022934244945645332,0.02644873782992363,0.13826033473014832,0.13485564291477203,0.051024191081523895,0.04693855717778206,0.1995876431465149,0.20621304214000702,0.06414657086133957,0.0720970630645752,0.03502484783530235,0.03209885582327843,0.0075162299908697605,0.004005040042102337,0.11862467974424362,0.12269485741853714,0.011823124252259731,0.01670733466744423,0.023888880275189876,0.023888879576697945,0.02388887794688344,0.023888878412544726,0.0,0.0,0.0,0.0,0.0,0.0,0.0,0.0,0.0,0.0,0.0,0.0,0.2844696342945099,-0.044329434633255005,0.009385336190462112,0.15555831789970398,-0.06492209434509277,0.018721845000982285,0.11012554913759232,0.06035574525594711,0.0021546597126871347,0.12871935963630676,0.004785452038049698,0.017244821414351463
168,45.36,-0.4969317317008972,0.024024933576583862,0.0,0.023888878878206014,0.0,0.023888878878206014,0.009175061248242855,0.006374610122293234,-0.020368218421936035,-0.024024933576583862,0.13369297981262207,0.13750217854976654,0.020358450710773468,0.018216539174318314,0.14425015449523926,0.14059852063655853,0.05523797869682312,0.05085602402687073,0.20374475419521332,0.21010974049568176,0.06768564134836197,0.07532361894845963,0.03806393966078758,0.035016678273677826,0.008520659990608692,0.004863945301622152,0.1225818619132042,0.12639105319976807,0.014987821690738201,0.019558856263756752,0.023888878412544726,0.02364206815138459,0.023888878412544726,0.023888878878206014,0.0,0.0,0.0,0.0,0.0,0.0,0.0,0.0,0.0,0.0,0.0,0.0,0.28581562638282776,-0.04649440944194794,0.009523175656795502,0.15555234253406525,-0.06603723764419556,0.018853120505809784,0.11044855415821075,0.06039390712976456,0.0017268324736505747,0.1312684416770935,0.00155941944103688,0.017988242208957672
169,45.78,-0.501380980014801,0.02313823625445366,0.0,0.0238888793438673,0.0,0.0238888793438673,0.012713341973721981,0.010251064784824848,-0.01935521699488163,-0.02313823625445366,0.13786426186561584,0.14138689637184143,0.011706470511853695,0.009468203410506248,0.15076404809951782,0.14688196778297424,0.05960599333047867,0.05494751036167145,0.207895889878273,0.2139769196510315,0.07131558656692505,0.0786128118634224,0.04148443788290024,0.03833192214369774,0.009533662348985672,0.005750642158091068,0.12675315141677856,0.13027577102184296,0.01845301128923893,0.022680165246129036,0.023771095909178256,0.02308085735887289,0.0238888793438673,0.023888878412544726,0.0,0.0,0.0017465407773852347,0.008211961835622787,0.0,0.0,0.0,0.0,0.0,0.0,0.0,0.0,0.28734666109085083,-0.04841425642371178,0.009660028852522373,0.1556469202041626,-0.06696534156799316,0.018931135535240173,0.11050352454185486,0.06040405482053757,0.0013005919754505157,0.13358145952224731,-0.0014403092209249735,0.018712623044848442
170,46.199999999999996,-0.5058097243309021,0.021454568952322006,0.0,0.0238888793438673,0.0,0.0238888793438673,0.017269885167479515,0.01510690525174141,-0.017602533102035522,-0.021454568952322006,0.14153891801834106,0.14480115473270416,0.0014409574214369059,-0.0003357807290740311,0.15869271755218506,0.1546044796705246,0.06546857208013535,0.06056267023086548,0.2102351188659668,0.21604907512664795,0.07436352968215942,0.08134027570486069,0.045541614294052124,0.04233158379793167,0.01128634624183178,0.007434309925884008,0.1304277926683426,0.1336900293827057,0.022174963727593422,0.026089653372764587,0.023271729126572608,0.02222467854619026,0.0238888793438673,0.023888878878206014,0.0,0.0,0.015734006306156515,0.021425434101838618,0.0,0.0,0.0,0.0,0.0,0.0,0.0,0.0,0.29074376821517944,-0.051406558603048325,0.009632518514990807,0.15589678287506104,-0.06979405879974365,0.019105825573205948,0.11036645621061325,0.05882999300956726,0.0006957681034691632,0.13296881318092346,-0.0077581447549164295,0.019690511748194695
171,46.62,-0.5102158784866333,0.018892431631684303,0.0,0.02388887864537537,0.0,0.02388887864537537,0.02288239821791649,0.02100513130426407,-0.015037206932902336,-0.018892431631684303,0.14464649558067322,0.14768163859844208,-0.0027320210356265306,0.000910150702111423,0.16713108122348785,0.1629284769296646,0.0719957947731018,0.0669526755809784,0.21193037927150726,0.21754337847232819,0.0773240253329277,0.08405963331460953,0.05030205473303795,0.04708936810493469,0.013851671479642391,0.009996446780860424,0.13353537023067474,0.1365705132484436,0.02615685760974884,0.029799029231071472,0.02241965651512146,0.021084236800670623,0.023888878412544726,0.023888878412544726,0.0,0.0,0.02388887864537537,0.023888878528960048,0.0,0.0,0.0,0.0,0.0,0.0,0.0,0.0,0.29326769709587097,-0.05389021709561348,0.009628409519791603,0.1557820439338684,-0.07181476056575775,0.019186366349458694,0.10959029942750931,0.057710014283657074,2.5773944798856974e-05,0.13295280933380127,-0.013000786304473877,0.020639311522245407
172,47.04,-0.5146178603172302,0.01630585826933384,0.0,0.0238888793438673,0.0,0.0238888793438673,0.02813631296157837,0.02636946551501751,-0.012426186352968216,-0.01630585826933384,0.14748868346214294,0.1502956748008728,0.0011136075481772423,0.00448198476806283,0.1749514788389206,0.17062650620937347,0.07818270474672318,0.0729927271604538,0.2134208232164383,0.21884679794311523,0.0801357701420784,0.08664693683385849,0.054785922169685364,0.05155286192893982,0.016462692990899086,0.012583021074533463,0.13637757301330566,0.13918454945087433,0.03000248596072197,0.033370863646268845,0.021649609208106994,0.02018339641392231,0.0238888793438673,0.0238888793438673,0.0,0.0,0.023888878412544726,0.023888878878206014,0.0,0.0,0.0,0.0,0.0,0.0,0.0,0.0,0.29544925689697266,-0.05605192482471466,0.00962132215499878,0.15560142695903778,-0.07336511462926865,0.019187897443771362,0.1085328608751297,0.056870024651288986,-0.000749406754039228,0.13337230682373047,-0.017747551202774048,0.02163093537092209
173,47.46,-0.5189806222915649,0.014478554017841816,0.0,0.0238888793438673,0.0,0.0238888793438673,0.027993638068437576,0.025606337934732437,-0.010373266413807869,-0.014478554017841816,0.14679177105426788,0.14765894412994385,0.0026055986527353525,0.0056228493340313435,0.1767139434814453,0.17208260297775269,0.08096233010292053,0.07540472596883774,0.21029901504516602,0.21553102135658264,0.0795423611998558,0.0823565348982811,0.05570616200566292,0.0522850900888443,0.018515612930059433,0.014410324394702911,0.1356806606054306,0.13819502294063568,0.03149447590112686,0.03451172634959221,0.02271252393722534,0.02167875215411186,0.0238888793438673,0.023888878412544726,0.0,0.0,0.023888877248391508,0.023888877015560864,0.0,0.0,0.0,0.0,0.0,0.0,0.0,0.0,0.2972927391529083,-0.057988863438367844,0.009913594461977482,0.1546359658241272,-0.07450666278600693,0.019002828747034073,0.10503625869750977,0.05611642077565193,-0.0017655075062066317,0.13343356549739838,-0.021725013852119446,0.022604120895266533
174,47.879999999999995,-0.5233432650566101,0.008173118345439434,0.0,0.019444399401545524,0.0,0.019444399401545524,0.03261566907167435,0.029552599415183067,-0.0038397626485675573,-0.008173118345439434,0.14232565462589264,0.14300848543643951,0.008673388510942459,0.011333854869008064,0.18253634870052338,0.17762932181358337,0.08791034668684006,0.08202189952135086,0.21219143271446228,0.21721559762954712,0.07219645380973816,0.0737416073679924,0.05665823817253113,0.05304710566997528,0.020604636520147324,0.016271280124783516,0.13508650660514832,0.13730356097221375,0.033117786049842834,0.03577825427055359,0.01904256910085678,0.018494506254792212,0.01944439916871488,0.01944439847022295,0.0,0.0,0.019444397538900374,0.019444399401545524,0.0,0.0,0.0,0.0,0.0,0.0,0.0,0.0,0.2979053556919098,-0.05925384536385536,0.009919914416968822,0.15386904776096344,-0.07531455904245377,0.018877722322940826,0.10307842493057251,0.05550660938024521,-0.0026099791284650564,0.13330000638961792,-0.025127071887254715,0.023435279726982117
175,48.3,-0.5277421474456787,0.007313560228794813,0.0,0.019444399401545524,0.0,0.019444399401545524,0.03576969355344772,0.032710961997509,-0.002773064421489835,-0.007313560228794813,0.13275885581970215,0.13350915908813477,0.009077097289264202,0.011536816135048866,0.18725477159023285,0.18210609257221222,0.09156739711761475,0.08538898080587387,0.2077072560787201,0.21265073120594025,0.060078877955675125,0.0625099390745163,0.05933191999793053,0.05554817244410515,0.02167133428156376,0.017130838707089424,0.13242030143737793,0.13447007536888123,0.03352149575948715,0.03598121553659439,0.018562226444482802,0.017837210446596145,0.019444398703053593,0.019444398935884236,0.0,0.0,0.01944439847022295,0.019444399401545524,0.0,0.0,0.0,0.0,0.0,0.0,0.0,0.0,0.29754629731178284,-0.06009363383054733,0.009831513278186321,0.15279856324195862,-0.07575349509716034,0.01864938624203205,0.10229088366031647,0.05529788136482239,-0.0033568372018635273,0.1326342225074768,-0.02720080316066742,0.024032719433307648
176,48.72,-0.532155454158783,0.006726993713527918,0.0,0.019444399401545524,0.0,0.019444399401545524,0.04052507504820824,0.037618037313222885,-0.001984400674700737,-0.006726993713527918,0.12293028831481934,0.12377198040485382,0.009125806391239166,0.011443580500781536,0.1932758241891861,0.18791936337947845,0.09567778557538986,0.08925002813339233,0.2026434689760208,0.20755267143249512,0.04934550076723099,0.05285286530852318,0.06281620264053345,0.0588640421628952,0.022459998726844788,0.017717404291033745,0.12901313602924347,0.13094462454319,0.03357020393013954,0.035887978971004486,0.01729112759232521,0.016246004849672317,0.019444399401545524,0.01944439800456166,0.0010828477144241332,0.0021726441383361815,0.019444397538900374,0.01944439847022295,0.0,0.0,0.0,0.0,0.0,0.0,0.0,0.0,0.2962862253189087,-0.060324303805828094,0.009497810155153275,0.15202313661575317,-0.07599911093711853,0.018407592549920082,0.10283544659614563,0.05517067760229111,-0.004125455394387245,0.1314041167497635,-0.028842706233263016,0.02459900453686714
177,49.14,-0.5365950465202332,0.006072445306926966,0.0,0.019444400332868098,0.0,0.019444400332868098,0.04452019929885864,0.04168511554598808,-0.0011845773551613092,-0.006072445306926966,0.1124846562743187,0.11340940743684769,0.009034131653606892,0.01115187257528305,0.19769713282585144,0.19217634201049805,0.09900406748056412,0.0923791155219078,0.19637180864810944,0.20121289789676666,0.04008582979440689,0.044927436858415604,0.06554087996482849,0.06146765872836113,0.02325982227921486,0.018371952697634697,0.12470193207263947,0.12646672129631042,0.03347853198647499,0.035596270114183426,0.016020680665969848,0.014782543182373046,0.019444399634376167,0.01944439800456166,0.00721727579832077,0.008057313859462737,0.019444400332868098,0.019444397538900374,0.0,0.0,0.0,0.0,0.0,0.0,0.0,0.0,0.29406988620758057,-0.060353510081768036,0.00907924398779869,0.15112876892089844,-0.07633067667484283,0.01815091073513031,0.10350838303565979,0.05495775490999222,-0.005035776644945145,0.1298319697380066,-0.03055291250348091,0.025237906724214554
178,49.559999999999995,-0.5410872101783752,0.005490649025887251,0.0,0.019444399401545524,0.0,0.019444399401545524,0.04622972011566162,0.04339831694960594,-0.0005735941231250763,-0.005490649025887251,0.10051298141479492,0.10147571563720703,0.008613510057330132,0.010411389172077179,0.19909808039665222,0.19349095225334167,0.10079017281532288,0.09406162053346634,0.1874740868806839,0.1921699494123459,0.03440791368484497,0.04004295542836189,0.06655331701040268,0.06245577335357666,0.02387080527842045,0.018953749909996986,0.11853920668363571,0.12003743648529053,0.033057909458875656,0.034855786710977554,0.015323596894741057,0.014057456403970717,0.019444399401545524,0.019444398935884236,0.013026225268840789,0.013561720848083495,0.019444399401545524,0.019444397538900374,0.0,0.0,0.0,0.0,0.0,0.0,0.0,0.0,0.29085299372673035,-0.060221388936042786,0.008686808869242668,0.14979037642478943,-0.07670367509126663,0.01787855289876461,0.10340461134910583,0.05458403006196022,-0.006055883131921291,0.12784767150878906,-0.03226163238286972,0.02589254081249237
179,49.98,-0.5455793738365173,0.00482346722856164,0.0,0.019444400332868098,0.0,0.019444400332868098,0.04806036502122879,0.045212358236312866,0.0001301785814575851,-0.00482346722856164,0.090345099568367,0.09129807353019714,0.008606352843344212,0.010065924376249313,0.20051738619804382,0.19482694566249847,0.10258077085018158,0.09575223922729492,0.1736089438199997,0.17611828446388245,0.031256053596735,0.036685459315776825,0.0676548182964325,0.06352677941322327,0.024574577808380127,0.019620930776000023,0.11265590041875839,0.11387220770120621,0.03305075317621231,0.03451032191514969,0.014594453275203704,0.0133144211769104,0.01944439922692254,0.01944439800456166,0.017310800850391387,0.017574134171009063,0.019444400332868098,0.019444397538900374,0.0,0.0,0.0,0.0,0.0,0.0,0.0,0.0,0.2877027988433838,-0.059926681220531464,0.008195372298359871,0.14829261600971222,-0.07684776932001114,0.017580749467015266,0.10292425751686096,0.054097361862659454,-0.006983005441725254,0.12552312016487122,-0.034019868820905685,0.02650919184088707
180,50.4,-0.5501421093940735,0.004898133687674999,0.0,0.019444400332868098,0.0,0.019444400332868098,0.05058291554450989,0.047742560505867004,8.06685711722821e-05,-0.004898133687674999,0.08263645321130753,0.08359009027481079,0.008035850711166859,0.0092387730255723,0.20258910953998566,0.19684825837612152,0.10381545126438141,0.09692643582820892,0.157859668135643,0.1605445146560669,0.027882980182766914,0.033171724528074265,0.06934068351984024,0.06519167870283127,0.02452506683766842,0.01954626478254795,0.10696350038051605,0.10796593874692917,0.03248025104403496,0.0336831733584404,0.013757767975330352,0.012449118196964263,0.019444398266496136,0.01944439847022295,0.019327047169208526,0.019375848472118377,0.019444400332868098,0.019444400332868098,0.0,0.0,0.0,0.0,0.0,0.0,0.0,0.0,0.2848031222820282,-0.05935520678758621,0.007356329821050167,0.14638231694698334,-0.0762215256690979,0.01718776486814022,0.10206817090511322,0.053404632955789566,-0.007885200902819633,0.12290485948324203,-0.03656555712223053,0.02728910744190216
181,50.82,-0.5547083020210266,0.004933972842991352,0.0,0.019444401264190673,0.0022450265288352965,0.017199374735355377,0.0532282292842865,0.05038125067949295,7.345617632381618e-05,-0.004933972842991352,0.07707023620605469,0.07785265892744064,0.007750019896775484,0.008688922971487045,0.20426513254642487,0.19847458600997925,0.10476277768611908,0.09781412035226822,0.1423618197441101,0.14522132277488708,0.024949390441179276,0.030085761100053787,0.07112935930490494,0.06695649772882462,0.024517854675650597,0.019510425627231598,0.10151463747024536,0.10229706019163132,0.03219441697001457,0.03313332051038742,0.012901130020618438,0.011575247049331664,0.01944439849932678,0.01944439847022295,0.019444401264190673,0.019444401264190673,0.019444397073239087,0.019444397538900374,0.0,0.0,0.0,0.0,0.0,0.0,0.0022450265288352965,0.0,0.2810072898864746,-0.0586831271648407,0.006258317735046148,0.14412201941013336,-0.0754820927977562,0.01680087111890316,0.100862056016922,0.05244155600667,-0.00891101360321045,0.12040345370769501,-0.04011743515729904,0.028294380754232407
182,51.239999999999995,-0.5593308210372925,0.005159224849194288,0.0,0.019444401264190673,0.005160746052861214,0.01428365521132946,0.05464152619242668,0.0516674779355526,-5.4411066230386496e-05,-0.005159224849194288,0.0705517902970314,0.07116878032684326,0.007058213464915752,0.0077985976822674274,0.20440854132175446,0.19851842522621155,0.10318980365991592,0.09765803813934326,0.12499373406171799,0.12814517319202423,0.02134186588227749,0.026397299021482468,0.07228492200374603,0.06803090870380402,0.02438998781144619,0.01928517408668995,0.09499619156122208,0.09561317414045334,0.0315026119351387,0.032242994755506516,0.01264339581131935,0.011363430768251418,0.019444398877676575,0.019444398935884236,0.019444401264190673,0.019444393813610076,0.01944439847022295,0.019444397073239087,0.0,0.0,0.0,0.0,0.0,0.0,0.005160746052861214,0.0008456957340240477,0.2767065167427063,-0.05781415104866028,0.005111574195325375,0.141180619597435,-0.07441625744104385,0.01631990820169449,0.09833556413650513,0.051250286400318146,-0.010025154799222946,0.11750641465187073,-0.04392462223768234,0.02938546985387802
183,51.66,-0.5639955401420593,0.0010989047586917877,0.0,0.014999979063868522,0.0037139680981636046,0.011286010965704918,0.05909672752022743,0.05580127239227295,0.004155294969677925,-0.0010989047586917877,0.06784869730472565,0.06833508610725403,0.010717567056417465,0.011301233433187008,0.20762990415096283,0.20161248743534088,0.10233142971992493,0.09973090887069702,0.11121824383735657,0.11477489024400711,0.022003578022122383,0.027017969638109207,0.07295096665620804,0.06857246160507202,0.024155274033546448,0.018901074305176735,0.08784867078065872,0.0883350595831871,0.030717546120285988,0.031301211565732956,0.008854239135980605,0.007771189212799072,0.014999979063868522,0.014999979063868522,0.014999973475933074,0.014999973475933074,0.014999979063868522,0.014999978132545947,0.0,0.0,0.0,0.0,0.0,0.0,0.0037139680981636046,0.0,0.2715831995010376,-0.05656319111585617,0.003836330957710743,0.13766661286354065,-0.07300648093223572,0.015754874795675278,0.09500893950462341,0.04985417425632477,-0.01118545513600111,0.114228256046772,-0.047914691269397736,0.03054051473736763
184,52.08,-0.568681001663208,0.0015359858516603708,0.0,0.014999979296699165,0.006377032846212387,0.00862294645048678,0.059109047055244446,0.05563279241323471,0.003829788649454713,-0.0015359858516603708,0.06117957457900047,0.06153017655014992,0.010168164037168026,0.010588884353637695,0.2056240439414978,0.19949102401733398,0.09774693101644516,0.09475207328796387,0.09566568583250046,0.09954275190830231,0.018791109323501587,0.02375311776995659,0.07326458394527435,0.06879310309886932,0.023829767480492592,0.018463993445038795,0.08117955178022385,0.08153015375137329,0.030168142169713974,0.030588863417506218,0.009155536890029906,0.008160310685634612,0.014999978831037878,0.014999979296699165,0.014999977201223372,0.014999977201223372,0.014999978132545947,0.014999979063868522,0.0,0.0,0.0,0.0,0.0,0.0,0.006377032846212387,0.001835745647549629,0.2662116587162018,-0.0556209534406662,0.002593650482594967,0.13338340818881989,-0.07169072329998016,0.015074159950017929,0.09058298170566559,0.048472415655851364,-0.012400713749229908,0.11138537526130676,-0.05213609337806702,0.03182200714945793
185,52.5,-0.5734547972679138,0.002306015230715275,0.0,0.014999979063868522,0.008462391681969165,0.006537587381899357,0.05703473091125488,0.05348174646496773,0.0029989518225193024,-0.002306015230715275,0.05517140403389931,0.05541243031620979,0.008909832686185837,0.009199065156280994,0.2009669989347458,0.1948849856853485,0.09040550142526627,0.08706574887037277,0.08415865898132324,0.08823221176862717,0.015447418205440044,0.020356476306915283,0.07197047024965286,0.06754966825246811,0.022998930886387825,0.017693962901830673,0.07517138123512268,0.07541240751743317,0.02890980988740921,0.029199043288826942,0.009935739338397979,0.00906792178750038,0.014999979063868522,0.014999978132545947,0.014999977201223372,0.014999977201223372,0.014999977201223372,0.014999978132545947,0.0,0.0,0.0,0.0,0.0,0.0,0.008462391681969165,0.003842566981911659,0.25959640741348267,-0.05406718701124191,0.0014201172161847353,0.1290353238582611,-0.07053893804550171,0.014320459216833115,0.08583531528711319,0.047083087265491486,-0.01362580619752407,0.10851598531007767,-0.05588008463382721,0.03306415677070618
186,52.919999999999995,-0.5782285928726196,0.0030445153824985027,0.0,0.014999978831037878,0.010487830154597758,0.00451214867644012,0.05502713844180107,0.051398128271102905,0.0022025054786354303,-0.0030445153824985027,0.04944166913628578,0.04956866428256035,0.007969810627400875,0.008122202940285206,0.19650469720363617,0.1905118227005005,0.0834280252456665,0.07977087050676346,0.07505572587251663,0.07907871156930923,0.012481958605349064,0.01730954274535179,0.0707099586725235,0.06633744388818741,0.02220248430967331,0.016955463215708733,0.06944164633750916,0.06956864148378372,0.027969788759946823,0.028122181072831154,0.010682820230722426,0.009939315617084502,0.014999978831037878,0.014999978598207234,0.014999977201223372,0.014999977201223372,0.014999978132545947,0.014999978132545947,0.0,0.0,0.0,0.0,0.0,0.0,0.010487830154597758,0.005812638327479362,0.253322958946228,-0.05172897130250931,0.0003382776631042361,0.12491539120674133,-0.06889854371547699,0.013565629720687866,0.08124334365129471,0.04588562995195389,-0.014457750134170055,0.10551949590444565,-0.058131419122219086,0.03398531302809715
187,53.339999999999996,-0.5830953121185303,0.0038835573941469193,0.0,0.014999979063868522,0.01264238066971302,0.0023575983941555023,0.058747999370098114,0.05516909062862396,0.0014734020223841071,-0.0038835573941469193,0.04349864646792412,0.04348849877715111,0.007174889091402292,0.007162709254771471,0.19782963395118713,0.1918417066335678,0.08404085040092468,0.0803665891289711,0.0660196915268898,0.06992875784635544,0.009532487019896507,0.014223367907106876,0.07263930886983871,0.06817517429590225,0.02147337980568409,0.016116421669721603,0.06349862366914749,0.06348847597837448,0.027174867689609528,0.027162687852978706,0.0088913094997406,0.008006083667278289,0.014999977783299982,0.014999979063868522,0.014999977201223372,0.014999977201223372,0.014999978598207234,0.014999978598207234,0.0,0.0,0.0,0.0,0.0,0.0,0.01264238066971302,0.007939319945871829,0.24805781245231628,-0.0486840084195137,-0.0008327988907694817,0.12146750092506409,-0.06649310886859894,0.012916849926114082,0.07768186926841736,0.04505101218819618,-0.014727810397744179,0.1026497483253479,-0.05887865275144577,0.034466806799173355
188,53.76,-0.587984025478363,0.004543709568679333,0.0,0.014999980926513671,0.014647479522973298,0.00035250140354037285,0.06425794214010239,0.060737524181604385,0.0009659594506956637,-0.004543709568679333,0.03780050948262215,0.037645015865564346,0.006736401934176683,0.006549805868417025,0.20076070725917816,0.19472065567970276,0.08672376722097397,0.08306588977575302,0.05729453265666962,0.06107080355286598,0.00708890100941062,0.011620424687862396,0.07550397515296936,0.07091258466243744,0.02096593752503395,0.015456268563866615,0.05780049040913582,0.05764499306678772,0.02673638053238392,0.02654978446662426,0.006246033012866974,0.0051750604808330535,0.014999978074338286,0.014999978132545947,0.014999980926513671,0.014999977201223372,0.014999978598207234,0.014999978598207234,0.0,0.0,0.0,0.0,0.0,0.0,0.014647479522973298,0.009929359778761863,0.24321821331977844,-0.04623080790042877,-0.001959774177521467,0.11833132058382034,-0.06436040997505188,0.012330817058682442,0.07428809255361557,0.04412505775690079,-0.015056811273097992,0.09968052804470062,-0.05994085967540741,0.03487900644540787
189,54.18,-0.592910885810852,0.005468026269227266,0.0,0.014999979231215547,0.015768035668879746,-0.0007680564376641996,0.06607041507959366,0.06251105666160583,9.469671203987673e-05,-0.005468026269227266,0.033170778304338455,0.03294322267174721,0.005870784632861614,0.005597718525677919,0.20116913318634033,0.1951097548007965,0.08561240881681442,0.0818268284201622,0.05017201602458954,0.05388821288943291,0.005102727096527815,0.009562165476381779,0.0766105130314827,0.07197491079568863,0.020094675943255424,0.014531952328979969,0.05317075550556183,0.05294319987297058,0.025870762765407562,0.025597697123885155,0.005540097951889038,0.004463854134082794,0.014999979231215547,0.014999978598207234,0.014999977201223372,0.014999977201223372,0.014999978132545947,0.014999978598207234,0.0,0.0,0.0,0.0,0.0,0.0,0.015768035668879746,0.011035531647503375,0.2395656704902649,-0.04461101070046425,-0.0029393022414296865,0.11534036695957184,-0.06261451542377472,0.011670490726828575,0.0705067440867424,0.04294557124376297,-0.01560781430453062,0.09619852900505066,-0.061663366854190826,0.03540312498807907
190,54.6,-0.5978888273239136,0.006982595194131136,0.0,0.014999979063868522,0.015930764731019734,-0.0009307856671512127,0.06263105571269989,0.05893198400735855,-0.0015034928219392896,-0.006982595194131136,0.029607387259602547,0.029409337788820267,0.0040496354922652245,0.003811977105215192,0.19792142510414124,0.1919305920600891,0.07913272827863693,0.07505957782268524,0.044921863824129105,0.04868092015385628,0.003118848893791437,0.007629719562828541,0.07515732198953629,0.07059140503406525,0.01849648542702198,0.0130173834040761,0.04960736632347107,0.04940931499004364,0.024049613624811172,0.023811955004930496,0.007526266276836395,0.0066594210267066955,0.014999978248961269,0.014999978598207234,0.014999979063868522,0.014999977201223372,0.014999978132545947,0.014999977899715303,0.0,0.0,0.0,0.0,0.0,0.0,0.015930764731019734,0.011182235442101954,0.2371571958065033,-0.04325383901596069,-0.0037307539023458958,0.11248396337032318,-0.06098080426454544,0.01091697346419096,0.06641332805156708,0.04171432927250862,-0.016180314123630524,0.09246863424777985,-0.06321489810943604,0.035958483815193176
191,55.019999999999996,-0.6028715968132019,0.008490072563290596,0.0,0.014999980926513671,0.016173604181967675,-0.0011736232554540038,0.059716396033763885,0.0558975450694561,-0.0030885387677699327,-0.008490072563290596,0.026061803102493286,0.025894854217767715,0.0023253827821463346,0.0021250424906611443,0.19496989250183105,0.1890723705291748,0.0731155127286911,0.06878789514303207,0.03998757526278496,0.043787095695734024,0.0011517569655552506,0.0057111806236207485,0.0739021897315979,0.06940091401338577,0.01691143959760666,0.011509906500577927,0.04606178402900696,0.04589483141899109,0.022325361147522926,0.022125020623207092,0.009185793697834014,0.008503368943929671,0.01499997836537659,0.014999979063868522,0.014999980926513671,0.014999977201223372,0.01499997836537659,0.014999978132545947,0.0,0.0,0.0,0.0,0.001074208766222,0.0,0.016173604181967675,0.011413839999586343,0.23458583652973175,-0.04142795130610466,-0.004426294006407261,0.10986700654029846,-0.059256527572870255,0.010257435031235218,0.06279769539833069,0.04083684831857681,-0.016480987891554832,0.08952312171459198,-0.06368288397789001,0.03633232042193413
192,55.44,-0.6079530119895935,0.009793668985366821,0.0007254811935126781,0.014999980926513671,0.017295888047665357,-0.0022959071211516857,0.06411772966384888,0.06040928140282631,-0.0043571870774030685,-0.009793668985366821,0.02203563041985035,0.021913714706897736,0.0015704288380220532,0.0014241306344047189,0.19780562818050385,0.1920241415500641,0.07484011352062225,0.07081717997789383,0.03429874777793884,0.03811388462781906,-0.0007254811935126781,0.003852681489661336,0.07663117349147797,0.07210076600313187,0.015642791986465454,0.010206309147179127,0.04203560948371887,0.04191369563341141,0.02157040685415268,0.021424109116196632,0.007513443827629089,0.006691484600305557,0.014999979063868522,0.014999978132545947,0.014999979063868522,0.014999980926513671,0.014999978016130625,0.014999978481791913,0.0,0.0,0.0,0.0,0.002736861705780029,0.0,0.017295888047665357,0.012571427626535295,0.23239874839782715,-0.038384851068258286,-0.0048029739409685135,0.10529009997844696,-0.05627620965242386,0.009940924122929573,0.058846551924943924,0.040653295814991,-0.015676572918891907,0.08761292695999146,-0.061351895332336426,0.0360112190246582
193,55.86,-0.6130344867706299,0.010896654799580574,0.0021927475463598967,0.014999979063868522,0.01819170976988971,-0.0031917307060211897,0.0687234103679657,0.06512051820755005,-0.005428324919193983,-0.010896654799580574,0.018184641376137733,0.01810627244412899,0.000998983858153224,0.0009049404179677367,0.2011578232049942,0.19544446468353271,0.0772106796503067,0.07343892753124237,0.028849098831415176,0.03268616273999214,-0.0021927475463598967,0.002411728957667947,0.07952073216438293,0.07496379315853119,0.014571653679013252,0.009103323332965374,0.038184620440006256,0.03810625150799751,0.020998962223529816,0.020904919132590294,0.005797321796417236,0.00484327495098114,0.014999978598207234,0.014999978132545947,0.014999979063868522,0.014999979063868522,0.01499997836537659,0.014999978714622556,0.0,0.0,0.0,0.0,0.00433552160859108,0.000420088768005371,0.01819170976988971,0.013493190174922346,0.23033908009529114,-0.03636698052287102,-0.005277268588542938,0.1018327996134758,-0.053972020745277405,0.009622146375477314,0.0552997887134552,0.04024311900138855,-0.015331104397773743,0.08578576147556305,-0.06042671203613281,0.03589000925421715
194,56.28,-0.6181813478469849,0.013544069603085518,0.00432748906314373,0.014999979995191096,0.01852331206202507,-0.003523332066833973,0.06889127939939499,0.06534119695425034,-0.008083484135568142,-0.013544069603085518,0.013768994249403477,0.013683988712728024,-0.0008041564142331481,-0.0009061623713932931,0.2013092190027237,0.195669025182724,0.07527823001146317,0.07173887640237808,0.02299201302230358,0.026808077469468117,-0.00432748906314373,0.0002517886459827423,0.07982940971851349,0.07527892291545868,0.01191649492830038,0.00645590852946043,0.033768974244594574,0.03368396684527397,0.01919582299888134,0.019093815237283707,0.0059381303191185,0.004937725961208343,0.014999979063868522,0.014999978132545947,0.014999979995191096,0.014999978132545947,0.014999979413114487,0.014999977608676999,0.0,0.0,0.0,0.0,0.005776961222290993,0.0018758893758058547,0.01852331206202507,0.013842026591300963,0.2292424440383911,-0.03513253852725029,-0.005721129477024078,0.09884771704673767,-0.05201820656657219,0.009151923470199108,0.05088308826088905,0.03959159180521965,-0.015370426699519157,0.08335159718990326,-0.060328662395477295,0.03591880947351456
195,56.699999999999996,-0.6233608722686768,0.016986552625894547,0.006800967268645763,0.014999979529529809,0.01859164413064718,-0.0035916646011173725,0.06682908535003662,0.06330548971891403,-0.011556234210729599,-0.016986552625894547,0.00908302515745163,0.008965961635112762,-0.003209302667528391,-0.0033497789409011602,0.19952480494976044,0.19397494196891785,0.07071398943662643,0.06740213930606842,0.017057619988918304,0.020830586552619934,-0.006800967268645763,-0.0022734077647328377,0.07882093638181686,0.07429567724466324,0.008443743921816349,0.003013425273820758,0.029083004221320152,0.028965940698981285,0.01679067686200142,0.01665019989013672,0.006991851031780243,0.0059901875257492064,0.014999978132545947,0.014999977899715303,0.014999979063868522,0.014999979063868522,0.014999979529529809,0.014999978831037878,0.0,0.0,0.0,0.0,0.007025384232401848,0.003135354146361351,0.01859164413064718,0.013923607654869555,0.22794878482818604,-0.03404882177710533,-0.006187970284372568,0.09599806368350983,-0.05024750530719757,0.008630814030766487,0.046467121690511703,0.03887990489602089,-0.01554347574710846,0.08076494932174683,-0.060419902205467224,0.03602339327335358
196,57.12,-0.628467321395874,0.01962241344153881,0.009090806357562542,0.014999979063868522,0.018363180458545684,-0.003363201394677162,0.0664878636598587,0.06294629722833633,-0.014155694283545017,-0.01962241344153881,0.005472077056765556,0.005370973609387875,-0.0057276044972240925,-0.0058489288203418255,0.19949305057525635,0.19399167597293854,0.06784365326166153,0.06474019587039948,0.012663972564041615,0.01643826812505722,-0.009090806357562542,-0.004561651963740587,0.07925242185592651,0.07469682395458221,0.005844284314662218,0.00037756472011096776,0.02547205612063408,0.025370951741933823,0.014272374100983143,0.01415104977786541,0.00776455819606781,0.00675052672624588,0.014999978598207234,0.014999978161649778,0.014999979063868522,0.014999978132545947,0.014999978598207234,0.014999978598207234,0.0,0.0,0.0,0.0,0.007808083556592464,0.003932683616876602,0.018363180458545684,0.013712701741605996,0.22665518522262573,-0.03277476876974106,-0.006759338546544313,0.09348496794700623,-0.048469848930835724,0.008126073516905308,0.04299633949995041,0.038210831582546234,-0.015658453106880188,0.07820310443639755,-0.06042201817035675,0.0361483059823513
197,57.54,-0.6333909630775452,0.020252050831913948,0.011142582632601261,0.014999979354906826,0.017477527149021625,-0.0024775477941147983,0.07035154104232788,0.06669177860021591,-0.014579402282834053,-0.020252050831913948,0.004422149620950222,0.00445894431322813,-0.008665034547448158,-0.008620880544185638,0.20442906022071838,0.19884701073169708,0.07008417695760727,0.06714848428964615,0.01169339194893837,0.015582190826535225,-0.011142582632601261,-0.0064760237000882626,0.08327340334653854,0.0785461962223053,0.005420575849711895,-0.00025207147700712085,0.02442212775349617,0.02445892244577408,0.011334944516420364,0.011379098519682884,0.007921862304210662,0.006854417622089386,0.014999978132545947,0.014999979354906826,0.014999978132545947,0.014999978132545947,0.014999979063868522,0.014999979063868522,0.0,0.0,0.0,0.0,0.0077287358045578,0.0038767316192388534,0.017477527149021625,0.012855122219771146,0.22676821053028107,-0.03153993934392929,-0.007437293417751789,0.09178072214126587,-0.04661710560321808,0.00764746218919754,0.040940240025520325,0.03756987676024437,-0.01566246524453163,0.07557912170886993,-0.06050291657447815,0.03628461807966232
198,57.96,-0.6383145451545715,0.0207180455327034,0.013129946775734425,0.014999979413114487,0.01661596342921257,-0.001615984016098082,0.07426576316356659,0.07049570232629776,-0.014851600863039494,-0.0207180455327034,0.003460134379565716,0.003634838853031397,-0.011513961479067802,-0.011304316110908985,0.20969915390014648,0.20401574671268463,0.07277703285217285,0.07000403851270676,0.010877709835767746,0.01488848589360714,-0.013129946775734425,-0.008317016065120697,0.08738000690937042,0.08249130845069885,0.005148377735167742,-0.0007180661195889115,0.023460112512111664,0.023634817451238632,0.008486016653478146,0.008695662021636963,0.008114243745803832,0.006995606124401092,0.014999978598207234,0.014999979413114487,0.014999978132545947,0.014999978598207234,0.014999978132545947,0.014999978132545947,0.0,0.0,0.0,0.0,0.007582402676343918,0.0037463315576314925,0.01661596342921257,0.012012678086757659,0.22717070579528809,-0.03113866224884987,-0.007903633639216423,0.09053681045770645,-0.04531101882457733,0.007281527854502201,0.03915804252028465,0.036972686648368835,-0.015781639143824577,0.07365516573190689,-0.06102711707353592,0.03649505227804184
199,58.379999999999995,-0.6432093381881714,0.013444227166473866,0.006571416277438402,0.008333318383956793,0.009714058022946118,-0.0013807396389893256,0.08504308015108109,0.08125711232423782,-0.0076498836278915405,-0.013444227166473866,0.008907734416425228,0.009098737500607967,-0.00519067607820034,-0.004961472470313311,0.22206604480743408,0.21648181974887848,0.0807536169886589,0.07784975320100784,0.01586933247745037,0.01988895609974861,-0.006571416277438402,-0.0017478687223047018,0.09215716272592545,0.08732854574918747,0.005683434661477804,-0.00011090878251707181,0.022241052240133286,0.022432055324316025,0.008142641745507717,0.008371845819056034,0.0021140825748443602,0.001071433424949646,0.008333318289369344,0.008333318383956793,0.008333317823708056,0.008333317823708056,0.008333317823708056,0.008333318289369344,0.0,0.0,0.0,0.0,0.0013717197626829146,0.0,0.009714058022946118,0.005119714541360736,0.22713032364845276,-0.03126484900712967,-0.008161797188222408,0.08908925950527191,-0.04414774104952812,0.007014524657279253,0.03712102398276329,0.036436326801776886,-0.015897443518042564,0.07216881215572357,-0.061641015112400055,0.036684244871139526
200,58.8,-0.6481010913848877,0.012554073706269264,0.0063333287835121155,0.008333318755030631,0.009417671598494052,-0.0010843528434634209,0.08982960134744644,0.08617454767227173,-0.006871550343930721,-0.012554073706269264,0.007681380491703749,0.007876012474298477,-0.00524897500872612,-0.005015416536480188,0.22907598316669464,0.2235483080148697,0.08566921204328537,0.08305889368057251,0.01425385195761919,0.018301144242286682,-0.0063333287835121155,-0.001476578414440155,0.09709944576025009,0.09236400574445724,0.006461767945438623,0.0007792445831000805,0.02101469784975052,0.02120933122932911,0.008084342814981937,0.008317901752889156,0.00226984441280365,0.0011894580721855163,0.008333318289369344,0.008333318289369344,0.008333317358046769,0.008333318755030631,0.008333317823708056,0.008333318289369344,0.0,0.0,0.0,0.0,0.0017608458921313285,0.0,0.009417671598494052,0.004794480167329311,0.22968789935112,-0.03314092382788658,-0.008026658557355404,0.08771716058254242,-0.04379749298095703,0.006720462813973427,0.034209005534648895,0.0363255999982357,-0.01616019569337368,0.07201547920703888,-0.06269047409296036,0.037078484892845154
201,59.22,-0.6528519988059998,0.011773623526096344,0.005895939189940691,0.008333318755030631,0.008840359169989823,-0.0005070404149591923,0.0927690714597702,0.08903701603412628,-0.006103247404098511,-0.011773623526096344,0.0075859627686440945,0.007790443021804094,-0.005388898309320211,-0.005143522284924984,0.2349579930305481,0.22942042350769043,0.08777539432048798,0.0852847471833229,0.013942665420472622,0.0180145725607872,-0.005895939189940691,-0.0010096518089994788,0.10148029029369354,0.09675497561693192,0.007230070885270834,0.0015596948796883225,0.020919280126690865,0.02112376131117344,0.007944419980049133,0.008189796470105648,0.0037112188339233397,0.0027179595828056334,0.008333318289369344,0.008333318405784666,0.008333317358046769,0.008333318289369344,0.008333318289369344,0.008333318755030631,0.0,0.0,0.0,0.0,0.0019766147062182425,0.0,0.008840359169989823,0.004199448279105127,0.23302337527275085,-0.034987810999155045,-0.00795296486467123,0.08662423491477966,-0.04326513037085533,0.006367528345435858,0.032043516635894775,0.03591575473546982,-0.01653035171329975,0.0711798369884491,-0.06444196403026581,0.037583187222480774
202,59.64,-0.6574751734733582,0.011108621954917908,0.005339524243026972,0.008333318755030631,0.008093318324536084,0.0002400004304945469,0.09455034136772156,0.09053653478622437,-0.005356166511774063,-0.011108621954917908,0.008543298579752445,0.00876259058713913,-0.005579523742198944,-0.0053163738921284676,0.23971806466579437,0.23412315547466278,0.08731204271316528,0.0847771167755127,0.014899929985404015,0.0189948882907629,-0.005339524243026972,-0.00042557547567412257,0.10535148531198502,0.10055777430534363,0.007977151311933994,0.0022246965672820807,0.021876616403460503,0.02209590934216976,0.007753794081509113,0.00801694393157959,0.005801143944263458,0.005021239519119263,0.008333317823708056,0.008333318522199987,0.008333317823708056,0.008333318755030631,0.008333317823708056,0.008333317823708056,0.0,0.0,0.0,0.0,0.001976686418056488,0.0,0.008093318324536084,0.0034425194072537123,0.23690608143806458,-0.036541759967803955,-0.007864955812692642,0.08576253056526184,-0.04249997437000275,0.005973925814032555,0.030359558761119843,0.035426557064056396,-0.016859350726008415,0.07012231647968292,-0.06618154048919678,0.038116589188575745
203,60.059999999999995,-0.6620752215385437,0.009934622794389725,0.004541759844869375,0.008333318755030631,0.0074225164763629435,0.0009108022786676875,0.09740898758172989,0.09309908002614975,-0.004083096049726009,-0.009934622794389725,0.00983978807926178,0.010097933001816273,-0.005452561657875776,-0.0051427879370749,0.2446974664926529,0.2390548586845398,0.08734303712844849,0.08472747355699539,0.0163309033960104,0.0204779040068388,-0.004541759844869375,0.00043464137706905603,0.10959038138389587,0.10471411049365997,0.009250221773982048,0.00339869549497962,0.023173106834292412,0.02343125082552433,0.007880756631493568,0.008190530352294445,0.007181393802165985,0.006615030467510223,0.008333317823708056,0.008333318289369344,0.008333318755030631,0.008333317823708056,0.008333318289369344,0.008333318289369344,0.0,0.0,0.0,0.0,0.0018422034382820128,0.0,0.0074225164763629435,0.002755888975225389,0.24013406038284302,-0.03777061775326729,-0.007755126804113388,0.08520505577325821,-0.04194090887904167,0.005659138783812523,0.029056411236524582,0.035078566521406174,-0.017104944214224815,0.06965740025043488,-0.06766097247600555,0.03867638483643532
204,60.48,-0.6665367484092712,0.006479378789663315,0.0020728721283376217,0.008333318609511479,0.006715989094227552,0.0016173295152839265,0.10279491543769836,0.09815682470798492,-0.00039098304114304483,-0.006479378789663315,0.012903661467134953,0.013348140753805637,-0.0036902010906487703,-0.00315682590007782,0.25167104601860046,0.2458759844303131,0.09053529053926468,0.08769258856773376,0.01982102543115616,0.024173535406589508,-0.0020728721283376217,0.0031501413322985172,0.11555884778499603,0.11048518121242523,0.012942335568368435,0.006853939034044743,0.02623697929084301,0.026681458577513695,0.00964311696588993,0.010176491923630238,0.007763932347297668,0.0073283565044403075,0.008333318609511479,0.008333317823708056,0.008333317823708056,0.008333317823708056,0.0083333180565387,0.008333317823708056,0.0,0.0,0.0,0.0,0.0014159538596868514,0.0,0.006715989094227552,0.0020263505913317202,0.24220237135887146,-0.038967251777648926,-0.007673379499465227,0.08521010726690292,-0.04215233400464058,0.005505658686161041,0.02850896120071411,0.03481448441743851,-0.017337560653686523,0.07006347179412842,-0.0693369060754776,0.03934894874691963
205,60.9,-0.6709983348846436,0.002945821965113282,0.0,0.008333318987861275,0.00605043655843474,0.002282882429426535,0.10843445360660553,0.10347121953964233,0.003368625184521079,-0.002945821965113282,0.016040291637182236,0.016669051721692085,-0.0018595217261463404,-0.0011050098109990358,0.2592737078666687,0.2533506453037262,0.09472650289535522,0.09170971810817719,0.023449210450053215,0.028004242107272148,0.000423359771957621,0.005889399908483028,0.1215660348534584,0.11630399525165558,0.016701944172382355,0.010387496091425419,0.029373610392212868,0.030002370476722717,0.01147379633039236,0.012228308245539665,0.008131581246852874,0.007832775712013244,0.008333318987861275,0.0083333180565387,0.008333318755030631,0.008333318755030631,0.0083333180565387,0.0083333180565387,0.0,0.0,0.0,0.0,0.0009243999421596526,0.0,0.00605043655843474,0.0013389083370566367,0.2453167736530304,-0.0401187390089035,-0.007461594417691231,0.08571752905845642,-0.04225959628820419,0.005388622637838125,0.027987249195575714,0.0346970334649086,-0.01748805306851864,0.0707574188709259,-0.07069186866283417,0.039913974702358246
206,61.32,-0.6752824187278748,0.00013552857853937894,0.0,0.008333318755030631,0.005343015193939209,0.002990303561091422,0.11390246450901031,0.10876753181219101,0.006623897701501846,0.00032456222106702626,0.01892177201807499,0.019573649391531944,-0.00013552857853937894,0.0006467245984822512,0.2669656276702881,0.2611088156700134,0.09892764687538147,0.09589136391878128,0.02682366408407688,0.031416211277246475,0.0028547747060656548,0.008365831337869167,0.12722863256931305,0.12197917699813843,0.01995721645653248,0.013657880015671253,0.03225509077310562,0.032906968146562576,0.013197789900004864,0.01398004312068224,0.008326168060302733,0.008211645185947417,0.008333318755030631,0.008333317794604226,0.008333318755030631,0.008333318755030631,0.008333318478544242,0.008333318522199987,0.0,0.0,0.0,0.0,0.0004314266890287398,0.0,0.005343015193939209,0.0006142117828130721,0.25001949071884155,-0.0412498377263546,-0.007144163362681866,0.08644238114356995,-0.04186081513762474,0.005259520374238491,0.027362963184714317,0.03459222614765167,-0.017516547814011574,0.07113724201917648,-0.07174672186374664,0.040347225964069366
207,61.739999999999995,-0.6795111298561096,0.0,0.0,0.00833332061767578,0.004623723570257425,0.003709597047418355,0.11950992792844772,0.1143367812037468,0.009810235351324081,0.003602461889386177,0.02180580422282219,0.02243225648999214,0.0016394489211961627,0.0023911907337605953,0.2722920775413513,0.2688041925430298,0.10303015261888504,0.1000051349401474,0.03025258332490921,0.03483646363019943,0.005349043291062117,0.01084970124065876,0.1328432410955429,0.12767009437084198,0.023143554106354713,0.01693578064441681,0.03513912484049797,0.035765573382377625,0.014972766861319542,0.015724508091807365,0.008333313167095183,0.008333313167095183,0.008333318755030631,0.008333318755030631,0.00833332061767578,0.008333316892385482,0.008333317940123378,0.008333317358046769,0.0,0.0,0.0,0.0,0.0,0.0,0.004623723570257425,0.0,0.2547665536403656,-0.04250723123550415,-0.006816691718995571,0.08728574961423874,-0.041531480848789215,0.005162192974239588,0.02699071168899536,0.03451114892959595,-0.017563175410032272,0.07167193293571472,-0.07293824851512909,0.040778908878564835
208,62.16,-0.6836578249931335,0.0,0.0,0.0016666603088378905,0.0,0.0016666603088378905,0.13073879480361938,0.12557238340377808,0.019336389377713203,0.013136697001755238,0.030721569433808327,0.03139253333210945,0.010070841759443283,0.010875997133553028,0.28058695793151855,0.27825549244880676,0.11175775527954102,0.10835660994052887,0.03956292197108269,0.044205836951732635,0.014388219453394413,0.019959716126322746,0.13740545511245728,0.13223904371261597,0.026003045961260796,0.019803354516625404,0.03738822788000107,0.03805918991565704,0.016737500205636024,0.017542654648423195,0.0016666603088378905,0.0016666603088378905,0.001666656583547592,0.0016666575148701667,0.0016666584461927413,0.001666656583547592,0.0016666584461927413,0.0016666575148701667,0.0,0.0,0.0,0.0,0.0,0.0,0.0,0.0,0.2590709626674652,-0.04387044906616211,-0.006349198054522276,0.08812113106250763,-0.04151589050889015,0.005099443253129721,0.02630702778697014,0.03439733013510704,-0.017709903419017792,0.07219979166984558,-0.07410436123609543,0.04118257388472557
209,62.58,-0.687671422958374,0.0,0.0,0.0016666603088378905,0.0,0.0016666603088378905,0.13354648649692535,0.12826882302761078,0.021570242941379547,0.015237050130963326,0.0318293496966362,0.03265521675348282,0.011705921962857246,0.012696963734924793,0.28142815828323364,0.2789641320705414,0.11308932304382324,0.10929509252309799,0.040834568440914154,0.04564657062292099,0.016483131796121597,0.02225753478705883,0.14021313190460205,0.13493548333644867,0.02823690138757229,0.021903708577156067,0.03849600628018379,0.03932187706232071,0.018372580409049988,0.01936362124979496,0.0016666454076766967,0.0016666603088378905,0.0016666584461927413,0.0016666584461927413,0.001666656583547592,0.0016666603088378905,0.0016666584461927413,0.0016666575148701667,0.0,0.0,0.0,0.0,0.0,0.0,0.0,0.0,0.2645336091518402,-0.04636669531464577,-0.005365658551454544,0.088852658867836,-0.04231864586472511,0.005120803602039814,0.024357285350561142,0.03444092348217964,-0.017924193292856216,0.07321498543024063,-0.07507716119289398,0.04143836349248886
210,63.0,-0.6916850209236145,0.0,0.0,0.002285024970769882,0.0,0.002285024970769882,0.13643348217010498,0.13104327023029327,0.023886775597929955,0.01741851307451725,0.03298692777752876,0.033965934067964554,0.01335202343761921,0.013944806531071663,0.28216487169265747,0.27956902980804443,0.11445093899965286,0.11024842411279678,0.04214617609977722,0.047111235558986664,0.01857505366206169,0.024533124640583992,0.14310014247894287,0.13770993053913116,0.030553434044122696,0.02408517152070999,0.03965358808636665,0.040632590651512146,0.020055027678608894,0.021229831501841545,0.0016666603088378905,0.0016666603088378905,0.0016666584461927413,0.0016666584461927413,0.0016666603088378905,0.001666656583547592,0.001703004240989685,0.002285024970769882,0.0,0.0,0.0,0.0,0.0,0.0,0.0,0.0,0.26926544308662415,-0.04820515215396881,-0.0045919171534478664,0.08990471065044403,-0.04293251410126686,0.005214366130530834,0.023309774696826935,0.034316666424274445,-0.018001385033130646,0.0736946314573288,-0.07616658508777618,0.041613101959228516
211,63.419999999999995,-0.6955472826957703,0.0,0.0,0.0016666603088378905,0.0,0.0016666603088378905,0.13765722513198853,0.13232621550559998,0.02522687241435051,0.018829666078090668,0.03462748974561691,0.035728055983781815,0.01412283070385456,0.015443508513271809,0.2806544601917267,0.2779499292373657,0.11396777629852295,0.10931369662284851,0.044175468385219574,0.049249958246946335,0.019883261993527412,0.025972647592425346,0.14432388544082642,0.13899287581443787,0.0318935289978981,0.02549632266163826,0.0412941500544548,0.04239471256732941,0.020789489150047302,0.022110166028141975,0.0016666603088378905,0.0016666603088378905,0.001666656583547592,0.001666656583547592,0.0016666603088378905,0.001666656583547592,0.0016666584461927413,0.0016666575148701667,0.0,0.0,0.0,0.0,0.0,0.0,0.0,0.0,0.2733195424079895,-0.04970783740282059,-0.003958928398787975,0.09136272966861725,-0.04369066655635834,0.005368425045162439,0.023267025128006935,0.034014470875263214,-0.01803002879023552,0.07396113872528076,-0.07755792886018753,0.041793111711740494
212,63.839999999999996,-0.6994094848632812,0.0,0.0,0.0016666603088378905,0.0,0.0016666603088378905,0.13898219168186188,0.13370637595653534,0.02667047455906868,0.020339490845799446,0.03635431081056595,0.03757436200976372,0.014943322166800499,0.016407381743192673,0.27932992577552795,0.276528537273407,0.11391375958919525,0.10882505029439926,0.046337392181158066,0.05151080712676048,0.021207759156823158,0.027415858581662178,0.14564885199069977,0.14037302136421204,0.03333713114261627,0.02700614742934704,0.04302097111940384,0.04424101859331131,0.02160998061299324,0.023074040189385414,0.0016666603088378905,0.0016666454076766967,0.001666656583547592,0.001666656583547592,0.0016666603088378905,0.001666656583547592,0.0016666584461927413,0.0016666584461927413,0.0,0.0,0.0,0.0,0.0,0.0,0.0,0.0,0.2771230936050415,-0.05069839954376221,-0.003398577217012644,0.0930740013718605,-0.04431099444627762,0.005579213611781597,0.023634977638721466,0.03375519439578056,-0.01791617088019848,0.07403445243835449,-0.07846298813819885,0.04182380065321922
213,64.25999999999999,-0.7032164931297302,0.0,0.0,0.0016666603088378905,0.0,0.0016666603088378905,0.13824886083602905,0.13299690186977386,0.027303313836455345,0.021000955253839493,0.03696505352854729,0.038258146494627,0.015744242817163467,0.0172959566116333,0.27545201778411865,0.27248528599739075,0.11227700114250183,0.10653717070817947,0.04717576131224632,0.05240282043814659,0.022325780242681503,0.028598252683877945,0.14491552114486694,0.13966356217861176,0.03396997228264809,0.027667613700032234,0.04363171011209488,0.04492480680346489,0.02241090126335621,0.023962613195180893,0.0016666603088378905,0.0016666603088378905,0.0016666584461927413,0.0016666584461927413,0.001666656583547592,0.0016666603088378905,0.0016666584461927413,0.001666656583547592,0.0,0.0,0.0,0.0,0.0,0.0,0.0,0.0,0.2799193859100342,-0.05150291323661804,-0.002759313676506281,0.09466510266065598,-0.045177776366472244,0.0058374106884002686,0.023547932505607605,0.03347638249397278,-0.017852429300546646,0.07411117106676102,-0.0790407732129097,0.041802771389484406
214,64.67999999999999,-0.7069895267486572,0.0,0.0,0.0016666603088378905,0.0,0.0016666603088378905,0.13628748059272766,0.13104096055030823,0.02750079147517681,0.02120496891438961,0.0368860587477684,0.038224536925554276,0.016530366614460945,0.018136540427803993,0.268749475479126,0.2655089199542999,0.1095488965511322,0.10284121334552765,0.0466957613825798,0.051984019577503204,0.02351290173828602,0.02985881082713604,0.14295414090156555,0.13770762085914612,0.03416744992136955,0.027871625497937202,0.04355271905660629,0.044891197234392166,0.023197023198008537,0.024803197011351585,0.0016666603088378905,0.0016666603088378905,0.0016666584461927413,0.001666656583547592,0.0016666603088378905,0.0016666603088378905,0.001666656583547592,0.001666656583547592,0.0,0.0,0.0,0.0,0.0,0.0,0.0,0.0,0.2811647653579712,-0.052983276546001434,-0.0010908760596066713,0.09386953711509705,-0.04786130413413048,0.005351299419999123,0.019181661307811737,0.032918523997068405,-0.019665148109197617,0.07455845177173615,-0.08008959889411926,0.04210784286260605
215,65.1,-0.7107517123222351,0.0,0.0,0.0016666603088378905,0.0,0.0016666603088378905,0.1339832842350006,0.12873393297195435,0.027572352439165115,0.021273136138916016,0.03699873760342598,0.03840486705303192,0.017151381820440292,0.018838735297322273,0.2621321976184845,0.25862184166908264,0.10725913941860199,0.10025837272405624,0.04664178565144539,0.051988258957862854,0.024465816095471382,0.03088158741593361,0.1406499445438385,0.13540059328079224,0.03423900902271271,0.027939794585108757,0.04366539791226387,0.045071523636579514,0.023818038403987885,0.025505391880869865,0.0016666603088378905,0.0016666603088378905,0.001666656583547592,0.0016666584461927413,0.0016666603088378905,0.001666656583547592,0.001666656583547592,0.001666656583547592,0.0,0.0,0.0,0.0,0.0,0.0,0.0,0.0,0.2822459042072296,-0.05378854647278786,0.00011738616740331054,0.09404078125953674,-0.04991605877876282,0.005188792943954468,0.01684487983584404,0.032368432730436325,-0.020698370411992073,0.07466205954551697,-0.08094915747642517,0.04218927025794983
216,65.52,-0.7144795656204224,0.0,0.0,0.0016666603088378905,0.0,0.0016666603088378905,0.13036197423934937,0.12508824467658997,0.026965012773871422,0.020636536180973053,0.03762910142540932,0.039174001663923264,0.01714828796684742,0.019002167508006096,0.2543041706085205,0.25047460198402405,0.10402137041091919,0.09692944586277008,0.04758458957076073,0.053048890084028244,0.02486627735197544,0.03142343834042549,0.13702863454818726,0.13175490498542786,0.03363167122006416,0.027303192764520645,0.04429576173424721,0.045840661972761154,0.02381494641304016,0.025668825954198837,0.0016666603088378905,0.0016666603088378905,0.0016666584461927413,0.001666656583547592,0.0016666603088378905,0.0016666603088378905,0.0016666584461927413,0.0016666584461927413,0.0,0.0,0.0,0.0,0.0,0.0,0.0,0.0,0.2824092507362366,-0.05437278002500534,0.0009458687854930758,0.09522176533937454,-0.052128519862890244,0.005344155244529247,0.016897380352020264,0.031845688819885254,-0.02130519226193428,0.07516640424728394,-0.0821196511387825,0.042212653905153275
217,65.94,-0.7182074189186096,0.0,0.0,0.0016666603088378905,0.0,0.0016666603088378905,0.1268465518951416,0.12155121564865112,0.02651616558432579,0.020161757245659828,0.038296014070510864,0.03997942805290222,0.01718173734843731,0.01920183375477791,0.24700631201267242,0.2428809404373169,0.10103699564933777,0.09389561414718628,0.048621952533721924,0.05418925732374191,0.025203434750437737,0.031884197145700455,0.1335132122039795,0.128217875957489,0.03318282216787338,0.02682841569185257,0.044962670654058456,0.046646084636449814,0.02384839579463005,0.02586849220097065,0.0016666603088378905,0.0016666603088378905,0.001666656583547592,0.0016666584461927413,0.001666656583547592,0.001666656583547592,0.0016666584461927413,0.0016666584461927413,0.0,0.0,0.0,0.0,0.0,0.0,0.0,0.0,0.2828757166862488,-0.05450095981359482,0.001619163085706532,0.09673774242401123,-0.053836822509765625,0.005621176213026047,0.01753922551870346,0.03144105523824692,-0.021506821736693382,0.07526519149541855,-0.08249985426664352,0.041967082768678665
218,66.36,-0.7219220995903015,0.0,0.0,0.0,0.0,0.0,0.1269257813692093,0.12170928716659546,0.031523481011390686,0.025263700634241104,0.04484337195754051,0.04673087224364281,0.023411383852362633,0.02487209439277649,0.24166171252727509,0.23716259002685547,0.1017543151974678,0.09463570266962051,0.05537742003798485,0.06110287457704544,0.03171614930033684,0.03858669102191925,0.1269257664680481,0.12170928716659546,0.03152347728610039,0.025263698771595955,0.044843368232250214,0.04673087224364281,0.023411381989717484,0.025676382705569267,0.0,0.0,0.0,0.0,0.0,0.0,0.0,0.0,0.0,0.0,0.0,0.0,0.0,0.0,0.0,0.0,0.28308188915252686,-0.05442406237125397,0.002398665063083172,0.09781268239021301,-0.05529285594820976,0.005860559642314911,0.017133178189396858,0.031033875420689583,-0.021627793088555336,0.07478170096874237,-0.08213008940219879,0.04158148914575577
219,66.78,-0.7256346344947815,0.0,0.0,0.0,0.0,0.0,0.12005918473005295,0.11495203524827957,0.03001568466424942,0.02388710528612137,0.04465606063604355,0.046757690608501434,0.022957613691687584,0.025479570031166077,0.23003309965133667,0.22519221901893616,0.0959729254245758,0.08886560797691345,0.055572476238012314,0.06147007644176483,0.03152509033679962,0.03860221058130264,0.12005918473005295,0.11495202779769897,0.03001568280160427,0.02388710156083107,0.04465606063604355,0.046757690608501434,0.022957611829042435,0.025479568168520927,0.0,0.0,0.0,0.0,0.0,0.0,0.0,0.0,0.0,0.0,0.0,0.0,0.0,0.0,0.0,0.0,0.2842918634414673,-0.05522379279136658,0.0033261096104979515,0.09880062937736511,-0.05705425143241882,0.006205759942531586,0.01671885885298252,0.0309813991189003,-0.021525181829929352,0.07505162060260773,-0.08134128153324127,0.04101493954658508
220,67.2,-0.7293663620948792,0.0,0.0,0.0,0.0,0.0,0.11337641626596451,0.10842259228229523,0.02839028835296631,0.02244570292532444,0.04421761631965637,0.04648769274353981,0.022349562495946884,0.02507365308701992,0.2190912663936615,0.21399810910224915,0.09027829021215439,0.08327281475067139,0.055717963725328445,0.06173810735344887,0.031097210943698883,0.03832138329744339,0.11337640881538391,0.10842259228229523,0.02839028649032116,0.02244570106267929,0.04421761631965637,0.04648768901824951,0.022349560633301735,0.025073649361729622,0.0,0.0,0.0,0.0,0.0,0.0,0.0,0.0,0.0,0.0,0.0,0.0,0.0,0.0,0.0,0.0,0.2842324376106262,-0.05534234642982483,0.003962491173297167,0.10021336376667023,-0.05872511863708496,0.006697404198348522,0.017790229991078377,0.03097011148929596,-0.021243635565042496,0.07545467466115952,-0.08043377846479416,0.040361665189266205
221,67.62,-0.7331191301345825,0.0,0.0,0.0,0.0,0.0,0.10679803788661957,0.10204370319843292,0.02649146318435669,0.020786257460713387,0.04346524551510811,0.045854564756155014,0.02153535932302475,0.024402543902397156,0.2088659107685089,0.20361806452274323,0.08463345468044281,0.07781092077493668,0.055674705654382706,0.06176837533712387,0.0303861815482378,0.03769858554005623,0.10679803788661957,0.10204369574785233,0.02649146132171154,0.020786255598068237,0.04346524178981781,0.045854564756155014,0.0215353574603796,0.024402542039752007,0.0,0.0,0.0,0.0,0.0,0.0,0.0,0.0,0.0,0.0,0.0,0.0,0.0,0.0,0.0,0.0,0.2831413149833679,-0.05496736615896225,0.004389786161482334,0.10181929916143417,-0.06030675768852234,0.007269514724612236,0.019777260720729828,0.03102855756878853,-0.020848052576184273,0.07597394287586212,-0.0793084055185318,0.03964044526219368
222,68.03999999999999,-0.7368813753128052,0.0,0.0,0.0,0.0,0.0,0.10029978305101395,0.09575724601745605,0.02479287050664425,0.019341830164194107,0.042765650898218155,0.045265089720487595,0.02074509859085083,0.023744424805045128,0.19896650314331055,0.19360609352588654,0.07902312278747559,0.07242615520954132,0.05566537380218506,0.061820488423109055,0.02965773083269596,0.037043869495391846,0.10029977560043335,0.09575724601745605,0.02479286678135395,0.019341828301548958,0.042765650898218155,0.045265089720487595,0.02074509672820568,0.02374442294239998,0.0,0.0,0.0,0.0,0.0,0.0,0.0,0.0,0.0,0.0,0.0,0.0,0.0,0.0,0.0,0.0,0.28178298473358154,-0.054183587431907654,0.004726386163383722,0.10318280011415482,-0.06149101257324219,0.007793131284415722,0.021845348179340363,0.03111361339688301,-0.020360639318823814,0.07609792053699493,-0.07771526277065277,0.03884723782539368
223,68.46,-0.7407338619232178,0.0,0.0,0.0,0.0,0.0,0.09308940917253494,0.08876974880695343,0.02284637838602066,0.017662785947322845,0.042303666472435,0.04482486844062805,0.019919229671359062,0.022944670170545578,0.18841128051280975,0.18311555683612823,0.07298392057418823,0.06662905216217041,0.056137699633836746,0.06227228045463562,0.02894134260714054,0.0363028384745121,0.09308940172195435,0.08876974135637283,0.02284637652337551,0.017662784084677696,0.042303666472435,0.04482486471533775,0.019919225946068764,0.02294466644525528,0.0,0.0,0.0,0.0,0.0,0.0,0.0,0.0,0.0,0.0,0.0,0.0,0.0,0.0,0.0,0.0,0.2790851593017578,-0.053272731602191925,0.004909008275717497,0.10470353066921234,-0.06299393624067307,0.008392760530114174,0.02476903796195984,0.031229445710778236,-0.01989044062793255,0.07674546539783478,-0.07627065479755402,0.038109488785266876
224,68.88,-0.744586169719696,0.0,0.0,0.0,0.0,0.0,0.0860811322927475,0.08199851959943771,0.021183986216783524,0.016284845769405365,0.04186207428574562,0.044405627995729446,0.01911390759050846,0.0221661739051342,0.1779933124780655,0.1729380339384079,0.06717314571142197,0.06110679730772972,0.05655897781252861,0.06267084181308746,0.028181569650769234,0.03551580384373665,0.0860811322927475,0.08199851959943771,0.021183982491493225,0.016284843906760216,0.04186207056045532,0.04440562427043915,0.019113903865218163,0.022166172042489052,0.0,0.0,0.0,0.0,0.0,0.0,0.0,0.0,0.0,0.0,0.0,0.0,0.0,0.0,0.0,0.0,0.27658477425575256,-0.05200527608394623,0.0050871833227574825,0.10591202974319458,-0.06401698291301727,0.008913842029869556,0.027356524020433426,0.031427815556526184,-0.019314106553792953,0.07697591185569763,-0.07409708201885223,0.03724255785346031
225,69.3,-0.74851393699646,0.0,0.0,0.0,0.0,0.0,0.07874581962823868,0.0748867392539978,0.01723366044461727,0.014939575456082821,0.04137681424617767,0.0440407432615757,0.01833321899175644,0.02152993343770504,0.16651847958564758,0.1617155820131302,0.060547806322574615,0.05478433519601822,0.05674179270863533,0.06292347609996796,0.027428416535258293,0.034846432507038116,0.07874581217765808,0.0748867318034172,0.019570467993617058,0.014939572662115097,0.041376810520887375,0.0440407395362854,0.01833321712911129,0.02152993157505989,0.0,0.0,0.0,0.0,0.0,0.0,0.0,0.0,0.0,0.0,0.0,0.0,0.0,0.0,0.0,0.0,0.27496522665023804,-0.05040676146745682,0.005300391465425491,0.10670424997806549,-0.06432490795850754,0.009276514872908592,0.028880979865789413,0.03165099769830704,-0.018683716654777527,0.07646898180246353,-0.07117033749818802,0.03624913468956947
226,69.72,-0.7524718046188354,0.0023306116927415133,0.0,0.0156095811445266,0.0,0.0156095811445266,0.07153364270925522,0.06789833307266235,-0.0023306116927415133,0.001870282692834735,0.04090781509876251,0.043732691556215286,0.017597170546650887,0.020987022668123245,0.15472611784934998,0.15019960701465607,0.05381610244512558,0.04838428273797035,0.05696405470371246,0.06325000524520874,0.026711121201515198,0.03425426036119461,0.07153364270925522,0.06789833307266235,0.018278969451785088,0.01391659490764141,0.040907811373472214,0.04373268783092499,0.017597168684005737,0.020987020805478096,0.0,0.0,0.0156095811445266,0.007046312214806676,0.0,0.0,0.0,0.0,0.0,0.0,0.0,0.0,0.0,0.0,0.0,0.0,0.27335622906684875,-0.04848529025912285,0.005485398694872856,0.1074230819940567,-0.06427214294672012,0.009622650220990181,0.030355069786310196,0.031880103051662445,-0.017961803823709488,0.07575428485870361,-0.0677763819694519,0.03514079377055168
227,70.14,-0.7564684152603149,0.020953305065631866,0.0,0.03316279023885727,0.0,0.03316279023885727,0.06472833454608917,0.06133415922522545,-0.020953305065631866,-0.01694679446518421,0.040412403643131256,0.04341030865907669,0.016838427633047104,0.020435916259884834,0.14341361820697784,0.13918918371200562,0.04753793776035309,0.042468614876270294,0.05734841898083687,0.06374726444482803,0.02597796358168125,0.03365657478570938,0.06472833454608917,0.06133415922522545,0.017209485173225403,0.01313647162169218,0.04041239991784096,0.04341030493378639,0.016838423907756805,0.020435912534594536,0.0,0.0,0.03316279023885727,0.02508326608687639,0.0,0.0,0.0,0.0,0.0,0.0,0.0,0.0,0.0,0.0,0.0,0.0,0.2711707651615143,-0.04632144421339035,0.005599514581263065,0.10837157815694809,-0.06418094038963318,0.010057062841951847,0.03246424347162247,0.0321357436478138,-0.01715678535401821,0.07529784739017487,-0.06416240334510803,0.03393898531794548
228,70.56,-0.7605426907539368,0.037259649485349655,0.0,0.048333336487412455,0.0,0.048333336487412455,0.06498321890830994,0.06185552105307579,-0.037259649485349655,-0.03394557163119316,0.04647500067949295,0.04966811463236809,0.022643785923719406,0.02647552266716957,0.13953077793121338,0.13562573492527008,0.04843740165233612,0.04375135153532028,0.06449394673109055,0.07102717459201813,0.031826213002204895,0.03966608643531799,0.058316558599472046,0.0551888570189476,0.016073687002062798,0.012320448644459248,0.03980834037065506,0.0430014543235302,0.015977123752236366,0.01980886049568653,0.0,0.0,0.048333336487412455,0.04126602027565241,0.0,0.0,0.0,0.0,0.0,0.0,0.0,0.0,0.0,0.0,0.0,0.0,0.26835256814956665,-0.044025298207998276,0.005643509794026613,0.1096036434173584,-0.06416057795286179,0.01058963593095541,0.03523790463805199,0.03243732452392578,-0.016306526958942413,0.0752052590250969,-0.060433756560087204,0.032665036618709564
229,70.98,-0.7646169662475586,0.04148748889565468,0.0,0.048333338350057604,0.0,0.048333338350057604,0.0588582344353199,0.05600605905056,-0.03806488215923309,-0.04148748889565468,0.04590070620179176,0.04929039627313614,0.021813420578837395,0.025881048291921616,0.1296861320734024,0.12603557109832764,0.043356772512197495,0.03897608071565628,0.06492651253938675,0.07161916047334671,0.03105269931256771,0.039083875715732574,0.05219157040119171,0.04933939874172211,0.015268456190824509,0.011845849454402924,0.039234042167663574,0.04262373223900795,0.015146758407354355,0.019214386120438576,0.0,0.0,0.048333338350057604,0.048333338350057604,0.0,0.0,0.0,0.0,0.0,0.0,0.0,0.0,0.0,0.0,0.0,0.0,0.26742249727249146,-0.04336090758442879,0.006044088862836361,0.11030831933021545,-0.0646623745560646,0.011009592562913895,0.03667938709259033,0.033133525401353836,-0.015479499474167824,0.07591861486434937,-0.05670673027634621,0.03145289421081543
230,71.39999999999999,-0.7687729597091675,0.042041976004838943,0.0,0.048333338350057604,0.0,0.048333338350057604,0.0554593987762928,0.05283597484230995,-0.038893863558769226,-0.042041976004838943,0.04657107591629028,0.05019192770123482,0.020757514983415604,0.025102538987994194,0.12444311380386353,0.12105631828308105,0.04017685353755951,0.0361127071082592,0.06700324267148972,0.07387226819992065,0.030279245227575302,0.03852207958698273,0.04879273846745491,0.04616931080818176,0.014439471997320652,0.011291362345218658,0.039904411882162094,0.04352526739239693,0.01409085188060999,0.018435876816511154,0.0,0.0,0.04833333555608988,0.048333338350057604,0.0,0.0,0.0,0.0,0.0,0.0,0.0,0.0,0.0,0.0,0.0,0.0,0.2673174738883972,-0.041983265429735184,0.006126252934336662,0.11146992444992065,-0.06428603827953339,0.011441787704825401,0.039796531200408936,0.03380927816033363,-0.014347506687045097,0.07589200139045715,-0.05274847894906998,0.03010304644703865
231,71.82,-0.7729330658912659,0.04252147674560547,0.0,0.04833333741873503,0.0,0.04833333741873503,0.05226663127541542,0.04987199604511261,-0.039647914469242096,-0.04252147674560547,0.0473591610789299,0.05121205747127533,0.01974874548614025,0.024372221902012825,0.11946938931941986,0.11634217947721481,0.037157509475946426,0.03340485692024231,0.06922531127929688,0.07627791911363602,0.029631061479449272,0.03809419274330139,0.04559996724128723,0.04320533201098442,0.013685422949492931,0.010811860673129559,0.04069249704480171,0.04454539716243744,0.013082083314657211,0.017705559730529785,0.0,0.0,0.04833333741873503,0.04833333741873503,0.0,0.0,0.0,0.0,0.0,0.0,0.0,0.0,0.0,0.0,0.0,0.0,0.26718130707740784,-0.040706802159547806,0.006218194495886564,0.11266647279262543,-0.06390249729156494,0.011835604906082153,0.042753808200359344,0.03446109965443611,-0.013364924117922783,0.07598556578159332,-0.04901743680238724,0.028890416026115417
232,72.24,-0.7771172523498535,0.04256078973412514,0.0,0.048333336487412455,0.0,0.048333336487412455,0.04852918162941933,0.04636433348059654,-0.039962973445653915,-0.04256078973412514,0.04685940593481064,0.05082102119922638,0.0187789648771286,0.02353290654718876,0.1132749393582344,0.11041487008333206,0.03393055498600006,0.03049847111105919,0.06969422101974487,0.07681886851787567,0.028696849942207336,0.03724643588066101,0.04186251759529114,0.03969767317175865,0.013370363041758537,0.01077254582196474,0.04019274190068245,0.04415436089038849,0.012112301774322987,0.01686624437570572,0.0,0.0,0.048333336487412455,0.04833333555608988,0.0,0.0,0.0,0.0,0.0,0.0,0.0,0.0,0.0,0.0,0.0,0.0,0.26656365394592285,-0.03956448286771774,0.006490866653621197,0.11351485550403595,-0.06357970088720322,0.012185802683234215,0.044809676706790924,0.03504793345928192,-0.012555256485939026,0.0761013925075531,-0.04530954733490944,0.027749376371502876
233,72.66,-0.7813197374343872,0.042174600064754486,0.0,0.04833333741873503,0.0,0.04833333741873503,0.04446876794099808,0.042535100132226944,-0.039854202419519424,-0.042174600064754486,0.045369647443294525,0.0493491068482399,0.01781276986002922,0.02258812077343464,0.10612284392118454,0.10354705899953842,0.030584603548049927,0.027493664994835854,0.06874491274356842,0.07585370540618896,0.02749738283455372,0.0360279306769371,0.03780210390686989,0.03586843982338905,0.013479134999215603,0.011158737353980541,0.038702983409166336,0.04268244281411171,0.011146106757223606,0.0159214586019516,0.0,0.0,0.04833333741873503,0.04833333741873503,0.0,0.0,0.0,0.0,0.0,0.0,0.0,0.0,0.0,0.0,0.0,0.0,0.2652615010738373,-0.03834311291575432,0.006796005181968212,0.1139875054359436,-0.06317739188671112,0.012495983392000198,0.04630085080862045,0.03547839820384979,-0.011843230575323105,0.07589276134967804,-0.04174414277076721,0.026637090370059013
234,73.08,-0.7855402231216431,0.042110003530979156,0.0,0.04833333741873503,0.0,0.04833333741873503,0.04078708961606026,0.039063069969415665,-0.040041178464889526,-0.042110003530979156,0.04408900812268257,0.04812419041991234,0.016712557524442673,0.021554777398705482,0.09975012391805649,0.09744887053966522,0.027460189536213875,0.024698683992028236,0.06807005405426025,0.07519303262233734,0.02627387084066868,0.03482143580913544,0.03412042558193207,0.032396405935287476,0.013292157091200352,0.01122333388775587,0.03742234408855438,0.04145753011107445,0.010045894421637058,0.014888114295899868,0.0,0.0,0.04833333555608988,0.04833333741873503,0.0,0.0,0.0,0.0,0.0,0.0,0.0,0.0,0.0,0.0,0.0,0.0,0.26363736391067505,-0.03688698261976242,0.006914619356393814,0.114532470703125,-0.06264004111289978,0.012807952240109444,0.04819084703922272,0.03577343374490738,-0.01111989002674818,0.07534265518188477,-0.0384698323905468,0.02553549036383629
235,73.5,-0.7898379564285278,0.044102732092142105,0.0,0.048333338350057604,0.0,0.048333338350057604,0.03808906674385071,0.03647499158978462,-0.0421658456325531,-0.044102732092142105,0.043696388602256775,0.04794315993785858,0.015040624886751175,0.020136753097176552,0.09667288511991501,0.09454114735126495,0.02485770918428898,0.022299623116850853,0.06893027573823929,0.07621556520462036,0.024949707090854645,0.03369205445051193,0.03142240270972252,0.029808329418301582,0.011167492717504501,0.009230604395270348,0.037029724568128586,0.04127649962902069,0.008373962715268135,0.013470090925693512,0.0,0.0,0.048333338350057604,0.048333336487412455,0.0,0.0,0.0,0.0,0.0,0.0,0.0,0.0,0.0,0.0,0.0,0.0,0.2622542977333069,-0.03527546674013138,0.006735281087458134,0.11578243970870972,-0.06214495375752449,0.013189786113798618,0.05150289461016655,0.036124326288700104,-0.010310751385986805,0.07494588196277618,-0.035514988005161285,0.02445458434522152
236,73.92,-0.7941356301307678,0.04608294367790222,0.0,0.048333338350057604,0.0,0.048333338350057604,0.03540317714214325,0.03389865159988403,-0.04427751526236534,-0.04608294367790222,0.04335625842213631,0.04781525954604149,0.01342032290995121,0.018771126866340637,0.09353435039520264,0.09154942631721497,0.022272013127803802,0.01989010162651539,0.06975091248750687,0.07720957696437836,0.023696087300777435,0.03264648839831352,0.02873651497066021,0.027231991291046143,0.00905582308769226,0.00725039467215538,0.03668959438800812,0.0411485992372036,0.00675366073846817,0.012104464694857597,0.0,0.0,0.048333338350057604,0.048333338350057604,0.0,0.0,0.0,0.0,0.0,0.0,0.0,0.0,0.0,0.0,0.0,0.0,0.2608810067176819,-0.03404657170176506,0.006616632454097271,0.11666107177734375,-0.06178940832614899,0.01348518580198288,0.05421062558889389,0.03651130199432373,-0.009664437733590603,0.07469687610864639,-0.03276878595352173,0.023538757115602493
237,74.34,-0.7985069155693054,0.04643410071730614,0.0,0.048333338350057604,0.0,0.048333338350057604,0.03402018919587135,0.0325835756957531,-0.04471016675233841,-0.04643410071730614,0.04515029117465019,0.049831751734018326,0.01287844032049179,0.01849619671702385,0.09184829890727997,0.08995752036571503,0.021609406918287277,0.019340474158525467,0.07284396141767502,0.08048755675554276,0.023761503398418427,0.03293381631374359,0.027353527024388313,0.025916913524270058,0.008623171597719193,0.00689923670142889,0.038483627140522,0.043165091425180435,0.006211777683347464,0.011829533614218235,0.0,0.0,0.048333338350057604,0.04833333741873503,0.0,0.0,0.0,0.0,0.0,0.0,0.0,0.0,0.0,0.0,0.0,0.0,0.2592275142669678,-0.0331287682056427,0.0065532890148460865,0.11724939942359924,-0.06169681251049042,0.013711242005228996,0.05653771758079529,0.036910153925418854,-0.009143928065896034,0.07453758269548416,-0.03022286295890808,0.022748835384845734
238,74.75999999999999,-0.8028954267501831,0.03972196206450462,0.0,0.04166661843657494,0.0,0.04166661843657494,0.035291772335767746,0.03744172677397728,-0.03806762397289276,-0.03972196206450462,0.054171122610569,0.0590759813785553,0.019322095438838005,0.02520792745053768,0.09745887666940689,0.0956370010972023,0.0282116811722517,0.026025427505373955,0.08331729471683502,0.09115108102560043,0.030964184552431107,0.04036473110318184,0.026289837434887886,0.024911224842071533,0.0085989935323596,0.0069446563720703125,0.040837738662958145,0.04574259743094444,0.005988713353872299,0.011874544434249401,0.0,0.0,0.041666617505252364,0.04166661843657494,0.0,0.0,0.0,0.0,0.0,0.0,0.0,0.0,0.0,0.0,0.0,0.0,0.2582729458808899,-0.032612137496471405,0.006585640832781792,0.11810538917779922,-0.06183222681283951,0.013950523920357227,0.058824844658374786,0.037354614585638046,-0.008683227933943272,0.07482822984457016,-0.02798275649547577,0.022052334621548653
239,75.17999999999999,-0.807345449924469,0.03957575559616089,0.0,0.041666617505252364,0.0,0.041666617505252364,0.029831839725375175,0.03193220496177673,-0.03788887336850166,-0.03957575559616089,0.05657010152935982,0.06169513612985611,0.019081303849816322,0.025231344625353813,0.09738116711378098,0.09515136480331421,0.02968139387667179,0.027005629613995552,0.08537963032722473,0.09342937916517258,0.03196973353624344,0.04162943363189697,0.025570664554834366,0.024164928123354912,0.008777744136750698,0.007090861443430185,0.04323671758174896,0.048361752182245255,0.005747921299189329,0.011897962540388107,0.0,0.0,0.041666617505252364,0.041666617039591076,0.0,0.0,0.0,0.0,0.0,0.0,0.0,0.0,0.0,0.0,0.0,0.0,0.257256418466568,-0.038483306765556335,0.007918106392025948,0.1230202168226242,-0.07034438848495483,0.012471523135900497,0.05572367459535599,0.03593013435602188,-0.010307352989912033,0.07687174528837204,-0.0364341139793396,0.023506367579102516
240,75.6,-0.8118773102760315,0.039299458265304565,0.0,0.04166667664423585,0.0,0.04166667664423585,0.02257600612938404,0.02464926242828369,-0.037444278597831726,-0.039299458265304565,0.059003133326768875,0.06434441357851028,0.018787454813718796,0.025196989998221397,0.09736255556344986,0.094728022813797,0.030680714175105095,0.02751927636563778,0.08816684782505035,0.09642859548330307,0.03292068466544151,0.042834777384996414,0.02530694380402565,0.02376096136868,0.009222396649420261,0.007367218378931284,0.045669808983802795,0.051011089235544205,0.005454130936414003,0.011863666586577892,0.0,0.0,0.04166667524725199,0.04166667664423585,0.0,0.0,0.0,0.0,0.0,0.0,0.0,0.0,0.0,0.0,0.0,0.0,0.25739189982414246,-0.04292161762714386,0.008785547688603401,0.12693355977535248,-0.07670053839683533,0.011621389538049698,0.055587008595466614,0.0349031426012516,-0.011258265003561974,0.07823678106069565,-0.042737364768981934,0.024574333801865578
241,76.02,-0.8164145350456238,0.0390598438680172,0.0,0.041666618902236226,0.0,0.041666618902236226,0.015742983669042587,0.017787165939807892,-0.037045806646347046,-0.0390598438680172,0.06152698025107384,0.06707938015460968,0.018554171547293663,0.025217043235898018,0.09743630886077881,0.0944783166050911,0.03153315931558609,0.027983561158180237,0.09142760187387466,0.0998944342136383,0.033872090280056,0.04403229430317879,0.025087079033255577,0.023408716544508934,0.00962080992758274,0.0076067750342190266,0.04819360002875328,0.05374599248170853,0.005220788065344095,0.011883661150932312,0.00434409536421299,0.0006215506047010421,0.04166661657392979,0.041666618902236226,0.0,0.0,0.0,0.0,0.0,0.0,0.0,0.0,0.0,0.0,0.0,0.0,0.25783753395080566,-0.046279728412628174,0.009457264095544815,0.130192369222641,-0.0817059874534607,0.01119174249470234,0.05650804936885834,0.034261297434568405,-0.011849351227283478,0.07943926751613617,-0.04713013023138046,0.02530195377767086
242,76.44,-0.8210603594779968,0.039889246225357056,0.0,0.04166667710989714,0.0,0.04166667710989714,0.017284683883190155,0.019284268841147423,-0.03789915889501572,-0.039889246225357056,0.06454998254776001,0.07024972885847092,0.01807333342730999,0.02491302415728569,0.10027303546667099,0.09718767553567886,0.03364545851945877,0.029943028464913368,0.0961364209651947,0.1047447919845581,0.034830011427402496,0.04516005888581276,0.025418255478143692,0.02375984750688076,0.00876751821488142,0.006777429487556219,0.05121666193008423,0.05691640451550484,0.004740010481327772,0.01157970167696476,0.003133571594953537,0.0,0.04166667710989714,0.04166667571291328,0.0,0.0,0.0,0.0,0.0,0.0,0.0,0.0,0.0,0.0,0.0,0.0,0.256824791431427,-0.04891974851489067,0.009836725890636444,0.13359224796295166,-0.08642281591892242,0.01125399675220251,0.059727299958467484,0.034082554280757904,-0.012158267199993134,0.08186996728181839,-0.050522059202194214,0.025798093527555466
243,76.86,-0.8257062435150146,0.04065580666065216,0.0,0.04166661657392979,0.0,0.04166661657392979,0.018824053928256035,0.020779471844434738,-0.03868855535984039,-0.04065580666065216,0.06765071302652359,0.073491670191288,0.017687799409031868,0.024696946144104004,0.10332924872636795,0.1001313179731369,0.035762276500463486,0.031924761831760406,0.10082807391881943,0.10957849025726318,0.03575308993458748,0.046253591775894165,0.025812171399593353,0.024172795936465263,0.007978060282766819,0.006010809913277626,0.054317329078912735,0.06015828624367714,0.004354416858404875,0.011363563127815723,0.0019881174713373183,0.0,0.041666615642607215,0.04166661657392979,0.0,0.0,0.0,0.0,0.0,0.0,0.0,0.0,0.0,0.0,0.0,0.0,0.25696954131126404,-0.05132771283388138,0.010228465311229229,0.13625355064868927,-0.09016967564821243,0.011355634778738022,0.062427107244729996,0.0342068076133728,-0.012406020425260067,0.08407997339963913,-0.05285312980413437,0.026203831657767296
244,77.28,-0.8303709030151367,0.04088672623038292,0.0,0.041666678041219714,0.0,0.041666678041219714,0.019249653443694115,0.02116425894200802,-0.038855649530887604,-0.04088672623038292,0.07131453603506088,0.07723996043205261,0.01762240380048752,0.024732908234000206,0.10671130567789078,0.10334648191928864,0.038169000297784805,0.03413120657205582,0.10616375505924225,0.11500348895788193,0.03702004998922348,0.04762773588299751,0.026641981676220894,0.024949416518211365,0.0078110285103321075,0.00577995041385293,0.0579812154173851,0.06390663236379623,0.0042890808545053005,0.011399585753679276,0.002392328232526779,0.0,0.041666678041219714,0.04166667664423585,0.0,0.0,0.0,0.0,0.0,0.0,0.0,0.0,0.0,0.0,0.0,0.0,0.2580684423446655,-0.053555168211460114,0.010499083437025547,0.1385073959827423,-0.09309868514537811,0.011492021381855011,0.06522704660892487,0.03449215367436409,-0.012556597590446472,0.08620283007621765,-0.05467692017555237,0.026585303246974945
245,77.7,-0.8350450396537781,0.040838573127985,0.0,0.04166667664423585,0.0,0.04166667664423585,0.01911506988108158,0.020991256460547447,-0.03870023414492607,-0.040838573127985,0.0753072127699852,0.08128561079502106,0.017782270908355713,0.0249563530087471,0.11034087091684341,0.10678508877754211,0.04075305908918381,0.036486122757196426,0.11183217912912369,0.12073160707950592,0.038500502705574036,0.049179814755916595,0.027700627222657204,0.02591867744922638,0.007966442033648491,0.005828103516250849,0.06197388842701912,0.06795229017734528,0.004448947962373495,0.011623029597103596,0.0035855573415756225,0.0,0.041666676178574565,0.04166667664423585,0.0,0.0,0.0,0.0,0.0,0.0,0.0,0.0,0.0,0.0,0.0,0.0,0.2598646581172943,-0.05563284456729889,0.010762903839349747,0.1405259519815445,-0.0954606682062149,0.01165090687572956,0.06780017167329788,0.034915462136268616,-0.01266481913626194,0.08836708217859268,-0.05605849623680115,0.026932310312986374
246,78.11999999999999,-0.8397021293640137,0.04045861214399338,0.0,0.04166661843657494,0.0,0.04166661843657494,0.018689746037125587,0.020519550889730453,-0.038183391094207764,-0.04045861214399338,0.07988596707582474,0.08589491248130798,0.018106888979673386,0.02531762234866619,0.11429117619991302,0.11052534729242325,0.04367062821984291,0.039151631295681,0.1181756854057312,0.12710891664028168,0.04023125767707825,0.05095113813877106,0.028985362499952316,0.027089344337582588,0.008483227342367172,0.006208005361258984,0.06655258685350418,0.07256153225898743,0.0047735064290463924,0.011984240263700485,0.005295616462826729,0.0015697934478521346,0.04166661843657494,0.041666617505252364,0.0,0.0,0.0,0.0,0.0,0.0,0.0,0.0,0.0,0.0,0.0,0.0,0.2621646225452423,-0.05759970843791962,0.011057335883378983,0.14241233468055725,-0.09744369983673096,0.011822905391454697,0.07029218226671219,0.035444971174001694,-0.01275944709777832,0.09061475098133087,-0.05713815242052078,0.027263294905424118
247,78.53999999999999,-0.8443166017532349,0.032636355608701706,0.0,0.03499995766207576,0.0,0.03499995766207576,0.017545931041240692,0.019307389855384827,-0.030151255428791046,-0.032636355608701706,0.0925171747803688,0.09850624203681946,0.0254093986004591,0.03259628266096115,0.12548649311065674,0.12145109474658966,0.05402303859591484,0.04918057098984718,0.13289231061935425,0.14179641008377075,0.04924303665757179,0.05992794781923294,0.0307818241417408,0.02871090918779373,0.009848701767623425,0.007363602053374052,0.07251713424921036,0.07850620150566101,0.005409355740994215,0.012596238404512405,0.008235893100500106,0.004403519332408905,0.03499995719641447,0.03499995766207576,0.0,0.0,0.0,0.0,0.0,0.0,0.0,0.0,0.0,0.0,0.0,0.0,0.2649778127670288,-0.059508100152015686,0.011350140906870365,0.14433883130550385,-0.09915640950202942,0.012015154585242271,0.0732254758477211,0.03603910282254219,-0.012816580943763256,0.09298524260520935,-0.05808943510055542,0.02759835124015808
248,78.96,-0.8489310145378113,0.031436122953891754,0.0,0.03499995719641447,0.0,0.03499995719641447,0.016397127881646156,0.018090473487973213,-0.02874096855521202,-0.031436122953891754,0.0986442118883133,0.10459938645362854,0.02628304623067379,0.03342925012111664,0.130443274974823,0.12607207894325256,0.058057788759469986,0.052812360227108,0.14087992906570435,0.14975668489933014,0.051748599857091904,0.06240071356296539,0.03262197971343994,0.030376015231013298,0.01125898864120245,0.008563833311200142,0.07864417135715485,0.0845993384718895,0.0062830038368701935,0.013429207727313042,0.011224851831793784,0.007285541743040085,0.03499995719641447,0.0349999562650919,0.0,0.0,0.0,0.0,0.0,0.0,0.0,0.0,0.0,0.0,0.0,0.0,0.26922211050987244,-0.06270768493413925,0.012023323215544224,0.14554572105407715,-0.10104116052389145,0.012128982692956924,0.07436367869377136,0.03700663149356842,-0.012983446009457111,0.09648378193378448,-0.059094808995723724,0.02802247367799282
249,79.38,-0.8534197807312012,0.031324923038482666,0.0,0.0349999562650919,0.0,0.0349999562650919,0.015426176600158215,0.01729751005768776,-0.02844693325459957,-0.031324923038482666,0.10403815656900406,0.10994240641593933,0.02703762985765934,0.034122731536626816,0.13315941393375397,0.1285632699728012,0.060605488717556,0.05509010702371597,0.14844517409801483,0.15727153420448303,0.05430103838443756,0.06489266455173492,0.03283136710524559,0.030433041974902153,0.011553023010492325,0.00867503322660923,0.08403811603784561,0.08994236588478088,0.007037586998194456,0.014122688211500645,0.012405190505087375,0.008135531917214393,0.0349999562650919,0.0349999562650919,0.0,0.0,0.0,0.0,0.0,0.0,0.0,0.0,0.0,0.0,0.0,0.0,0.2713939845561981,-0.06561440974473953,0.012566206976771355,0.14725148677825928,-0.10356490314006805,0.012433649972081184,0.07600843161344528,0.037961769849061966,-0.013284624554216862,0.10097311437129974,-0.060628604143857956,0.02851289138197899
250,79.8,-0.8578953146934509,0.03129709139466286,0.0,0.03499995812773705,0.0,0.03499995812773705,0.014471301808953285,0.01654958911240101,-0.028243081644177437,-0.03129709139466286,0.10947278141975403,0.11531508713960648,0.027961401268839836,0.0349721685051918,0.13478973507881165,0.12989754974842072,0.06290227919816971,0.057031676173210144,0.154712975025177,0.16349655389785767,0.05638556927442551,0.06692586094141006,0.032900869846343994,0.03035586141049862,0.011756875552237034,0.008702866733074188,0.08947273343801498,0.09531503915786743,0.007961357943713665,0.014972125180065632,0.013429568037390708,0.00880627229809761,0.03499995719641447,0.03499995812773705,0.0,0.0,0.0,0.0,0.0,0.0,0.0,0.0,0.0,0.0,0.0,0.0,0.2700764536857605,-0.06916691362857819,0.013998027890920639,0.14891676604747772,-0.10784585773944855,0.01180943101644516,0.07247442752122879,0.038698118180036545,-0.014144806191325188,0.10676874220371246,-0.06314432621002197,0.029510222375392914
251,80.22,-0.8623690009117126,0.031137218698859215,0.0,0.03499995812773705,0.0,0.03499995812773705,0.016755348071455956,0.018932756036520004,-0.027925584465265274,-0.031137218698859215,0.11484478414058685,0.12066429108381271,0.029099270701408386,0.0360826812684536,0.13905446231365204,0.13391147553920746,0.06641906499862671,0.06024748459458351,0.16104306280612946,0.16979508101940155,0.05866263061761856,0.06916505098342896,0.03424222394824028,0.03156586363911629,0.012074371799826622,0.00886273942887783,0.09484473615884781,0.10066425055265427,0.009099227376282215,0.01608263887465,0.012486875876784324,0.007633107602596283,0.0349999562650919,0.03499995812773705,0.0,0.0,0.0,0.0,0.0,0.0,0.0,0.0,0.0,0.0,0.0,0.0,0.2700846791267395,-0.07186649739742279,0.015077637508511543,0.15037551522254944,-0.1107231080532074,0.011475924402475357,0.07079170644283295,0.039310768246650696,-0.014539513736963272,0.11093718558549881,-0.06474677473306656,0.030090132728219032
252,80.64,-0.8668411374092102,0.030759496614336967,0.0,0.03499995719641447,0.0,0.03499995719641447,0.022018209099769592,0.024134574458003044,-0.02740386128425598,-0.030759496614336967,0.12015905231237411,0.12598781287670135,0.030429990962147713,0.037424515932798386,0.14575393497943878,0.14037972688674927,0.07118267565965652,0.06473363190889359,0.16739217936992645,0.1761321872472763,0.06112931668758392,0.07161732763051987,0.036834802478551865,0.03403843566775322,0.01259609591215849,0.009240459650754929,0.10015900433063507,0.1059877797961235,0.010429947637021542,0.01742447353899479,0.009816593378782271,0.004903861209750175,0.03499995719641447,0.0349999562650919,0.0,0.0,0.0,0.0,0.0,0.0,0.0,0.0,0.0,0.0,0.0,0.0,0.2710939645767212,-0.07408657670021057,0.015878552570939064,0.1516229808330536,-0.11262364685535431,0.011302774772047997,0.07021549344062805,0.039899349212646484,-0.014728181064128876,0.11425036936998367,-0.06592206656932831,0.030497398227453232
253,81.06,-0.8713111877441406,0.030347932130098343,0.0,0.03499995812773705,0.0,0.03499995812773705,0.027220789343118668,0.029145903885364532,-0.026827583089470863,-0.030347932130098343,0.12557442486286163,0.13138683140277863,0.03198770061135292,0.038659390062093735,0.15240681171417236,0.14680521190166473,0.0759199932217598,0.06919807195663452,0.17401832342147827,0.18271765112876892,0.06396762281656265,0.07440680265426636,0.03937723860144615,0.03644361346960068,0.013172374106943607,0.009652025997638702,0.10557437688112259,0.11138679087162018,0.011987658217549324,0.0189625583589077,0.007156449258327484,0.002297709584236145,0.03499995719641447,0.03499995812773705,0.0,0.0,0.0,0.0,0.0,0.0,0.0,0.0,0.0,0.0,0.0,0.0,0.2724268436431885,-0.07615448534488678,0.01644454151391983,0.1527911275625229,-0.11421249806880951,0.0112519646063447,0.07029621303081512,0.04048161581158638,-0.014970947988331318,0.1174507886171341,-0.06730803847312927,0.030954670161008835
254,81.48,-0.8757687211036682,0.03055064007639885,0.0,0.03499995812773705,0.0,0.03499995812773705,0.03117874264717102,0.03307299688458443,-0.026744220405817032,-0.03055064007639885,0.13105005025863647,0.13676993548870087,0.034017596393823624,0.03636564314365387,0.1574929803609848,0.1516021341085434,0.07967168092727661,0.07260265946388245,0.18110531568527222,0.18968725204467773,0.06756320595741272,0.07786154001951218,0.0408206507563591,0.03764863684773445,0.013255737721920013,0.009449317120015621,0.11105000227689743,0.11676988750696182,0.014017553068697453,0.020881420001387596,0.00464190810918808,0.0,0.03499995812773705,0.03499995719641447,0.0,0.0,0.0,0.0,0.0,0.0,0.0,0.0,0.0,0.0,0.0,0.0,0.27337175607681274,-0.07812859117984772,0.016754360869526863,0.15418903529644012,-0.1159188523888588,0.011392658576369286,0.07121746242046356,0.04103930667042732,-0.015310155227780342,0.12104400992393494,-0.06919223815202713,0.03150062635540962
255,81.89999999999999,-0.8802262544631958,0.023966340348124504,0.0,0.028333297818899154,0.0,0.028333297818899154,0.03690256550908089,0.03816862776875496,-0.019875813275575638,-0.023966340348124504,0.1433270126581192,0.1489458829164505,0.037162039428949356,0.03404765948653221,0.16941598057746887,0.16325369477272034,0.0901864692568779,0.08279171586036682,0.19485965371131897,0.2033076137304306,0.0779259204864502,0.08806347846984863,0.04238217696547508,0.038973405957221985,0.013457484543323517,0.00936695747077465,0.11666031181812286,0.12227917462587357,0.016244612634181976,0.02298724837601185,0.00047961145639419545,0.0,0.028333297818899154,0.028333297818899154,0.0,0.0,0.0,0.0,0.0,0.0,0.0,0.0,0.0,0.0,0.0,0.0,0.2746790647506714,-0.07986568659543991,0.01705167442560196,0.15530672669410706,-0.11719649285078049,0.01153460331261158,0.07202266901731491,0.041609495878219604,-0.015576431527733803,0.12419813126325607,-0.07062777131795883,0.03194045647978783
256,82.32,-0.8847013115882874,0.02394246868789196,0.0,0.028333297818899154,0.0,0.028333297818899154,0.04101400077342987,0.042221080511808395,-0.019557004794478416,-0.02394246868789196,0.1462377905845642,0.1516544073820114,0.030327629297971725,0.026966799050569534,0.17438916862010956,0.16790437698364258,0.0940113440155983,0.0862295925617218,0.1981109231710434,0.20637080073356628,0.07948176562786102,0.08939361572265625,0.04394511133432388,0.040290556848049164,0.013776293024420738,0.009390827268362045,0.11957108974456787,0.12498770654201508,0.01741805300116539,0.023917993530631065,0.0,0.0,0.028333297818899154,0.028333295956254004,0.0,0.0,0.0,0.0,0.0,0.0,0.0,0.0,0.0,0.0,0.0,0.0,0.2761470675468445,-0.08219444751739502,0.017613712698221207,0.15482884645462036,-0.11801960319280624,0.011589105241000652,0.07094235718250275,0.04230695962905884,-0.015878096222877502,0.1274104118347168,-0.07180407643318176,0.03231556713581085
257,82.74,-0.8891817331314087,0.023796917870640755,0.0,0.028333297818899154,0.0,0.028333297818899154,0.04516122490167618,0.046292781829833984,-0.01911238022148609,-0.023796917870640755,0.14837509393692017,0.15355922281742096,0.021953249350190163,0.01841040514409542,0.1792372167110443,0.17244885861873627,0.09778749942779541,0.08964145183563232,0.20026980340480804,0.20831790566444397,0.08047541230916977,0.09013313055038452,0.04559645429253578,0.04169267416000366,0.014220917597413063,0.009536379016935825,0.12170838564634323,0.12689252197742462,0.018330644816160202,0.02455160580575466,0.0,0.0,0.028333297818899154,0.02833329688757658,0.0,0.0,0.0,0.0011412006616592406,0.0,0.0,0.0,0.0,0.0,0.0,0.0,0.0,0.2771603465080261,-0.084030881524086,0.017994849011301994,0.15430711209774017,-0.1185779869556427,0.011632878333330154,0.07006918638944626,0.04283711686730385,-0.0161840058863163,0.1299399584531784,-0.07304765284061432,0.0326988585293293
258,83.16,-0.8936909437179565,0.02314865216612816,0.0,0.02833329688757658,0.0,0.02833329688757658,0.04762910678982735,0.048619676381349564,-0.018227992579340935,-0.02314865216612816,0.15130098164081573,0.15622678399085999,0.014023866504430771,0.010288082994520664,0.18383629620075226,0.17680788040161133,0.10135046392679214,0.09291636198759079,0.20307543873786926,0.21088404953479767,0.08225567638874054,0.09162601083517075,0.04755210503935814,0.04345155507326126,0.01510530337691307,0.010184644721448421,0.1246342808008194,0.12956008315086365,0.020083559677004814,0.02599453181028366,0.0,0.0,0.028333295956254004,0.02833329688757658,0.0,0.0,0.0010596931725740432,0.010706448815762996,0.0,0.0,0.0,0.0,0.0,0.0,0.0,0.0,0.2784140706062317,-0.08550456166267395,0.018185656517744064,0.15379956364631653,-0.11876389384269714,0.011614099144935608,0.0692906379699707,0.04317794740200043,-0.016468778252601624,0.13162750005722046,-0.07433872669935226,0.033098410815000534
259,83.58,-0.8982471823692322,0.02183496206998825,0.0,0.028333297818899154,0.0,0.028333297818899154,0.04741496965289116,0.04815030097961426,-0.016780773177742958,-0.02183496206998825,0.1554269939661026,0.1600562185049057,0.006794953718781471,0.00286660622805357,0.18802005052566528,0.1808389276266098,0.10453373193740845,0.09591639786958694,0.20703698694705963,0.21456657350063324,0.08532044291496277,0.08658739924430847,0.049851734191179276,0.04563990980386734,0.016552522778511047,0.011498335748910904,0.12876029312610626,0.13338951766490936,0.02311253733932972,0.02866760827600956,0.0,0.0,0.028333295956254004,0.028333297818899154,0.0,0.0,0.011317583620548247,0.02080100204795599,0.0,0.0,0.0,0.0,0.0,0.0,0.0,0.0,0.28026437759399414,-0.0866776630282402,0.018249450251460075,0.15344364941120148,-0.11855550110340118,0.011543658562004566,0.06851152330636978,0.04336364194750786,-0.016694389283657074,0.13267888128757477,-0.07553887367248535,0.03347263112664223
260,84.0,-0.9028034210205078,0.02049900032579899,0.0,0.02833329688757658,0.0,0.02833329688757658,0.04733454808592796,0.04779956862330437,-0.01531128492206335,-0.02049900032579899,0.1596398502588272,0.1639777421951294,-0.0004238634428475052,-0.0018573437118902802,0.19204837083816528,0.18473310768604279,0.10761360079050064,0.09883527457714081,0.21146570146083832,0.2187146246433258,0.08372116833925247,0.08149463683366776,0.052172645926475525,0.04784955084323883,0.01802201196551323,0.012834296561777592,0.13297314941883087,0.13731104135513306,0.026240119710564613,0.031445592641830444,0.0,0.0,0.02833329688757658,0.02833329688757658,0.0,0.0,0.021663983153412118,0.028302936353720724,0.0,0.0,0.0,0.0,0.0,0.0,0.0,0.0,0.28141793608665466,-0.08748576790094376,0.01815202832221985,0.15350311994552612,-0.11836684495210648,0.011541178449988365,0.06883473694324493,0.043618641793727875,-0.016900278627872467,0.1338014304637909,-0.07651284337043762,0.03381054103374481
261,84.42,-0.9073551297187805,0.020548291504383087,0.0,0.028333297818899154,0.0,0.028333297818899154,0.0493113249540329,0.049818627536296844,-0.01534372940659523,-0.020548291504383087,0.16026067733764648,0.16015394032001495,-0.005397188477218151,-0.000678369658999145,0.19409054517745972,0.18684925138950348,0.10871968418359756,0.10003013163805008,0.21388112008571625,0.22080761194229126,0.07650135457515717,0.07479334622621536,0.05315089970827103,0.04881376400589943,0.017989568412303925,0.012785006314516068,0.13400207459926605,0.13793441653251648,0.02793610841035843,0.03265492618083954,0.0,0.0,0.028333297818899154,0.028333297818899154,0.0,0.0,0.02833329688757658,0.028333295839838683,0.0,0.0,0.0,0.0,0.0,0.0,0.0,0.0,0.27901574969291687,-0.08599495142698288,0.018473783507943153,0.15336798131465912,-0.11571785807609558,0.011431863531470299,0.06834905594587326,0.04628978669643402,-0.016778135672211647,0.1389162540435791,-0.07148469984531403,0.03360278159379959
262,84.84,-0.9119068384170532,0.020517772063612938,0.0,0.028333298575598746,0.0,0.028333298575598746,0.05132168531417847,0.05186758562922478,-0.015297786332666874,-0.020517772063612938,0.15357647836208344,0.15337799489498138,-0.0036130419466644526,0.0006271779420785606,0.1963772028684616,0.1892024278640747,0.11010172218084335,0.1014920026063919,0.21599943935871124,0.22259323298931122,0.06955001503229141,0.06843920052051544,0.05420684069395065,0.04985685274004936,0.018035510554909706,0.012815524823963642,0.13511094450950623,0.13864447176456451,0.029720254242420197,0.03396047651767731,0.0,0.0,0.02833329688757658,0.02833329688757658,0.0,0.0,0.028333296189084648,0.028333298575598746,0.0,0.0,0.0,0.0,0.0,0.0,0.0,0.0,0.2770368754863739,-0.08473842591047287,0.018647003918886185,0.1535012125968933,-0.11393410712480545,0.011320375837385654,0.06879469752311707,0.04827185347676277,-0.016700783744454384,0.14219880104064941,-0.06759816408157349,0.03341515734791756
263,85.25999999999999,-0.9164994359016418,0.020173905417323112,0.0,0.028333297818899154,0.0,0.028333297818899154,0.05654947832226753,0.05705847218632698,-0.01490640640258789,-0.020173905417323112,0.14467887580394745,0.14450719952583313,-0.0029666919726878405,0.0009447076008655131,0.20133565366268158,0.19418218731880188,0.11306945979595184,0.10448529571294785,0.2158130407333374,0.22218754887580872,0.06025317683815956,0.05999552085995674,0.056798942387104034,0.05240935832262039,0.018426891416311264,0.013159391470253468,0.13454528152942657,0.1378047913312912,0.030366605147719383,0.03427800536155701,0.0,0.0,0.028333297818899154,0.02833329688757658,0.0,0.0,0.028333297120407223,0.028333297760691493,0.0,0.0,0.0,0.0,0.0,0.0,0.0,0.0,0.2758101522922516,-0.08356714248657227,0.01876705139875412,0.15347802639007568,-0.11221437156200409,0.011129315942525864,0.06978611648082733,0.04981371760368347,-0.01652511954307556,0.14390967786312103,-0.0640435516834259,0.033157676458358765
264,85.67999999999999,-0.9211170077323914,0.01283736526966095,0.0,0.021666637510061263,0.0,0.021666637510061263,0.06711728870868683,0.067110575735569,-0.007501047570258379,-0.01283736526966095,0.1397540122270584,0.1398465782403946,0.0037309618201106787,0.007405698299407959,0.2145605981349945,0.2073940932750702,0.12373385578393936,0.11513404548168182,0.22087544202804565,0.22545921802520752,0.054538823664188385,0.05626463145017624,0.06046183034777641,0.05601489916443825,0.019165588542819023,0.01382927130907774,0.13302558660507202,0.13608786463737488,0.030397597700357437,0.03407233580946922,0.0,0.0,0.0216666361130774,0.02166663657873869,0.0,0.0,0.021666635880246757,0.021666637510061263,0.0,0.0,0.0,0.0,0.0,0.0,0.0,0.0,0.274715393781662,-0.08253781497478485,0.01870688423514366,0.1533450484275818,-0.11069609224796295,0.01088343933224678,0.07119771093130112,0.0509929284453392,-0.01644609309732914,0.1445186734199524,-0.06120617687702179,0.0330001637339592
265,86.1,-0.9257550835609436,0.012296322733163834,0.0,0.02166663797572255,0.0,0.02166663797572255,0.07241099327802658,0.0723351389169693,-0.006883115973323584,-0.012296322733163834,0.12945304811000824,0.12971636652946472,0.003345375880599022,0.006787616293877363,0.2193155586719513,0.21207787096500397,0.12684029340744019,0.11815507709980011,0.2132406383752823,0.21435821056365967,0.04406575486063957,0.047654274851083755,0.06327226758003235,0.05876125767827034,0.019783521071076393,0.014370313845574856,0.13031956553459167,0.13318809866905212,0.030012011528015137,0.033454254269599915,0.0,0.0,0.021666637044399976,0.02166663657873869,0.0,0.0,0.021666635647416114,0.02166663797572255,0.0,0.0,0.0,0.0,0.0,0.0,0.0,0.0,0.2734576463699341,-0.0824037566781044,0.01866164244711399,0.15198126435279846,-0.10964672267436981,0.010521366260945797,0.07102038711309433,0.05182775855064392,-0.01672181487083435,0.14441196620464325,-0.05957208573818207,0.0331118106842041
266,86.52,-0.9304587244987488,0.012721548788249493,0.0,0.02166663657873869,0.0,0.02166663657873869,0.0714690089225769,0.07126367837190628,-0.007206209935247898,-0.012721548788249493,0.11576978862285614,0.11629468202590942,0.001400138484314084,0.004597979597747326,0.21827684342861176,0.21093159914016724,0.1263246387243271,0.11764184385538101,0.19676394760608673,0.19824275374412537,0.032514724880456924,0.039070677012205124,0.06283507496118546,0.058238960802555084,0.01946042664349079,0.013945087790489197,0.12355712056159973,0.12622198462486267,0.02806677483022213,0.031264614313840866,0.0,0.0,0.02166663657873869,0.02166663657873869,0.002787331938743591,0.004927302598953247,0.021666636345908045,0.02166663471609354,0.0,0.0,0.0,0.0,0.0,0.0,0.0,0.0,0.27085721492767334,-0.08208774775266647,0.018447330221533775,0.14994460344314575,-0.1087428629398346,0.010070491582155228,0.06843607127666473,0.05208108574151993,-0.01740703359246254,0.14316043257713318,-0.05901334434747696,0.03350551053881645
267,86.94,-0.9351624250411987,0.013104801997542381,0.0,0.02166663657873869,0.0,0.02166663657873869,0.0705486536026001,0.07020965963602066,-0.007483402267098427,-0.013104801997542381,0.10278116166591644,0.10357042402029037,-0.00022796043776907027,0.002705753780901432,0.2166685312986374,0.20922152698040009,0.12260718643665314,0.11679648607969284,0.18081247806549072,0.18262819945812225,0.02769969031214714,0.03487347438931465,0.062442757189273834,0.057758260518312454,0.019183233380317688,0.013561834581196308,0.11699705570936203,0.11944182217121124,0.026438675820827484,0.02937239035964012,0.0,0.0,0.021666635647416114,0.02166663657873869,0.009215894043445586,0.010871398150920867,0.021666636258596553,0.02166663657873869,0.0,0.0,0.0,0.0,0.0,0.0,0.0,0.0,0.26679250597953796,-0.08147311210632324,0.01774255745112896,0.14808036386966705,-0.10806098580360413,0.009680945426225662,0.06702817976474762,0.05191050469875336,-0.018224723637104034,0.14154618978500366,-0.05984216183423996,0.03413618355989456
268,87.36,-0.9399619698524475,0.013195645064115524,0.0,0.021666637044399976,0.0,0.021666637044399976,0.07344486564397812,0.07307376712560654,-0.007440461777150631,-0.013195645064115524,0.09072858840227127,0.09175954759120941,-0.0015893294475972652,0.001014496898278594,0.21792760491371155,0.21040059626102448,0.12236285209655762,0.1175062358379364,0.165021151304245,0.16714337468147278,0.024083243682980537,0.031073782593011856,0.06389306485652924,0.059097081422805786,0.01922617480158806,0.013470991514623165,0.11080130189657211,0.11297115683555603,0.02507730759680271,0.027681132778525352,0.0,0.0,0.02166663657873869,0.02166663657873869,0.015072713494300841,0.016211609244346618,0.021666637044399976,0.021666635880246757,0.0,0.0,0.0,0.0,0.0,0.0,0.0,0.0,0.26250892877578735,-0.08061176538467407,0.01674104854464531,0.1463073045015335,-0.10721781849861145,0.009331170469522476,0.06626711040735245,0.051518864929676056,-0.018972590565681458,0.14000633358955383,-0.06153009086847305,0.034872230142354965
269,87.78,-0.9447774291038513,0.013141530565917492,0.0,0.02166663727723062,0.0,0.02166663727723062,0.0770065113902092,0.07661650329828262,-0.007248385343700647,-0.013141530565917492,0.08039285242557526,0.08166331052780151,-0.0026390207931399345,-0.0003893801476806402,0.2195243537425995,0.21191643178462982,0.12248727679252625,0.11840064823627472,0.14914827048778534,0.1515878289937973,0.02081703580915928,0.02759428694844246,0.06574184447526932,0.060830891132354736,0.019418250769376755,0.013525106012821198,0.10485721379518509,0.10673191398382187,0.024027615785598755,0.02627725712954998,0.0,0.0,0.0216666361130774,0.02166663657873869,0.019464361369609832,0.020068603456020354,0.02166663657873869,0.02166663727723062,0.0,0.0,0.0,0.0,0.0,0.0,0.0,0.0,0.25795450806617737,-0.07975181192159653,0.01555241085588932,0.1442839354276657,-0.1063121035695076,0.008970487862825394,0.06505502760410309,0.050823524594306946,-0.01981261372566223,0.13829483091831207,-0.0641368180513382,0.035775888711214066
270,88.2,-0.9496500492095947,0.013361017219722271,0.0,0.021666637044399976,0.00016237132251262654,0.02150426572188735,0.08031992614269257,0.07989224791526794,-0.007397350389510393,-0.013361017219722271,0.07293309271335602,0.07445696741342545,-0.003616852220147848,-0.001657560933381319,0.22095195949077606,0.21330252289772034,0.12232745438814163,0.11884453147649765,0.13426312804222107,0.13711954653263092,0.017887413501739502,0.02451244555413723,0.0676206722855568,0.06265094876289368,0.01926928572356701,0.013305619359016418,0.0994599238038063,0.10109266638755798,0.02304978482425213,0.025009075179696083,0.0,0.0,0.0216666361130774,0.02166663657873869,0.021526831090450286,0.021635698974132537,0.021666637044399976,0.0216666361130774,0.0,0.0,0.0,0.0,0.0,0.0,0.00016237132251262654,0.0,0.25354820489883423,-0.07885309308767319,0.014215131290256977,0.14204376935958862,-0.10520510375499725,0.008535764180123806,0.06305497884750366,0.049885354936122894,-0.020725689828395844,0.13622981309890747,-0.06730224192142487,0.03679955005645752
271,88.61999999999999,-0.9545853734016418,0.01389941293746233,0.0,0.02166664123535156,0.0017775351926684379,0.019889106042683125,0.08335023373365402,0.08286458253860474,-0.007937918417155743,-0.01389941293746233,0.0679105743765831,0.06936085224151611,-0.004639156628400087,-0.002898825565353036,0.2222270667552948,0.21458150446414948,0.1218934878706932,0.11882054805755615,0.12076076120138168,0.12412259727716446,0.015249944292008877,0.02178679034113884,0.06951271742582321,0.06454480439424515,0.018728718161582947,0.01276722364127636,0.09457721561193466,0.09602748602628708,0.022027479484677315,0.023767810314893723,0.0,0.0,0.02166663657873869,0.02166663657873869,0.02166664123535156,0.021666633784770965,0.0216666361130774,0.021666635880246757,0.0,0.0,0.0,0.0,0.0,0.0,0.0017775351926684379,0.0,0.24931176006793976,-0.07789278030395508,0.012800556607544422,0.13969074189662933,-0.10394442826509476,0.008052135817706585,0.060508400201797485,0.04878155514597893,-0.02165766805410385,0.1339341253042221,-0.07073600590229034,0.03786627575755119
272,89.03999999999999,-0.9595338702201843,0.014372228644788265,0.0,0.02166664123535156,0.0032766227424144744,0.018390018492937088,0.08636374026536942,0.08582520484924316,-0.008419615216553211,-0.014372228644788265,0.06309276074171066,0.06434784084558487,-0.005510618910193443,-0.004004528280347586,0.2233264297246933,0.21569272875785828,0.12121900171041489,0.11870402842760086,0.10796662420034409,0.1118215024471283,0.012879393994808197,0.019298182800412178,0.07144488394260406,0.06648437678813934,0.018247021362185478,0.012294407933950424,0.08975940197706223,0.09101447463035583,0.02115601673722267,0.02266210876405239,0.0,0.0,0.02166663657873869,0.02166663657873869,0.02166664123535156,0.021666633784770965,0.021666635647416114,0.021666637044399976,0.0,0.0,0.0,0.0,0.0,0.0,0.0032766227424144744,0.0,0.24477285146713257,-0.07689535617828369,0.011400235816836357,0.13726142048835754,-0.10275095701217651,0.007596796378493309,0.05788880214095116,0.047557782381772995,-0.02258284203708172,0.13169823586940765,-0.07433116436004639,0.038924288004636765
273,89.46,-0.9646066427230835,0.008388560265302658,0.0,0.014999976269900798,0.0,0.014999976269900798,0.09282860159873962,0.09200125187635422,-0.0025249056052416563,-0.008388560265302658,0.06433029472827911,0.06537798792123795,6.944077176740393e-05,0.001326670520938933,0.2304428368806839,0.222897008061409,0.12392555177211761,0.12283176183700562,0.10172522068023682,0.10610013455152512,0.016945473849773407,0.023214174434542656,0.07300083339214325,0.06811445206403732,0.0174750704318285,0.01161141600459814,0.08433026820421219,0.08537796139717102,0.020069416612386703,0.021326646208763123,0.0,0.0,0.014999976037070154,0.014999976269900798,0.014999973475933074,0.014999973475933074,0.014999975840619299,0.014999975687824189,0.0,0.0,0.0,0.0,0.0,0.0,0.0,0.0,0.2400038242340088,-0.07581053674221039,0.010081921704113483,0.13460025191307068,-0.1015361100435257,0.007125869393348694,0.05479571223258972,0.04624772444367409,-0.02348265051841736,0.1293056309223175,-0.07780030369758606,0.039913393557071686
274,89.88,-0.9696793556213379,0.008969799615442753,0.0,0.014999976619146763,0.0,0.014999976619146763,0.09552872180938721,0.09473510086536407,-0.0031943488866090775,-0.008969799615442753,0.05906740576028824,0.05989699065685272,-0.0008001992246136069,0.00019530195277184248,0.23137259483337402,0.2238798290491104,0.12335671484470367,0.12225626409053802,0.09091027826070786,0.09569507092237473,0.014687726274132729,0.02079925686120987,0.07464881986379623,0.06983594596385956,0.016805626451969147,0.011030176654458046,0.07906737923622131,0.0798969641327858,0.019199777394533157,0.02019527740776539,0.0,0.0,0.014999975338578223,0.014999976269900798,0.014999973475933074,0.014999973475933074,0.014999976619146763,0.014999975454993545,0.0,0.0,0.0,0.0,0.0,0.0,0.0,0.0,0.23659464716911316,-0.07551439851522446,0.009049694985151291,0.13118818402290344,-0.10034889727830887,0.00658397376537323,0.05059375241398811,0.04517635330557823,-0.02433941140770912,0.12743836641311646,-0.08098863065242767,0.04090580344200134
275,90.3,-0.9748426079750061,0.009692907333374023,0.0,0.014999977201223372,0.0013128015026450156,0.013687175698578358,0.09987735748291016,0.09909992665052414,-0.003928259946405888,-0.009692907333374023,0.05202898010611534,0.05261031165719032,-0.0017404996324330568,-0.001042902935296297,0.2336803525686264,0.22620530426502228,0.12438533455133438,0.1233513280749321,0.08012675493955612,0.08505088090896606,0.01194667536765337,0.017855627462267876,0.07728311419487,0.0724792405962944,0.01607171632349491,0.010307068936526775,0.07202895730733871,0.0726102888584137,0.018259476870298386,0.018957072868943214,0.0,0.0,0.014999976269900798,0.014999976269900798,0.014999977201223372,0.014999977201223372,0.014999976502731441,0.01499997580423951,0.0,0.0,0.0,0.0,0.0,0.0,0.0013128015026450156,0.0,0.23340275883674622,-0.0747961550951004,0.008036533370614052,0.1277812272310257,-0.09863555431365967,0.006017918698489666,0.04624573886394501,0.04407031089067459,-0.025008611381053925,0.12501443922519684,-0.08355839550495148,0.041677430272102356
276,90.72,-0.980042040348053,0.01033733505755663,0.0,0.014999977201223372,0.003139134384691715,0.011860842816531658,0.10489547997713089,0.10412704944610596,-0.0045550172217190266,-0.01033733505755663,0.04457581788301468,0.04488450661301613,-0.0023427715059369802,-0.001972346566617489,0.2366211861371994,0.2291475087404251,0.12612631916999817,0.12510637938976288,0.06952808797359467,0.07424510270357132,0.009518071077764034,0.015178488567471504,0.08042033761739731,0.0756017416715622,0.01544495951384306,0.00966264121234417,0.06457579135894775,0.0648844838142395,0.01765720546245575,0.01802762970328331,0.0,0.0,0.014999976735562085,0.014999976269900798,0.014999973475933074,0.014999977201223372,0.014999976968392729,0.014999976269900798,0.0,0.0,0.0,0.0,0.0,0.0,0.003139134384691715,0.0,0.23029091954231262,-0.07402309030294418,0.007038966286927462,0.12446257472038269,-0.09684719145298004,0.005453816615045071,0.04189436137676239,0.04288128763437271,-0.025648195296525955,0.12208785861730576,-0.08597120642662048,0.042340219020843506
277,91.14,-0.985268235206604,0.01117555983364582,0.0,0.014999977201223372,0.004447053540498018,0.010552923660725355,0.10774629563093185,0.10699279606342316,-0.005416203755885363,-0.01117555983364582,0.03823351114988327,0.038291506469249725,-0.0029172718059271574,-0.002847675932571292,0.23826532065868378,0.2308160662651062,0.1259729415178299,0.1247880831360817,0.06039893627166748,0.06491143256425858,0.0076356506906449795,0.013050650246441364,0.08260822296142578,0.07780876010656357,0.014583772048354149,0.008824416436254978,0.058233488351106644,0.0582914836704731,0.017082704231142998,0.017152300104498863,0.0,0.0,0.01499997580423951,0.014999976269900798,0.014999977201223372,0.014999977201223372,0.014999976037070154,0.014999976037070154,0.0,0.0,0.0,0.0,0.0,0.0,0.004447053540498018,0.0,0.22741562128067017,-0.07341575622558594,0.006090681534260511,0.12136049568653107,-0.09530127048492432,0.004875724203884602,0.03775116428732872,0.041569970548152924,-0.026367738842964172,0.1188189685344696,-0.08861380070447922,0.043026864528656006
278,91.56,-0.9905478954315186,0.012692592106759548,0.0,0.014999977201223372,0.005021795984357595,0.009978181216865778,0.1062409058213234,0.10551521927118301,-0.0070332190953195095,-0.012692592106759548,0.033501140773296356,0.03337521851062775,-0.0041800811886787415,-0.004331187345087528,0.23717612028121948,0.22980529069900513,0.12193014472723007,0.12105943262577057,0.05355898663401604,0.057916123420000076,0.005798098165541887,0.011026661843061447,0.08266165107488632,0.07794550061225891,0.012966756708920002,0.007307383697479963,0.05350111797451973,0.05337519571185112,0.015819894149899483,0.01566878892481327,0.0,0.0,0.01499997580423951,0.01499997580423951,0.014999977201223372,0.014999977201223372,0.014999975338578223,0.014999976269900798,0.0,0.0,0.0,0.0,0.0,0.0,0.005021795984357595,0.0,0.22507674992084503,-0.07288292795419693,0.005278035067021847,0.11856837570667267,-0.09404093027114868,0.004253796301782131,0.03388329967856407,0.04024546965956688,-0.02711651101708412,0.11549466848373413,-0.09121665358543396,0.04374519735574722
279,91.97999999999999,-0.9958276748657227,0.014172757044434547,0.0,0.014999977201223372,0.005535066947340965,0.009464910253882408,0.10475203394889832,0.10405300557613373,-0.00861439574509859,-0.014172757044434547,0.02885730005800724,0.028543546795845032,-0.00533618638291955,-0.0057126902975142,0.23613934218883514,0.2288639396429062,0.11795279383659363,0.11710873991250992,0.047082748264074326,0.05127694457769394,0.004128723405301571,0.009161758236587048,0.0827433168888092,0.07811134308576584,0.011385580524802208,0.005827219225466251,0.048857275396585464,0.048543523997068405,0.014663790352642536,0.014287285506725311,0.0,0.0,0.014999976269900798,0.014999976269900798,0.014999975338578223,0.014999977201223372,0.014999976735562085,0.01499997580423951,0.0,0.0,0.0,0.0,0.0,0.0,0.005535066947340965,0.0001255272701382636,0.22272932529449463,-0.07206954807043076,0.004575027618557215,0.11602061986923218,-0.0928478091955185,0.003670961130410433,0.03016868233680725,0.0391697958111763,-0.02771705761551857,0.1126888170838356,-0.0930260568857193,0.0443386472761631
280,92.39999999999999,-1.001143217086792,0.01663275994360447,0.0,0.014999977201223372,0.005667366208508611,0.009332610992714763,0.10204239189624786,0.10136569291353226,-0.011105566285550594,-0.01663275994360447,0.02468986064195633,0.024295328184962273,-0.007765903603285551,-0.008239342831075191,0.23378831148147583,0.22655656933784485,0.11283930391073227,0.11202843487262726,0.04175383970141411,0.04588702321052551,0.0015667059924453497,0.006526528391987085,0.08154728263616562,0.07694128900766373,0.008894409984350204,0.0033672163262963295,0.0446898378431797,0.0442953035235405,0.01223407220095396,0.011760633438825607,0.0,0.0,0.014999976269900798,0.014999976269900798,0.014999977201223372,0.014999975338578223,0.01499997580423951,0.014999976269900798,0.0,0.0,0.0,0.0,0.0,0.0,0.005667366208508611,0.00023410504683852185,0.22017201781272888,-0.07119061052799225,0.003911001607775688,0.11402636766433716,-0.09212811291217804,0.003164800815284252,0.027455180883407593,0.038307517766952515,-0.028282366693019867,0.11067622900009155,-0.09467560052871704,0.04494272917509079
281,92.82,-1.0064605474472046,0.019122455269098282,0.0009662223747000098,0.014999977201223372,0.005729320696555078,0.009270656504668295,0.09927525371313095,0.09861903637647629,-0.013623509556055069,-0.019122455269098282,0.020565666258335114,0.02009502984583378,-0.01023687794804573,-0.010801642201840878,0.23140302300453186,0.2241685539484024,0.10736116766929626,0.10649717599153519,0.03682633116841316,0.040920402854681015,-0.0009662223747000098,0.003946663811802864,0.08030154556035995,0.07571909576654434,0.00637646671384573,0.0008775214082561433,0.04056564345955849,0.040095005184412,0.009763098321855068,0.009198334068059921,0.0,0.0,0.014999976269900798,0.014999976677354424,0.014999977201223372,0.014999975338578223,0.014999976269900798,0.014999976269900798,0.0,0.0,0.0,0.0,0.0,0.0,0.005729320696555078,0.0002516702562570571,0.21574175357818604,-0.07090237736701965,0.0027992590330541134,0.11477062106132507,-0.09271731972694397,0.0025493623688817024,0.027934903278946877,0.03726853430271149,-0.029358860105276108,0.1089891642332077,-0.09808669984340668,0.045892372727394104
282,93.24,-1.0117906332015991,0.022220464423298836,0.004325562156736851,0.014999977201223372,0.005854380205273628,0.009145596995949745,0.09933296591043472,0.09865707159042358,-0.016663463786244392,-0.022220464423298836,0.01523834839463234,0.014884880743920803,-0.013471158221364021,-0.01389532070606947,0.232664093375206,0.22542423009872437,0.10589099675416946,0.10528349876403809,0.03037719987332821,0.03460733965039253,-0.004325562156736851,0.0007506051915697753,0.08157440274953842,0.07694356888532639,0.003336512017995119,-0.0022204890847206116,0.03523832559585571,0.03488485515117645,0.0065288180485367775,0.006104656029492617,0.0,0.0,0.01499997580423951,0.014999975338578223,0.014999977201223372,0.014999974407255649,0.014999976269900798,0.014999976735562085,0.0,0.0,0.0,0.0,0.0,0.0,0.005854380205273628,0.0003540508379228412,0.21423357725143433,-0.06974149495363235,0.0019837559666484594,0.11422088742256165,-0.09156741201877594,0.0017159946728497744,0.025434980168938637,0.03668276220560074,-0.02990054152905941,0.10594922304153442,-0.09873790293931961,0.046269915997982025
283,93.66,-1.0171304941177368,0.025525860488414764,0.00806392077356577,0.014999977201223372,0.005894499253481626,0.009105477947741747,0.10149675607681274,0.10079847276210785,-0.01987040787935257,-0.025525860488414764,0.009111926890909672,0.009020991623401642,-0.017169397324323654,-0.01727852039039135,0.23642659187316895,0.2291826605796814,0.1071186438202858,0.1069871187210083,0.023015901446342468,0.0275100190192461,-0.00806392077356577,-0.0026709800586104393,0.08485455065965652,0.08014167845249176,0.0001295690017286688,-0.005525884218513966,0.02911190316081047,0.029020968824625015,0.0028305784799158573,0.002721455879509449,0.0,0.0,0.014999976881081237,0.014999976269900798,0.014999976269900798,0.014999977201223372,0.01499997580423951,0.014999976269900798,0.0,0.0,0.0,0.0,0.0010960017144680022,0.0,0.005894499253481626,0.0003924359381198882,0.21402209997177124,-0.06847836822271347,0.0012459482531994581,0.1128261387348175,-0.08950521051883698,0.0008648635121062398,0.02166122756898403,0.03613165020942688,-0.030236463993787766,0.10212887823581696,-0.09854893386363983,0.04638383537530899
284,94.08,-1.0224518775939941,0.028261698782444,0.011074271984398365,0.014999977201223372,0.005707620589528233,0.00929235661169514,0.1016717404127121,0.10093774646520615,-0.02254946157336235,-0.028261698782444,0.004282983019948006,0.004438412841409445,-0.020366627722978592,-0.02018011175096035,0.23822762072086334,0.2309752106666565,0.10564885288476944,0.10582121461629868,0.017290377989411354,0.022026874125003815,-0.011074271984398365,-0.005390475504100323,0.08707516640424728,0.08231497555971146,-0.0025494853034615517,-0.008261722512543201,0.02428296022117138,0.024438388645648956,-0.0003666513948701322,-0.0001801357720978558,0.0,0.0,0.014999976269900798,0.014999976269900798,0.014999977201223372,0.01499997580423951,0.014999976328108459,0.014999975978862493,0.0,0.0,0.0,0.0,0.001992582231760025,0.0,0.005707620589528233,0.0002103397320024668,0.21255278587341309,-0.0679929107427597,0.0005549422930926085,0.11141522973775864,-0.088390052318573,0.0003002416342496872,0.019186174497008324,0.03524879366159439,-0.03076796978712082,0.09902796149253845,-0.09967755526304245,0.04673495143651962
285,94.5,-1.0276950597763062,0.02985706739127636,0.012067670933902264,0.014999977201223372,0.005066011222079396,0.009933965979143977,0.09350637346506119,0.09253427386283875,-0.02413453534245491,-0.02985706739127636,0.004427364096045494,0.004758500959724188,-0.022001635283231735,-0.021604271605610847,0.23251459002494812,0.22518809139728546,0.09369257092475891,0.0933835506439209,0.017505334690213203,0.02241268754005432,-0.012067670933902264,-0.0061788479797542095,0.08421408385038376,0.07944530993700027,-0.0041345590725541115,-0.009857090190052986,0.024427341297268867,0.0247584767639637,-0.0020016597118228674,-0.0016042954521253705,0.0,0.0,0.014999976269900798,0.014999977201223372,0.014999977201223372,0.01499997580423951,0.014999975571408867,0.014999976153485476,0.0,0.0,0.0,0.0,0.001922006607055664,0.0,0.005066011222079396,0.0,0.20814992487430573,-0.06835519522428513,0.00010922239744104445,0.11066623032093048,-0.08961223065853119,0.00013569422299042344,0.01983906887471676,0.033976778388023376,-0.031638819724321365,0.09789898991584778,-0.10274268686771393,0.047602228820323944
286,94.92,-1.0329383611679077,0.031422991305589676,0.013177289627492428,0.014999976735562085,0.0045950805116444825,0.010404896223917603,0.08551113307476044,0.0842675119638443,-0.02569097839295864,-0.031422991305589676,0.004621161613613367,0.005125443916767836,-0.023582184687256813,-0.02297704666852951,0.22750115394592285,0.2201622873544693,0.08295888453722,0.08217877149581909,0.017883099615573883,0.022965416312217712,-0.013177289627492428,-0.00707850931212306,0.0813751295208931,0.07659845799207687,-0.005691003054380417,-0.011423015035688877,0.024621138349175453,0.025125419721007347,-0.003582209115847945,-0.002977070165798068,0.0,0.0,0.014999975338578223,0.014999976269900798,0.014999976735562085,0.01499997580423951,0.014999975571408867,0.014999976502731441,0.0,0.0,0.0,0.0,0.00173803873360157,0.0,0.0045950805116444825,0.0,0.2053709477186203,-0.06759036332368851,-1.6377052816096693e-05,0.1099192202091217,-0.09002844989299774,-0.00020937125373166054,0.019109738990664482,0.033465057611465454,-0.03204679861664772,0.09728866815567017,-0.10322389751672745,0.04814770817756653
287,95.34,-1.0380178689956665,0.030853215605020523,0.014389682561159134,0.014999977201223372,0.005067436844110489,0.009932540357112885,0.09010523557662964,0.08867356181144714,-0.02500261925160885,-0.030853215605020523,0.00184898532461375,0.0022766010370105505,-0.02432222105562687,-0.023809082806110382,0.23583994805812836,0.22859181463718414,0.08743256330490112,0.08705474436283112,0.014049614779651165,0.01905042491853237,-0.014389682561159134,-0.008388710208237171,0.08828847110271454,0.08341297507286072,-0.0050026425160467625,-0.01085323840379715,0.02184896171092987,0.02227657660841942,-0.004322245717048645,-0.0038091070018708706,0.0,0.0,0.014999976735562085,0.014999977201223372,0.01499997638631612,0.014999975571408867,0.014999975338578223,0.01499997580423951,0.0,0.0,0.0,0.0,0.0027993469312787055,0.0,0.005067436844110489,0.0,0.20804958045482635,-0.06494166702032089,-9.281725942855701e-05,0.10822232067584991,-0.08649604767560959,-0.0010727541521191597,0.014387095347046852,0.033900581300258636,-0.031472403556108475,0.09458287060260773,-0.09926874935626984,0.04766996204853058
288,95.75999999999999,-1.0430587530136108,0.03699655830860138,0.02300107665359974,0.02277772769331932,0.013255263101309537,0.009522464592009783,0.09171110391616821,0.0904855877161026,-0.03106159344315529,-0.03699655830860138,-0.009297598153352737,-0.009003493003547192,-0.032523538917303085,-0.0321706123650074,0.23948471248149872,0.2323572337627411,0.09059501439332962,0.09147825837135315,0.0016764188185334206,0.00653383694589138,-0.02300107665359974,-0.017172174528241158,0.09774866700172424,0.09280286729335785,-0.0032838669139891863,-0.009218830615282059,0.018480127677321434,0.018774233758449554,-0.004745813552290201,-0.004392886534333229,0.0010375630855560302,0.0,0.0227777265291661,0.02277772769331932,0.02277772583067417,0.022777726761996745,0.022777725365012883,0.02277772583067417,0.0,0.0,0.0,0.0,0.011803708858788012,0.007240396812558174,0.013255263101309537,0.007779287993907928,0.21110275387763977,-0.06323911994695663,-0.00036651064874604344,0.10659614205360413,-0.08292223513126373,-0.001792448223568499,0.010073838755488396,0.03397171199321747,-0.031073596328496933,0.09173725545406342,-0.09689776599407196,0.04733431339263916
289,96.17999999999999,-1.0480272769927979,0.034861572086811066,0.02234579436480999,0.02277778706513345,0.013122538924217223,0.009655248140916228,0.09564217180013657,0.09411422163248062,-0.02884790115058422,-0.034861572086811066,-0.009872849099338055,-0.009572500362992287,-0.03200104087591171,-0.03164062276482582,0.24678471684455872,0.23972707986831665,0.09218167513608932,0.09309226274490356,0.0003098096349276602,0.005137271713465452,-0.02234579436480999,-0.016552841290831566,0.10517533123493195,0.10016393661499023,-0.0010701140854507685,-0.0070837861858308315,0.017904937267303467,0.01820528507232666,-0.004223255440592766,-0.0038628377951681614,0.0045331594347953795,0.001049714982509613,0.02277778706513345,0.022777785900980233,0.02277778636664152,0.022777785435318946,0.022777785435318946,0.02277778496965766,0.0,0.0,0.0,0.0,0.012595127632375806,0.008068013358861207,0.013122538924217223,0.007690003495663404,0.2105490118265152,-0.06186017394065857,-0.001120333094149828,0.10610252618789673,-0.08080169558525085,-0.002156095812097192,0.008758710697293282,0.03282763436436653,-0.03127673268318176,0.08862876892089844,-0.09801977872848511,0.04751969128847122
290,96.6,-1.0528987646102905,0.032643407583236694,0.020008105784654617,0.022777787297964095,0.012578207422047852,0.010199579875916243,0.09517879039049149,0.09303340315818787,-0.026494106277823448,-0.032643407583236694,-0.006788788828998804,-0.0063002691604197025,-0.030304240062832832,-0.02971801720559597,0.2505267858505249,0.24339666962623596,0.08857396990060806,0.08889931440353394,0.0034107896499335766,0.00840259250253439,-0.020008105784654617,-0.014017942361533642,0.10966518521308899,0.10454077273607254,0.001283680903725326,-0.004865620285272598,0.02098899707198143,0.02147751674056053,-0.002526454394683242,-0.0019402310717850924,0.009486394822597503,0.006507369577884674,0.022777787181548773,0.022777787297964095,0.022777785900980233,0.022777785900980233,0.02277778566814959,0.022777786133810877,0.0,0.0,0.0,0.0,0.012578207422047852,0.008074924238026141,0.012481651389971374,0.007077711289748549,0.21033528447151184,-0.06140812486410141,-0.001624149503186345,0.10630571842193604,-0.08008470386266708,-0.0023780427873134613,0.008446718566119671,0.03171038255095482,-0.03167041018605232,0.08707591891288757,-0.10007438063621521,0.048087216913700104
291,97.02,-1.0577596426010132,0.03030703403055668,0.017681173980236053,0.02277778706513345,0.012351754009723662,0.010426033055409789,0.09556658565998077,0.0928068533539772,-0.024038828909397125,-0.03030703403055668,-0.003635641885921359,-0.00296000181697309,-0.028510941192507744,-0.02770017273724079,0.255129873752594,0.24807780981063843,0.086656354367733,0.08642389625310898,0.006790390238165855,0.011961175128817558,-0.017681173980236053,-0.01147623173892498,0.11420998722314835,0.10898648202419281,0.003738956991583109,-0.0025292474310845137,0.02414214424788952,0.024817785248160362,-0.0007331545348279178,7.761349843349308e-05,0.013643401563167571,0.011179628670215606,0.022777785900980233,0.022777786599472164,0.022777786133810877,0.02277778706513345,0.022777786657679825,0.022777786235674283,0.0,0.0,0.0,0.0,0.012351754009723662,0.007856610119342803,0.011948019445408135,0.006553845237358473,0.21204262971878052,-0.060751620680093765,-0.001776557182893157,0.10683616995811462,-0.07918701320886612,-0.0026516299694776535,0.007483357563614845,0.03124992921948433,-0.03178548440337181,0.08656565099954605,-0.10062390565872192,0.04852314293384552
292,97.44,-1.0624092817306519,0.027785073965787888,0.015124931931495667,0.022777727504144422,0.012228095792233943,0.010549631711910479,0.09637759625911713,0.09305461496114731,-0.02145044505596161,-0.027785073965787888,-0.0007445458322763443,0.00016232412599492818,-0.02639639563858509,-0.0253081526607275,0.25418028235435486,0.25230666995048523,0.08526036888360977,0.08452624827623367,0.009805084206163883,0.015214058570563793,-0.015124931931495667,-0.00863416213542223,0.11845245212316513,0.11317359656095505,0.0063272807747125626,-7.3467112997605e-06,0.027033179998397827,0.02794005163013935,0.0013813304249197245,0.002469574334099889,0.017074855864048003,0.015118981599807738,0.02277772583067417,0.022777727254488126,0.02277772583067417,0.022777727504144422,0.022777726063504814,0.02277772699482739,0.0,0.0,0.0,0.0,0.012228095792233943,0.007725993059575558,0.01150626235641539,0.0061037364695221185,0.21480964124202728,-0.06017400324344635,-0.0015315773198381066,0.10714783519506454,-0.07825550436973572,-0.0030142683535814285,0.0049044168554246426,0.031234152615070343,-0.031839769333601,0.08651651442050934,-0.10003171861171722,0.04886547476053238
293,97.86,-1.067058801651001,0.025180192664265633,0.012549133040010929,0.022777727460488676,0.012011069692671298,0.010766657767817378,0.0980885773897171,0.09421823173761368,-0.018786869943141937,-0.025180192664265633,0.0022335373796522617,0.003372031496837735,-0.0241954755038023,-0.02282928302884102,0.2542981803417206,0.25226759910583496,0.08507130295038223,0.08384504914283752,0.013000194914638996,0.018637511879205704,-0.012549133040010929,-0.005784351844340563,0.1227525845170021,0.11742481589317322,0.008990856818854809,0.0025975347962230444,0.030011264607310295,0.031149758026003838,0.003582250326871872,0.00494844326749444,0.019664007127285003,0.01820658415555954,0.022777726761996745,0.022777727460488676,0.022777727227658032,0.0227777265291661,0.02277772583067417,0.022777726296335458,0.0,0.0,0.0,0.0,0.012011069692671298,0.007512246146798134,0.0111313833668828,0.005732795111835003,0.21844923496246338,-0.059616006910800934,-0.001190369133837521,0.1082344800233841,-0.07746994495391846,-0.003245796076953411,0.0029197733383625746,0.03127723187208176,-0.03171423077583313,0.08668762445449829,-0.09928649663925171,0.04904469847679138
294,98.28,-1.0715664625167847,0.021947046741843224,0.010115631856024265,0.022777727227658032,0.012009340226650237,0.010768387001007795,0.10109018534421921,0.09665706753730774,-0.015232537873089314,-0.021692177280783653,0.00500453170388937,0.006376168690621853,-0.021947046741843224,-0.020301083102822304,0.25572413206100464,0.25348415970802307,0.0862857848405838,0.0844217911362648,0.01577291637659073,0.02161804772913456,-0.010115631856024265,-0.0031014736741781235,0.1275731772184372,0.12219014763832092,0.012545188888907433,0.00608554994687438,0.03278225660324097,0.03415389358997345,0.005830679554492235,0.00747664412483573,0.021482991874217986,0.020533080101013183,0.022777726761996745,0.022777727227658032,0.022777724899351596,0.022777724899351596,0.022777726296335458,0.022777727227658032,0.0,0.0,0.0,0.0,0.012009340226650237,0.00753584586083889,0.0109463114105165,0.005578117799013853,0.22323162853717804,-0.059124261140823364,-0.0005899645038880408,0.10984461009502411,-0.07667728513479233,-0.0033737467601895332,0.0011355987517163157,0.031212296336889267,-0.031430914998054504,0.08633333444595337,-0.09830377995967865,0.048962101340293884
295,98.7,-1.0760033130645752,0.019633397459983826,0.007700801361352205,0.022777787297964095,0.012042264342308043,0.010735522955656052,0.10521115362644196,0.10025180876255035,-0.011172546073794365,-0.01769738458096981,0.007713461294770241,0.009318194352090359,-0.019633397459983826,-0.017707718536257744,0.25798723101615906,0.2555095851421356,0.08850155025720596,0.0859396904706955,0.018448982387781143,0.024492021650075912,-0.007700801361352205,-0.0004491540603339672,0.1327146589756012,0.12727729976177216,0.016605239361524582,0.010080401785671711,0.03549124673008919,0.03709597885608673,0.008144388906657696,0.010070068761706352,0.02250350534915924,0.0220254909992218,0.022777785435318946,0.02277778636664152,0.022777785435318946,0.02277778450399637,0.02277778636664152,0.022777787297964095,0.0,0.0,0.0,0.0,0.012042264342308043,0.007603957206010818,0.0108451902680099,0.005519222822040319,0.22845560312271118,-0.05879143625497818,4.4028565753251314e-05,0.11192988604307175,-0.07601873576641083,-0.0033895988017320633,-2.7627102099359035e-06,0.031082335859537125,-0.03107948787510395,0.08590048551559448,-0.09756451845169067,0.0487847626209259
296,99.11999999999999,-1.0803933143615723,0.024960456416010857,0.012920795939862728,0.03055553825572133,0.01973200112581253,0.0108235371299088,0.10179097205400467,0.09636315703392029,-0.01512616965919733,-0.021687788888812065,0.0028378600254654884,0.0046430486254394054,-0.024960456416010857,-0.02279422990977764,0.25290098786354065,0.2503322958946228,0.08344552665948868,0.0806577205657959,0.013661395758390427,0.01986737549304962,-0.012920795939862728,-0.005473620258271694,0.13734650611877441,0.13187849521636963,0.020429367199540138,0.013867747969925404,0.03839339688420296,0.040198586881160736,0.010595080442726612,0.012761306017637253,0.030555534064769744,0.03051533818244934,0.030555536858737468,0.030555536858737468,0.030555536858737468,0.03055553825572133,0.030555536858737468,0.030555535927414893,0.0,0.0,0.0,0.0,0.01973200112581253,0.015331211388111114,0.01851587638258934,0.013234926275908946,0.23368991911411285,-0.058685705065727234,0.0005961994174867868,0.11450271308422089,-0.07563392072916031,-0.003289850428700447,-0.0001756903511704877,0.03090936690568924,-0.0307023786008358,0.0857158824801445,-0.09734438359737396,0.0486128106713295
297,99.53999999999999,-1.0846666097640991,0.02231363020837307,0.010243924334645271,0.03055554151535034,0.019649307131767272,0.010906234383583069,0.10505837947130203,0.09960323572158813,-0.01199668925255537,-0.018542854115366936,0.006075712386518717,0.008001122623682022,-0.02231363020837307,-0.02000313811004162,0.2506885528564453,0.24791219830513,0.08166314661502838,0.07788786292076111,0.01698194071650505,0.023245884105563164,-0.010243924334645271,-0.002727190963923931,0.14061391353607178,0.13515877723693848,0.0235588476061821,0.01701268181204796,0.041631247848272324,0.043556660413742065,0.013241905719041824,0.015552397817373276,0.030555534064769744,0.03055554151535034,0.030555536858737468,0.030555535927414893,0.030555535461753606,0.030555537790060042,0.030555535927414893,0.030555535927414893,0.0,0.0,0.0,0.0,0.019649307131767272,0.0153107763081789,0.018485830053687095,0.013279588781297206,0.23639142513275146,-0.05716550350189209,0.000750504550524056,0.11758729815483093,-0.07488252222537994,-0.003140190849080682,0.001215977012179792,0.03027336671948433,-0.0302748903632164,0.08473648875951767,-0.09743058681488037,0.048379458487033844
298,99.96,-1.088939905166626,0.01961161382496357,0.007544564548879862,0.03055554151535034,0.019470619857311248,0.011084921658039093,0.10850496590137482,0.10306306183338165,-0.008687455207109451,-0.01521773636341095,0.009368525817990303,0.011413250118494034,-0.01961161382496357,-0.017157943919301033,0.24985764920711517,0.2468980997800827,0.0818021222949028,0.07711740583181381,0.02045344188809395,0.026774130761623383,-0.007544564548879862,4.026107853860594e-05,0.14406049251556396,0.138618603348732,0.026868082582950592,0.020337799564003944,0.0449240617454052,0.04696878790855408,0.015943923965096474,0.01839759200811386,0.030555526614189147,0.03055554151535034,0.030555537790060042,0.030555535927414893,0.030555535927414893,0.030555537790060042,0.030555537790060042,0.030555535927414893,0.0,0.0,0.0,0.0,0.019470619857311248,0.015194657146930694,0.018488488513976335,0.013357330929575254,0.2402350902557373,-0.05573860555887222,0.0010834624990820885,0.12123701721429825,-0.07434574514627457,-0.002914550481364131,0.0024255404714494944,0.02986336499452591,-0.0297063197940588,0.08408297598361969,-0.09687654674053192,0.047984011471271515
299,100.38,-1.0931934118270874,0.01654849573969841,0.004380431957542896,0.030555538721382617,0.019135157465934752,0.011420381255447865,0.10876459628343582,0.10334347933530807,-0.006289425306022167,-0.012794766575098038,0.01308369915932417,0.015146056190133095,-0.01654849573969841,-0.014073668047785759,0.24616383016109467,0.24290534853935242,0.08044715225696564,0.07448285818099976,0.024504080414772034,0.03079851344227791,-0.004380431957542896,0.003172885859385133,0.14432013034820557,0.13889901340007782,0.0292661115527153,0.022760769352316856,0.04863923788070679,0.05070159211754799,0.019007040187716484,0.021481867879629135,0.030555534064769744,0.030555534064769744,0.030555536858737468,0.030555535927414893,0.030555538721382617,0.030555535927414893,0.030555535927414893,0.030555535927414893,0.0,0.0,0.0,0.0,0.019135157465934752,0.01490307867527008,0.01838747214525938,0.013308982020244001,0.2418268918991089,-0.05508236214518547,0.0016304037999361753,0.12509238719940186,-0.07553951442241669,-0.002484341152012348,0.003053782507777214,0.029497791081666946,-0.029452435672283173,0.0847552940249443,-0.09680964797735214,0.04778344929218292
300,100.8,-1.097444772720337,0.013405291363596916,0.001172523945569992,0.03055554151535034,0.01867715910077095,0.011878382414579391,0.10877883434295654,0.10338269919157028,-0.003856593044474721,-0.010331953875720501,0.016885532066226006,0.018954643979668617,-0.013405291363596916,-0.010922357439994812,0.2427559345960617,0.2392103672027588,0.08056095242500305,0.07344244420528412,0.02876390889286995,0.035021401941776276,-0.001172523945569992,0.006336466874927282,0.14433437585830688,0.13893823325634003,0.03169894218444824,0.025223582983016968,0.0524410679936409,0.05451017990708351,0.022150244563817978,0.024633178487420082,0.03055554151535034,0.030555534064769744,0.030555535228922962,0.030555536858737468,0.030555535927414893,0.030555535927414893,0.030555535927414893,0.030555535927414893,0.0,0.0,0.0,0.0,0.01867715910077095,0.014488777965307235,0.01832276850938797,0.013296711612492799,0.24385684728622437,-0.0543675571680069,0.0021963545586913824,0.12889404594898224,-0.07662282139062881,-0.0020390606950968504,0.004128641448915005,0.02933482453227043,-0.02907104417681694,0.08553776144981384,-0.0963391438126564,0.04745307192206383
301,101.22,-1.1017026901245117,0.01111397985368967,0.0,0.03055554151535034,0.018189231287688016,0.012366310227662325,0.10746508836746216,0.10213354974985123,-0.0025767688639461994,-0.00897461362183094,0.020469125360250473,0.022553620859980583,-0.01111397985368967,-0.008612587116658688,0.23754198849201202,0.23371052742004395,0.08015350252389908,0.07243415713310242,0.032994940876960754,0.03921683877706528,0.0012523257173597813,0.008718603290617466,0.1430206298828125,0.13768908381462097,0.03297876939177513,0.026580924168229103,0.056024663150310516,0.05810915678739548,0.024441557005047798,0.02694294974207878,0.03055554151535034,0.030555534064769744,0.03055553825572133,0.030555537790060042,0.030555537790060042,0.030555535927414893,0.030555536858737468,0.030555536858737468,0.0,0.0,0.0,0.0,0.01802972227334976,0.0138923180103302,0.018189231287688016,0.013224346451461314,0.24691781401634216,-0.053706392645835876,0.0027378543745726347,0.13270576298236847,-0.0774041935801506,-0.0016089610289782286,0.006010626442730427,0.029270850121974945,-0.02858845330774784,0.08612467348575592,-0.09572649002075195,0.04700493812561035
302,101.64,-1.1059668064117432,0.009547756984829903,0.0,0.03055554151535034,0.018113932460546493,0.012441609054803848,0.1050848439335823,0.09985396265983582,-0.0021942108869552612,-0.008471268229186535,0.023900214582681656,0.026005854830145836,-0.009547756984829903,-0.007020988035947084,0.23250719904899597,0.22851265966892242,0.07928268611431122,0.07192196696996689,0.03863062337040901,0.044741012156009674,0.002893848344683647,0.010226313956081867,0.14064037799835205,0.13540950417518616,0.03336132690310478,0.027084268629550934,0.0594557523727417,0.06156139075756073,0.02600778080523014,0.028534548357129097,0.030555534064769744,0.03055554151535034,0.030555537790060042,0.030555536858737468,0.030555537790060042,0.030555535927414893,0.030555537790060042,0.03055553639307618,0.0,0.0,0.0,0.0,0.015825129002332686,0.011820378601551055,0.018113932460546493,0.013308234401047229,0.25096607208251953,-0.051197268068790436,0.0014268532395362854,0.1410551369190216,-0.07562752068042755,0.00025661487597972155,0.016925040632486343,0.029654279351234436,-0.024983761832118034,0.08614865690469742,-0.09353147447109222,0.04576639086008072
303,102.06,-1.1102399826049805,0.008090270683169365,0.0,0.03055554151535034,0.017802181541919707,0.012753359973430634,0.10258816182613373,0.09747525304555893,-0.0016636800719425082,-0.007799174170941114,0.02715466544032097,0.029303280636668205,-0.008090270683169365,-0.005511932540684938,0.22709901630878448,0.2229425311088562,0.07802118360996246,0.07096411287784576,0.04405046999454498,0.05010564625263214,0.004663083702325821,0.011929298751056194,0.13814370334148407,0.13303078711032867,0.03389185667037964,0.02775636315345764,0.06271020323038101,0.0648588165640831,0.02746526524424553,0.030043603852391243,0.03055554151535034,0.030555534064769744,0.030555536742322146,0.030555537324398755,0.030555537790060042,0.030555535927414893,0.030555535927414893,0.03055553639307618,0.0,0.0,0.0,0.0,0.013659733235836028,0.009753170311450957,0.017802181541919707,0.013114305101335048,0.25440070033073425,-0.04944738745689392,0.0007450063712894917,0.14808763563632965,-0.07508829981088638,0.0017440132796764374,0.02570478245615959,0.030163399875164032,-0.02244574949145317,0.08658834546804428,-0.09128399938344955,0.04463960975408554
304,102.47999999999999,-1.1145678758621216,0.0078293951228261,0.0,0.03055554151535034,0.01737324696034193,0.013182294555008411,0.09794408082962036,0.09304072707891464,-0.0019039114704355597,-0.007787938229739666,0.028828276321291924,0.031170068308711052,-0.0078293951228261,-0.005019243806600571,0.21973919868469238,0.21553939580917358,0.07531489431858063,0.06859642267227173,0.047709036618471146,0.05389261245727539,0.005352894775569439,0.012773185968399048,0.1334996223449707,0.1285962611436844,0.033651623874902725,0.027767598628997803,0.06438381224870682,0.06672560423612595,0.02772614173591137,0.030536292120814323,0.03055554151535034,0.030555534064769744,0.030555535345338284,0.030555536858737468,0.030555535927414893,0.030555535927414893,0.030555536858737468,0.030555535927414893,0.0,0.0,0.0,0.0,0.011674775630235671,0.007832991778850554,0.01737324696034193,0.012763106152415275,0.2561773955821991,-0.04840290546417236,0.0006371701019816101,0.15401174128055573,-0.07601594924926758,0.003009276930242777,0.03244423866271973,0.030707143247127533,-0.02070014551281929,0.08755038678646088,-0.08922882378101349,0.04368435591459274
305,102.89999999999999,-1.1188956499099731,0.007480249740183353,0.0,0.030555537790060042,0.01686825918033719,0.013687278609722853,0.09349483996629715,0.08880805969238281,-0.0018387233139947057,-0.007462867069989443,0.030585724860429764,0.033125270158052444,-0.007480249740183353,-0.004432797431945801,0.21231086552143097,0.20806878805160522,0.07248498499393463,0.06609835475683212,0.051367972046136856,0.05769576504826546,0.006207027938216925,0.013800382614135742,0.1290503740310669,0.12436359375715256,0.03371681272983551,0.02809266932308674,0.06614126265048981,0.06868080794811249,0.028075287118554115,0.031122740358114243,0.030555534064769744,0.030555534064769744,0.030555536043830215,0.03055553639307618,0.030555537790060042,0.030555537790060042,0.030555536858737468,0.030555537790060042,0.0,0.0,0.0,0.0,0.00977329060435295,0.0059850428998470305,0.01686825918033719,0.0123223577439785,0.2576182782649994,-0.047409459948539734,0.0007001232588663697,0.15894171595573425,-0.07700289785861969,0.004037754610180855,0.03827640414237976,0.03127384930849075,-0.019340619444847107,0.08832523226737976,-0.0870160460472107,0.042738914489746094
306,103.32,-1.1233041286468506,0.015804871916770935,0.0015224502421915531,0.03833329200744629,0.024428935144096612,0.01390435686334968,0.08040659874677658,0.07589283585548401,-0.010388356633484364,-0.015804871916770935,0.022310806438326836,0.02497541904449463,-0.01542680338025093,-0.012229268439114094,0.19658885896205902,0.19228152930736542,0.06105625256896019,0.05489795282483101,0.04473496973514557,0.05115228891372681,-0.0015224502421915531,0.006178335286676884,0.12373989075422287,0.1192261278629303,0.0329449288547039,0.027528416365385056,0.06564409285783768,0.06830870360136032,0.02790648490190506,0.031104018911719322,0.03833329200744629,0.03833329200744629,0.03833328548818827,0.03833328828215599,0.038333286419510844,0.038333284556865695,0.03833328828215599,0.03833328735083342,0.0,0.0,0.0,0.0,0.015909123122692107,0.012156414687633513,0.024428935144096612,0.019925683625042438,0.2577042877674103,-0.04645929113030434,0.0009657725458964705,0.1632211059331894,-0.07830384373664856,0.005030700005590916,0.043548811227083206,0.031898077577352524,-0.01833476684987545,0.08968350291252136,-0.08480251580476761,0.041833292692899704
307,103.74,-1.1277377605438232,0.016481533646583557,0.0018290557200089097,0.03833329200744629,0.024418609687127172,0.01391468232031912,0.07491941004991531,0.07057735323905945,-0.011271071620285511,-0.016481533646583557,0.021122805774211884,0.023890582844614983,-0.015743734315037727,-0.012422401458024979,0.18744362890720367,0.18309012055397034,0.05640373378992081,0.0505756251513958,0.04488230124115944,0.0513351671397686,-0.0018290557200089097,0.005914383567869663,0.118252694606781,0.11391064524650574,0.032062217593193054,0.026851752772927284,0.06445609033107758,0.06722386926412582,0.027589553967118263,0.030910886824131012,0.038333284556865695,0.03833329200744629,0.03833328921347857,0.038333286419510844,0.038333284556865695,0.038333286419510844,0.03833328828215599,0.03833328828215599,0.0,0.0,0.0,0.0,0.014573789089918136,0.010888702124357223,0.024418609687127172,0.019996503256261348,0.254469633102417,-0.04337213188409805,0.0008117294637486339,0.16736343502998352,-0.07872465997934341,0.005936401896178722,0.04947992414236069,0.03193560242652893,-0.017365101724863052,0.08940471708774567,-0.0822674110531807,0.040775496512651443
308,104.16,-1.132222294807434,0.01672329194843769,0.0024077268317341805,0.03833328828215599,0.024368204064667224,0.01396508421748877,0.06969905644655228,0.06565375626087189,-0.011868933215737343,-0.01672329194843769,0.02016557566821575,0.023110507056117058,-0.016372811049222946,-0.01283889077603817,0.179261714220047,0.1750117540359497,0.05219440534710884,0.04684103652834892,0.045026134699583054,0.05158599838614464,-0.0024077268317341805,0.00546411145478487,0.11303234100341797,0.10898704081773758,0.0314643532037735,0.02660999447107315,0.06349886208772659,0.0664437934756279,0.026960477232933044,0.03049439564347267,0.038333284556865695,0.038333284556865695,0.038333286419510844,0.038333286419510844,0.038333286419510844,0.038333286419510844,0.03833328828215599,0.038333286419510844,0.0,0.0,0.0,0.0,0.013472727388143538,0.00985779508948326,0.024368204064667224,0.0200302841886878,0.25201648473739624,-0.040510401129722595,0.0007810876122675836,0.1705869883298874,-0.07888662815093994,0.0066075678914785385,0.05393160507082939,0.032023780047893524,-0.016438879072666168,0.08850771188735962,-0.0792698785662651,0.03964416682720184
309,104.58,-1.136790156364441,0.017495926469564438,0.0032764968927949667,0.03833329014480114,0.02411385870538652,0.014219431439414624,0.06477722525596619,0.06122036278247833,-0.012193950824439526,-0.016462184488773346,0.019597342237830162,0.02283826656639576,-0.017495926469564438,-0.013606816530227661,0.17213188111782074,0.16825975477695465,0.04852680861949921,0.04388011619448662,0.04553912207484245,0.052319787442684174,-0.0032764968927949667,0.004860301967710257,0.10811050981283188,0.10455364733934402,0.03113933652639389,0.026871103793382645,0.062930628657341,0.0661715567111969,0.025837361812591553,0.02972646988928318,0.038333284556865695,0.038333284556865695,0.03833328735083342,0.03833328828215599,0.038333286419510844,0.03833329014480114,0.03833328828215599,0.038333286419510844,0.0,0.0,0.0,0.0,0.01239150658249855,0.008851769268512725,0.02411385870538652,0.019866167921572923,0.2501623034477234,-0.03786275163292885,0.0008152608061209321,0.17298546433448792,-0.07877696305513382,0.007076100446283817,0.057327769696712494,0.03214144706726074,-0.015542726963758469,0.08713104575872421,-0.07601478695869446,0.03849993646144867
310,105.0,-1.1413578987121582,0.018532833084464073,0.003988154698163271,0.03833334974944592,0.023788667637854814,0.014544682111591104,0.05995285511016846,0.05689471215009689,-0.012340867891907692,-0.01601063832640648,0.01911463402211666,0.022653119638562202,-0.018532833084464073,-0.014286652207374573,0.16502587497234344,0.16174212098121643,0.044974640011787415,0.04103413224220276,0.046212922781705856,0.05322645232081413,-0.003988154698163271,0.0044280788861215115,0.10328619927167892,0.10022805631160736,0.030992478132247925,0.027322707697749138,0.06244798004627228,0.06598646938800812,0.024800512939691544,0.029046693816781044,0.03833334416151047,0.03833334416151047,0.03833334602415562,0.03833334602415562,0.03833334602415562,0.03833334974944592,0.03833334602415562,0.03833334602415562,0.0,0.0,0.0,0.0,0.01123505726456642,0.007760017067193985,0.023788667637854814,0.01961861493065953,0.24826642870903015,-0.03550749644637108,0.0008359536295756698,0.17495879530906677,-0.07867762446403503,0.007477150298655033,0.06041402742266655,0.03235037997364998,-0.01477031596004963,0.08621595799922943,-0.07287831604480743,0.03745102509856224
311,105.42,-1.146091341972351,0.01943654753267765,0.0038596652448177338,0.03833328828215599,0.022756405994296073,0.01557688228785992,0.05228501930832863,0.04958171769976616,-0.0145775331184268,-0.01782149262726307,0.01962069235742092,0.02332068607211113,-0.01943654753267765,-0.014996555633842945,0.15365910530090332,0.1508101373910904,0.03809158131480217,0.0346728153526783,0.04893698915839195,0.05606481060385704,-0.0038596652448177338,0.004693721886724234,0.09561830759048462,0.09291500598192215,0.028755754232406616,0.025511793792247772,0.06295397877693176,0.06665397435426712,0.02389674074947834,0.02833673171699047,0.03833328828215599,0.03833328828215599,0.03833328735083342,0.038333286419510844,0.038333286419510844,0.03833328828215599,0.03833328828215599,0.03833328735083342,0.0,0.0,0.0,0.0,0.00901698961853981,0.00558916375041008,0.022756405994296073,0.018643009830266236,0.244721919298172,-0.033671338111162186,0.0005007846630178392,0.1777094304561615,-0.07977771759033203,0.008047488518059254,0.06506788730621338,0.03262310475111008,-0.014250226318836212,0.08733364939689636,-0.07106985151767731,0.03672301024198532
312,105.83999999999999,-1.150824785232544,0.020265383645892143,0.0037684491835534573,0.03833329014480114,0.021836353819817304,0.01649693632498384,0.04486371949315071,0.042526427656412125,-0.01648351177573204,-0.019288264214992523,0.02019880898296833,0.024059761315584183,-0.020265383645892143,-0.01563224010169506,0.14260272681713104,0.1402190625667572,0.03158801048994064,0.02872762456536293,0.05162700638175011,0.05886136367917061,-0.0037684491835534573,0.004912779200822115,0.0881970077753067,0.08585971593856812,0.02684977650642395,0.024045022204518318,0.06353209912776947,0.06739304959774017,0.023067904636263847,0.02770104818046093,0.03833328828215599,0.03833328828215599,0.03833328828215599,0.038333286419510844,0.03833329014480114,0.03833328828215599,0.03833328828215599,0.03833328828215599,0.0,0.0,0.0,0.0,0.006905092746019363,0.0035316859185695647,0.021836353819817304,0.017788268979638814,0.24186396598815918,-0.031623225659132004,0.0004277584666851908,0.18019764125347137,-0.08055815100669861,0.008591041900217533,0.069064199924469,0.03303436562418938,-0.013545777648687363,0.08806614577770233,-0.06808166950941086,0.03572533652186394
313,106.25999999999999,-1.1556389331817627,0.021464290097355843,0.004045665729790926,0.03833335161209107,0.0209147216565907,0.017418629955500368,0.038141749799251556,0.03612108156085014,-0.009452130645513535,-0.014441259205341339,0.02042909525334835,0.024363290518522263,-0.021464290097355843,-0.016743255779147148,0.1327665001153946,0.130814790725708,0.026055926457047462,0.02371387928724289,0.05417690426111221,0.06143365427851677,-0.004045665729790926,0.00466243177652359,0.08147510141134262,0.07945442944765091,0.025411618873476982,0.022986814379692078,0.06376244127750397,0.06769663840532303,0.021869055926799774,0.02659009024500847,0.03833335161209107,0.03833334788680077,0.029863749518990516,0.03242807358503342,0.03833334602415562,0.03833334788680077,0.03833334602415562,0.03833334602415562,0.0,0.0,0.0,0.0,0.004585537016391754,0.001262984126806259,0.0209147216565907,0.016927658468484878,0.23961663246154785,-0.02944682165980339,0.0003553758142516017,0.18282458186149597,-0.08094044029712677,0.009212126955389977,0.07406754791736603,0.03351585566997528,-0.01256517693400383,0.0888066440820694,-0.0646132156252861,0.03455883264541626
314,106.67999999999999,-1.1605026721954346,0.030663805082440376,0.012370012700557709,0.046111100241541865,0.027817304134368896,0.01829379610717297,0.024103639647364616,0.022369282320141792,0.006609804462641478,0.0015277247875928879,0.012672685086727142,0.016627373173832893,-0.030663805082440376,-0.025918180122971535,0.1158895269036293,0.11434400081634521,0.013370072469115257,0.01151544600725174,0.048712026327848434,0.055944789201021194,-0.012370012700557709,-0.0036906953901052475,0.07521473616361618,0.07348038256168365,0.02430517040193081,0.02222394198179245,0.06378377974033356,0.06773847341537476,0.020447291433811188,0.02519291639328003,0.046111096516251567,0.046111100241541865,0.01269536593928933,0.01569621719419956,0.04611109465360642,0.046111100241541865,0.046111096516251567,0.046111096516251567,0.0,0.0,0.005935097932815552,0.00570849597454071,0.010071753412485122,0.006793684214353561,0.027817304134368896,0.023883611783385276,0.23779577016830444,-0.02728145569562912,0.0003340552793815732,0.1853535771369934,-0.08107530325651169,0.00983304064720869,0.07909928262233734,0.03406418114900589,-0.011488636955618858,0.08942370116710663,-0.0607646182179451,0.03329137712717056
315,107.1,-1.1653790473937988,0.032513327896595,0.013364467769861221,0.04611109931021929,0.026962238252162932,0.019148861058056358,0.018222730606794357,0.01675446704030037,0.021241862326860428,0.016032099723815918,0.01245830487459898,0.01646346226334572,-0.032513327896595,-0.027707137167453766,0.10668902844190598,0.10564317554235458,0.00813255924731493,0.006877530831843615,0.05076829716563225,0.05796125903725624,-0.013364467769861221,-0.004732910078018904,0.06933382898569107,0.06786556541919708,0.022982250899076462,0.021220332011580467,0.06356940418481827,0.06757456064224243,0.018597770482301712,0.023403961211442947,0.046111098378896716,0.046111098378896716,0.0,0.00018823228776454915,0.04611109931021929,0.046111098378896716,0.046111098378896716,0.046111098378896716,0.0,0.0,0.00984969165176153,0.009342801179736852,0.00780110701918602,0.004613301604986191,0.026962238252162932,0.02313687128946185,0.23301702737808228,-0.022884128615260124,-6.571983976755291e-05,0.18815146386623383,-0.08000131696462631,0.010518817231059074,0.0851331278681755,0.03406806290149689,-0.010292037390172482,0.08843794465065002,-0.05615454167127609,0.03165396675467491
316,107.52,-1.1702958345413208,0.035827118903398514,0.015880202874541283,0.046111100241541865,0.026164181418716907,0.01994691882282496,0.01308799721300602,0.011808750219643116,0.03139209374785423,0.026012124493718147,0.011393514461815357,0.015541592612862587,-0.035827118903398514,-0.030849425122141838,0.09994491934776306,0.09931248426437378,0.0034126094542443752,0.002653684699907899,0.0518253929913044,0.05907658115029335,-0.015880202874541283,-0.007178779691457748,0.06419909745454788,0.06291984766721725,0.020357385277748108,0.018822290003299713,0.0625046119093895,0.06665269285440445,0.015283978544175625,0.020261673256754875,0.046111100241541865,0.04611109744757414,0.0,0.0,0.04611109744757414,0.046111100241541865,0.04611109744757414,0.046111098378896716,0.0,0.0,0.011944775823503732,0.011168605303391813,0.005679218918085098,0.002576111704111099,0.026164181418716907,0.022440452948212623,0.22998887300491333,-0.01898350566625595,-0.0002986750623676926,0.19077321887016296,-0.07874572277069092,0.011092524975538254,0.08998294174671173,0.03446992486715317,-0.009062236174941063,0.08762580901384354,-0.050820544362068176,0.029884418472647667
317,107.94,-1.1752128601074219,0.03908919170498848,0.018357988446950912,0.04611109931021929,0.02537989418953657,0.02073120512068272,0.007992006838321686,0.006901883985847235,0.03667159005999565,0.035363443195819855,0.010372637771070004,0.0146633917465806,-0.03908919170498848,-0.03394028916954994,0.09310272336006165,0.09284237027168274,-0.001275726710446179,-0.0015881549334153533,0.05271970480680466,0.06004397198557854,-0.018357988446950912,-0.009568867273628712,0.0591031052172184,0.058012980967760086,0.01778268814086914,0.016474539414048195,0.06148373708128929,0.06577448546886444,0.012021905742585659,0.01717080920934677,0.046111098378896716,0.046111096981912854,0.0,0.0,0.04611109931021929,0.04611109372228384,0.04611109744757414,0.046111098378896716,0.0,0.0,0.014058414851315319,0.013062694347463547,0.0037640322744846343,0.0007305134832859038,0.02537989418953657,0.021739676482975482,0.22713729739189148,-0.01584378071129322,-0.0004368216614238918,0.1926630139350891,-0.07767936587333679,0.011556021869182587,0.09385767579078674,0.034961968660354614,-0.008016995154321194,0.08699667453765869,-0.045793719589710236,0.028299815952777863
318,108.36,-1.1799652576446533,0.04096163809299469,0.01863502524793148,0.046111098844558,0.023784483671188354,0.02232661517336965,0.003308867570012808,0.0022860090248286724,0.03482717648148537,0.033599745482206345,0.011817549355328083,0.01606275886297226,-0.04096163809299469,-0.03586738929152489,0.08654990047216415,0.08649668097496033,-0.005295478738844395,-0.005359341390430927,0.05688491463661194,0.0640958771109581,-0.01863502524793148,-0.009981871582567692,0.05441996455192566,0.05339710786938667,0.015938272699713707,0.01471084263175726,0.06292864680290222,0.06717385351657867,0.010149458423256874,0.015243709087371826,0.046111096981912854,0.046111098844558,0.0,0.0,0.04611109744757414,0.04611109465360642,0.046111096516251567,0.046111098378896716,0.0,0.0,0.0162337514385581,0.015070184022188186,0.001043732166290283,0.0,0.023784483671188354,0.020225580669939517,0.2241184413433075,-0.013364548794925213,-0.0007272955845110118,0.19459713995456696,-0.07711808383464813,0.012083597481250763,0.09859760105609894,0.03535810485482216,-0.007100620307028294,0.08694542944431305,-0.04174758493900299,0.02696077525615692
319,108.78,-1.1846904754638672,0.04244554787874222,0.018397336825728416,0.04611110117286444,0.022062884531915187,0.024048216640949253,-0.0012569872196763754,-0.0022319683339446783,0.03316042572259903,0.03199044615030289,0.013811022974550724,0.017978141084313393,-0.04244554787874222,-0.037445008754730225,0.0803016722202301,0.08040765672922134,-0.009021558798849583,-0.00889438297599554,0.06163816154003143,0.06870777904987335,-0.018397336825728416,-0.009913798421621323,0.049854110926389694,0.04887912794947624,0.014271522872149944,0.013101545162498951,0.06492212414741516,0.06908924132585526,0.008665547706186771,0.013666088692843914,0.04611109814606607,0.04611109628342092,0.0,0.0,0.04611110117286444,0.046111100241541865,0.04611109558492899,0.04611109744757414,0.0,0.0,0.018293081670999526,0.01699592813849449,0.0,0.0,0.022062884531915187,0.018579887114465236,0.2219325304031372,-0.011466942727565765,-0.0007841573096811771,0.19640882313251495,-0.07670744508504868,0.01260257326066494,0.10278386622667313,0.03584986925125122,-0.0061794063076376915,0.08716622740030289,-0.03765617311000824,0.025628115981817245
320,109.2,-1.1894848346710205,0.04403262212872505,0.01872554048895836,0.04611109931021929,0.02080401487648487,0.02530708443373442,-0.005115710198879242,-0.0059629459865391254,0.031442102044820786,0.0304254163056612,0.014867421239614487,0.01920519396662712,-0.04403262212872505,-0.03882729634642601,0.07547898590564728,0.07580531388521194,-0.011907377280294895,-0.01151578314602375,0.0649246871471405,0.07209917157888412,-0.01872554048895836,-0.010116154327988625,0.04599538818001747,0.045148152858018875,0.012553197331726551,0.01153651438653469,0.0659785196185112,0.07031629234552383,0.007078474387526512,0.012283802963793278,0.046111098378896716,0.046111098844558,0.0,0.0,0.046111098378896716,0.046111098378896716,0.046111096516251567,0.04611109931021929,0.0,0.0,0.019460574612021445,0.01805229753255844,0.0,0.0,0.02080401487648487,0.0173999572917819,0.21986538171768188,-0.009996791370213032,-0.0005067574675194919,0.19784004986286163,-0.07646612823009491,0.013081681914627552,0.10574318468570709,0.0365758016705513,-0.005338374525308609,0.0877421498298645,-0.03326898813247681,0.024269739165902138
321,109.61999999999999,-1.1943548917770386,0.04585885629057884,0.019798418506979942,0.04611109931021929,0.020050658732652663,0.026060440577566627,-0.008229042403399944,-0.008858544752001762,0.02962956205010414,0.02887416072189808,0.014781544916331768,0.01956174522638321,-0.04585885629057884,-0.0401226170361042,0.07209083437919617,0.07271154224872589,-0.013972857035696507,-0.013228003866970539,0.06645943224430084,0.0740046501159668,-0.019798418506979942,-0.01074416097253561,0.042882055044174194,0.0422525517642498,0.010740659199655056,0.009985256940126419,0.06589264422655106,0.07067283987998962,0.005252240225672722,0.010988479480147362,0.04611109744757414,0.046111096516251567,0.0,0.0,0.04611109931021929,0.04611109465360642,0.046111096516251567,0.046111096516251567,0.0,0.0,0.01971351623535156,0.018213260807096957,0.0,0.0,0.020050658732652663,0.01673264045268297,0.21766233444213867,-0.008881703019142151,-7.377105066552758e-05,0.19874948263168335,-0.07634276151657104,0.013480180874466896,0.10765810310840607,0.03743665665388107,-0.004657679237425327,0.08850421011447906,-0.029022157192230225,0.02300167828798294
322,110.03999999999999,-1.1992255449295044,0.04752565547823906,0.0206131711602211,0.04611109931021929,0.019908222258090972,0.02620287705212832,-0.01108208391815424,-0.011518076993525028,0.028015069663524628,0.02749187871813774,0.014924149960279465,0.020075654610991478,-0.04752565547823906,-0.041343849152326584,0.06906823813915253,0.06994546204805374,-0.015782054513692856,-0.014729388989508152,0.06820124387741089,0.0760510191321373,-0.0206131711602211,-0.011193444021046162,0.04002901539206505,0.03959302231669426,0.009126167744398117,0.008602975867688656,0.06603524833917618,0.07118675112724304,0.003585442202165723,0.009767248295247555,0.04611109931021929,0.04611109931021929,0.0,0.0,0.046111098378896716,0.046111096516251567,0.046111097680404785,0.04611109744757414,0.0,0.0,0.019908222258090972,0.018332364857196807,0.0,0.0,0.01919861336238682,0.015960692316293715,0.21599841117858887,-0.008093604817986488,0.0001845539518399164,0.19948828220367432,-0.07619035243988037,0.013821639120578766,0.10977848619222641,0.038183316588401794,-0.004050585441291332,0.08919553458690643,-0.02557603269815445,0.021947139874100685
323,110.46,-1.204101800918579,0.0556645505130291,0.027494432404637337,0.05388884980231524,0.027627519220113753,0.026261330582201484,-0.019421905279159546,-0.019928880035877228,0.02029765583574772,0.0196892861276865,0.009307089261710644,0.014192280359566212,-0.0556645505130291,-0.04980232194066048,0.06101137399673462,0.06187951937317848,-0.023441016674041748,-0.022399242967367172,0.06475018709897995,0.07229656726121902,-0.027494432404637337,-0.018438780680298805,0.039466943591833115,0.03895996883511543,0.009186502546072006,0.008578133769333363,0.06819593906402588,0.0730811282992363,0.0032242969609797,0.009086526930332184,0.05388884887099266,0.05388884887099266,0.0,0.0,0.05388884980231524,0.05388884793967009,0.0538888474740088,0.05388884887099266,0.0,0.0,0.027627519220113753,0.025977376736700534,0.0,0.0,0.025718729365617036,0.022525307610630988,0.21529792249202728,-0.007492797449231148,-0.00010453812137711793,0.20072239637374878,-0.07566427439451218,0.014282658696174622,0.11439761519432068,0.03871697187423706,-0.0031309279147535563,0.09016455709934235,-0.02322474494576454,0.021033871918916702
324,110.88,-1.2089776992797852,0.055948201566934586,0.02615514025092125,0.05388884980231524,0.029403925761580466,0.02448492404073477,-0.019980216398835182,-0.02055806666612625,0.020361457020044327,0.019668037071824074,0.011529105715453625,0.016147032380104065,-0.055948201566934586,-0.05040668696165085,0.05978759750723839,0.06107969954609871,-0.025153622031211853,-0.023603100329637527,0.07182986289262772,0.07904858887195587,-0.02615514025092125,-0.01749267242848873,0.03890863060951233,0.03833078220486641,0.009250303730368614,0.008556884713470936,0.07041795551776886,0.07503587752580643,0.0029406470712274313,0.008482159115374088,0.053888847008347514,0.05388884887099266,0.0,0.0,0.05388884980231524,0.053888845145702365,0.05388884863816202,0.05388884607702494,0.0,0.0,0.029403925761580466,0.027159985043108462,0.0,0.0,0.02409578732214868,0.02097483154386282,0.21535083651542664,6.264448165893555e-05,-0.0017153613734990358,0.19684770703315735,-0.06432520598173141,0.016601532697677612,0.1252676546573639,0.041490696370601654,4.677032120525837e-05,0.09015681594610214,-0.008880386129021645,0.01765723153948784
325,111.3,-1.2137566804885864,0.05457570403814316,0.02530457265675068,0.053888848405331376,0.029715300425887107,0.02417354797944427,-0.01972017250955105,-0.02048480324447155,0.02052188105881214,0.01960432343184948,0.017357833683490753,0.021872535347938538,-0.05457570403814316,-0.04915805906057358,0.06081525236368179,0.062247127294540405,-0.02530457265675068,-0.023586321622133255,0.08295761048793793,0.0900140181183815,-0.021881459280848503,-0.01341377105563879,0.03916867449879646,0.03840404376387596,0.009410727769136429,0.008493172004818916,0.07624667882919312,0.0807613804936409,0.004313144367188215,0.009730787016451359,0.053888847008347514,0.053888847008347514,0.0,0.0,0.053888845145702365,0.053888845145702365,0.053888848405331376,0.05388884607702494,0.0,0.0,0.029715300425887107,0.02707949362695217,0.0,0.0,0.021194603648036717,0.018144558072090148,0.21637743711471558,0.005014483816921711,-0.0029542697593569756,0.19590787589550018,-0.0566914938390255,0.01836254447698593,0.13451069593429565,0.043982453644275665,0.0024470379576087,0.09237522631883621,0.0015777316875755787,0.015156112611293793
326,111.72,-1.2184970378875732,0.05228548124432564,0.024384938180446625,0.05388884980231524,0.029018095582723617,0.02487075421959162,-0.01911069080233574,-0.020109355449676514,0.020744308829307556,0.019545910879969597,0.024819394573569298,0.029287654906511307,-0.05228548124432564,-0.046923570334911346,0.06336315721273422,0.06475801765918732,-0.024384938180446625,-0.02271110936999321,0.09541843831539154,0.10237681865692139,-0.016249511390924454,-0.007899449206888676,0.03977815806865692,0.03877949342131615,0.009633157402276993,0.008434758521616459,0.08370824158191681,0.08817650377750397,0.006603367626667023,0.011965279467403889,0.05388884887099266,0.05388884887099266,0.0,0.0,0.053888847008347514,0.05388884887099266,0.05388884887099266,0.05388884980231524,0.0,0.0,0.029018095582723617,0.026145867891609668,0.0,0.0,0.017852879017591475,0.014864728674292563,0.21952949464321136,0.007766250055283308,-0.003557383082807064,0.19662541151046753,-0.051596466451883316,0.019687470048666,0.14146676659584045,0.04640992730855942,0.004356797784566879,0.09581715613603592,0.009814288467168808,0.013229671865701675
327,112.14,-1.223217487335205,0.0494302362203598,0.02184799313545227,0.05388885259628296,0.02746668819338083,0.02642216440290213,-0.01769145391881466,-0.018893200904130936,0.0217298474162817,0.02028775028884411,0.031997013837099075,0.03647003322839737,-0.0494302362203598,-0.04406261071562767,0.06767253577709198,0.06896959990262985,-0.02184799313545227,-0.020291520282626152,0.10642177611589432,0.11333111673593521,-0.010701880790293217,-0.0024106658529490232,0.04119739308953285,0.039995647966861725,0.010618695057928562,0.00917659793049097,0.09088586270809174,0.09535888582468033,0.009458610787987709,0.014826235361397266,0.053888847008347514,0.05388884887099266,0.0,0.0,0.05388884887099266,0.05388885259628296,0.053888847008347514,0.05388884607702494,0.0,0.0,0.02746668819338083,0.02446811821311712,0.0,0.0,0.015160491578280925,0.012236901214346289,0.22455421090126038,0.008851485326886177,-0.0034371628426015377,0.1978011429309845,-0.048138201236724854,0.020630765706300735,0.14546969532966614,0.048845186829566956,0.005830931942909956,0.09965179115533829,0.016805849969387054,0.01171206496655941
328,112.56,-1.227898359298706,0.04592331126332283,0.016886131837964058,0.05388884887099266,0.02501279104501009,0.028876057825982574,-0.014654572121798992,-0.015996625646948814,0.02423781156539917,0.022627346217632294,0.038248468190431595,0.04284391179680824,-0.04592331126332283,-0.04040878266096115,0.07438219338655472,0.07557892799377441,-0.016886131837964058,-0.015450043603777885,0.11510121822357178,0.12205441296100616,-0.005610603839159012,0.002733225002884865,0.044234275817871094,0.0428922213613987,0.013126659207046032,0.011516193859279156,0.09713731706142426,0.1017327606678009,0.012965535745024681,0.01848006621003151,0.05388884793967009,0.053888847008347514,0.0,0.0,0.05388884887099266,0.05388884887099266,0.053888847008347514,0.05388884887099266,0.0,0.0,0.02501279104501009,0.02196623746305704,0.0,0.0,0.013576139584183692,0.010746841207146644,0.23029308021068573,0.008728547021746635,-0.002797755179926753,0.1987210214138031,-0.04585069790482521,0.021242689341306686,0.14683783054351807,0.051196154206991196,0.006810837425291538,0.10350668430328369,0.02247283235192299,0.010629488155245781
329,112.97999999999999,-1.232578992843628,0.042329784482717514,0.01154045108705759,0.05388884887099266,0.02224094409495592,0.03164790477603674,-0.01155222486704588,-0.013035702519118786,0.026811646297574043,0.025031473487615585,0.0445505827665329,0.04926331713795662,-0.042329784482717514,-0.03667450323700905,0.08140398561954498,0.0824451893568039,-0.01154045108705759,-0.01029101200401783,0.12363079190254211,0.13062597811222076,-0.0002886737056542188,0.008105553686618805,0.04733662307262421,0.0458531454205513,0.01570049300789833,0.013920321129262447,0.10343942791223526,0.10815216600894928,0.016559062525629997,0.022214343771338463,0.05388884793967009,0.05388884793967009,0.0,0.0,0.053888845145702365,0.05388884887099266,0.053888847008347514,0.053888847008347514,0.0,0.0,0.02224094409495592,0.019211333133280276,0.0,0.0,0.011847736231284215,0.009108790084719657,0.23640882968902588,0.007591641508042812,-0.0021557991858571768,0.19985294342041016,-0.044627465307712555,0.02165725827217102,0.14783437550067902,0.05325992405414581,0.007417844608426094,0.10762317478656769,0.025825761258602142,0.010132160037755966
330,113.39999999999999,-1.237233281135559,0.03952233865857124,0.005999917164444923,0.05388884887099266,0.018386985063552855,0.035501863807439804,-0.008699757046997547,-0.010507975704967976,0.028498221188783646,0.02632835879921913,0.04943900927901268,0.05399215966463089,-0.03952233865857124,-0.03405855968594551,0.08908231556415558,0.08976821601390839,-0.005999917164444923,-0.00517683569341898,0.13058392703533173,0.13736523687839508,0.004126726649701595,0.012264302000403404,0.05018908903002739,0.04838087037205696,0.017387067899107933,0.015217206440865993,0.10832785815000534,0.11288100481033325,0.019366508349776268,0.02483028918504715,0.05388884607702494,0.05388884607702494,0.0,0.0,0.05388884887099266,0.053888845145702365,0.053888847008347514,0.05388884887099266,0.0,0.0,0.018386985063552855,0.015394042134284972,0.0,0.0,0.010239781700074672,0.007565987184643745,0.24251025915145874,0.005793444812297821,-0.001657790271565318,0.2012314349412918,-0.044150371104478836,0.02202596701681614,0.14925658702850342,0.05499695986509323,0.007891795597970486,0.1118742823600769,0.027315819635987282,0.010032232850790024
331,113.82,-1.2418859004974365,0.04444635286927223,0.007990800775587559,0.06166665989905596,0.022137382887303828,0.03952927701175213,-0.01352244708687067,-0.015665732324123383,0.02247992530465126,0.019907981157302856,0.046532437205314636,0.0509161613881588,-0.04444635286927223,-0.03918588533997536,0.0890611931681633,0.08935091644525528,-0.007990800775587559,-0.007643130142241716,0.12928178906440735,0.13584546744823456,0.0006349344621412456,0.008511349558830261,0.05314421281218529,0.05100092664361,0.01914658211171627,0.016574639827013016,0.11319909244775772,0.11758282035589218,0.022220304235816002,0.027480773627758026,0.06166665989905596,0.061666658967733386,0.0,0.0,0.06166665524244309,0.061666658967733386,0.061666657105088236,0.061666658967733386,0.0,0.0,0.022137382887303828,0.01921776996925473,0.0,0.0,0.016585369773674755,0.013969424068927764,0.24839931726455688,0.0034379353746771812,-0.0011309063993394375,0.202294260263443,-0.04440790042281151,0.022227661684155464,0.1498517245054245,0.05652468651533127,0.008036894723773003,0.11591672897338867,0.027483932673931122,0.01031097024679184
332,114.24,-1.2465739250183105,0.04214756190776825,0.003844530787318945,0.061666658967733386,0.01888730039820075,0.04277935856953263,-0.011074255220592022,-0.013403498567640781,0.023376110941171646,0.020581018179655075,0.050672583281993866,0.054877329617738724,-0.04214756190776825,-0.0371018648147583,0.09508845210075378,0.09517426788806915,-0.003844530787318945,-0.0037415502592921257,0.13498389720916748,0.14132100343704224,0.004291543737053871,0.01189608033746481,0.05559240281581879,0.05326315760612488,0.020042769610881805,0.017247676849365234,0.11733923852443695,0.1215439885854721,0.024519095197319984,0.029564790427684784,0.06166665803641081,0.06166665617376566,0.0,0.0,0.06166665524244309,0.061666658967733386,0.061666657105088236,0.06166665524244309,0.0,0.0,0.01888730039820075,0.01598922710865736,0.0,0.0,0.015227551460266112,0.012668710090219974,0.25069954991340637,0.002721673110499978,-0.0011437830980867147,0.2040906548500061,-0.044375479221343994,0.022559087723493576,0.15238702297210693,0.0574103444814682,0.008066011592745781,0.11941869556903839,0.026709221303462982,0.010627343319356441
333,114.66,-1.2512881755828857,0.04018077254295349,0.0004334193072281778,0.06166665989905596,0.015654983265558257,0.0460116766334977,-0.008997597731649876,-0.011403136886656284,0.02363675832748413,0.02075011096894741,0.05435403436422348,0.05836975947022438,-0.04018077254295349,-0.03536190092563629,0.10058492422103882,0.10051671415567398,-0.00035156626836396754,-0.0004334193072281778,0.1394735872745514,0.14561033248901367,0.00703017134219408,0.014394271187484264,0.057669058442115784,0.05526352301239967,0.02030341699719429,0.01741676963865757,0.12102068960666656,0.12503641843795776,0.026485884562134743,0.03130475804209709,0.06166665617376566,0.06166665989905596,0.0,0.0,0.06166665524244309,0.061666658967733386,0.061666657105088236,0.061666658967733386,0.0,0.0,0.015654983265558257,0.012850188945885747,0.0,0.0,0.014455713219940661,0.011910486854612826,0.25327813625335693,0.001325512188486755,-0.0010534661123529077,0.20565566420555115,-0.045012217015028,0.022791653871536255,0.15380270779132843,0.05832405388355255,0.007949363440275192,0.12315046787261963,0.02544577419757843,0.011103803291916847
334,115.08,-1.2560232877731323,0.038200899958610535,0.0,0.061666658967733386,0.013410047516226768,0.048256611451506615,-0.006780133582651615,-0.009260755963623524,0.0239936001598835,0.02101685293018818,0.05775965005159378,0.06159685179591179,-0.038200899958610535,-0.033596258610486984,0.10768692195415497,0.10762874037027359,0.003676152089610696,0.0036063320003449917,0.1443808227777481,0.15025965869426727,0.01005571149289608,0.0171103086322546,0.059886522591114044,0.057405900210142136,0.02066025882959366,0.01768351159989834,0.12442630529403687,0.12826350331306458,0.02846575900912285,0.0330704003572464,0.06166665617376566,0.06166665617376566,0.0,0.0,0.06166665524244309,0.06166665151715279,0.061666658967733386,0.061666658967733386,0.0,0.0,0.011984106739982962,0.009077179599553346,0.0,0.0,0.013410047516226768,0.010960091724991797,0.2611025869846344,0.0016799340955913067,-0.0023754467256367207,0.2058345079421997,-0.04162167012691498,0.024277804419398308,0.16121557354927063,0.05896667763590813,0.008659696206450462,0.12201818078756332,0.026630643755197525,0.010449495166540146
335,115.5,-1.260847568511963,0.036763470619916916,0.0,0.061666662693023684,0.013834490329027175,0.047832172363996506,-0.0042896815575659275,-0.0068285041488707066,0.024415289983153343,0.02136870287358761,0.0594574511051178,0.0631675198674202,-0.036763470619916916,-0.032311391085386276,0.11469344049692154,0.11459188163280487,0.007629104889929295,0.007507229223847389,0.1459053009748459,0.15162749588489532,0.011068698018789291,0.01793532818555832,0.062376976013183594,0.059838153421878815,0.021081946790218353,0.018035361543297768,0.12612411379814148,0.12983417510986328,0.029903188347816467,0.03435526788234711,0.061666657570749524,0.061666657570749524,0.0,0.0,0.061666662693023684,0.06166665524244309,0.061666658967733386,0.061666658967733386,0.0,0.0,0.008452841900289058,0.005528132319450378,0.0,0.0,0.013834490329027175,0.011419939696788787,0.269135057926178,0.0014173551462590694,-0.0029801141936331987,0.20509271323680878,-0.03859327733516693,0.02502261847257614,0.16362369060516357,0.05971565097570419,0.008927381597459316,0.12116463482379913,0.0277972761541605,0.010205375030636787
336,115.92,-1.2656718492507935,0.035253945738077164,0.0,0.061666662693023684,0.014277219660580157,0.04738944303244352,-0.0017489842139184475,-0.0043485332280397415,0.024894915521144867,0.02177545800805092,0.0612243227660656,0.06481426954269409,-0.035253945738077164,-0.03059278056025505,0.12104939669370651,0.12085096538066864,0.011418183334171772,0.011180060915648937,0.14732372760772705,0.1529141217470169,0.012135489843785763,0.018843960016965866,0.0649176761507988,0.06231812387704849,0.021561574190855026,0.01844211481511593,0.12789097428321838,0.13148093223571777,0.03141270950436592,0.03572065383195877,0.06166666036471725,0.061666657105088236,0.0,0.0,0.06166665151715279,0.061666662693023684,0.06166665524244309,0.061313434392213824,0.0,0.0,0.005143390856683254,0.0022620538994669913,0.0,0.0,0.014277219660580157,0.011876693814992904,0.27505940198898315,0.0006199405761435628,-0.0034211897291243076,0.2043890655040741,-0.03681660443544388,0.025440683588385582,0.1647811233997345,0.060385994613170624,0.008785011246800423,0.12146027386188507,0.027535175904631615,0.010458672419190407
337,116.33999999999999,-1.2705787420272827,0.02806977741420269,0.0,0.061666662693023684,0.01340970106422901,0.04825696162879467,-0.00043335353257134557,-0.003232627408578992,0.02557436190545559,0.022215234115719795,0.06556959450244904,0.06886717677116394,-0.02806977741420269,-0.023052362725138664,0.12514878809452057,0.12467838078737259,0.01462971419095993,0.014065219089388847,0.1524924784898758,0.15776903927326202,0.01625831611454487,0.022590190172195435,0.0662333071231842,0.06343402713537216,0.02224102057516575,0.018881892785429955,0.13223625719547272,0.13553383946418762,0.03466801717877388,0.038625117391347885,0.06166666065575555,0.061666654543951156,0.0,0.0,0.061666662693023684,0.061666662693023684,0.05773779459297657,0.05667748011648655,0.0,0.0,0.002611306384205818,0.0,0.0,0.0,0.01340970106422901,0.01103492721915245,0.2779792547225952,-0.0008201965829357505,-0.00394135806709528,0.20466166734695435,-0.037094201892614365,0.02587796002626419,0.1671210080385208,0.06077351048588753,0.008368268609046936,0.12340468913316727,0.025096047669649124,0.011184681206941605
338,116.75999999999999,-1.2755049467086792,0.021393435075879097,0.0,0.06166665663942695,0.012500547692179679,0.04916610894724727,0.000652081158477813,-0.002383218612521887,0.02636154368519783,0.022719183936715126,0.07063338905572891,0.07360409945249557,-0.021393435075879097,-0.016054997220635414,0.12896525859832764,0.1281731128692627,0.017915554344654083,0.016964983195066452,0.15833471715450287,0.16325846314430237,0.020960690453648567,0.026869194582104683,0.06731873750686646,0.06428343802690506,0.02302820235490799,0.019385842606425285,0.137300044298172,0.14027075469493866,0.03846123814582825,0.0420260950922966,0.061666656348388645,0.06166665663942695,0.0,0.0,0.06166665524244309,0.06166665524244309,0.05485467322170735,0.05308109231293202,0.0,0.0,0.00011264801025390615,0.0,0.0,0.0,0.012500547692179679,0.010156900510191916,0.28059977293014526,-0.0024849872570484877,-0.004188027232885361,0.20524945855140686,-0.038041021674871445,0.026222141459584236,0.16869202256202698,0.06115330010652542,0.007962435483932495,0.1257498860359192,0.022735588252544403,0.011884359642863274
339,117.17999999999999,-1.2804869413375854,0.010528146289288998,0.0,0.06944441318511962,0.021038896292448043,0.048405516892671585,-0.0052701253443956375,-0.008495951071381569,0.019173718988895416,0.015302727930247784,0.0649455115199089,0.06761802732944489,-0.010528146289288998,-0.005004652310162783,0.12665481865406036,0.12559354305267334,0.014213921502232552,0.012940376065671444,0.15204472839832306,0.15668945014476776,0.014848988503217697,0.020422669127583504,0.06917428225278854,0.06594845652580261,0.023618126288056374,0.019747136160731316,0.13938991725444794,0.14206244051456451,0.04088788479566574,0.04409490525722504,0.06944440759718418,0.06944440759718418,0.0,0.0,0.06944440573453903,0.06944441318511962,0.04641603108495474,0.04409955756738782,0.0,0.0,0.004404204785823822,0.0018067600950598716,0.0,0.0,0.021038896292448043,0.018672236129641532,0.28402215242385864,-0.004047303460538387,-0.004104373510926962,0.20544470846652985,-0.03854992985725403,0.026403794065117836,0.16828346252441406,0.06164783239364624,0.00765021238476038,0.1276809275150299,0.02142259106040001,0.012383470311760902
340,117.6,-1.285543441772461,0.005715793929994106,0.0,0.06944441132247448,0.023572003357112407,0.04587240796536207,-0.0023622121661901474,-0.005715793929994106,0.019530218094587326,0.01550592016428709,0.06305871158838272,0.06546421349048615,0.005902727134525776,0.011428240686655045,0.1332273781299591,0.13206592202186584,0.01846412941813469,0.017070379108190536,0.14831644296646118,0.15273916721343994,0.012913917191326618,0.01822119578719139,0.07208219915628433,0.06872861087322235,0.023974627256393433,0.019950328394770622,0.13750311732292175,0.13990861177444458,0.041485920548439026,0.04437251761555672,0.06944441132247448,0.06944440480321645,0.0,0.0,0.06944440573453903,0.06944439828395843,0.03058319341391325,0.02794427692890167,0.0,0.0,0.0005104978382587432,0.0,0.0,0.0,0.023572003357112407,0.021151321828365325,0.28534945845603943,-0.003391236998140812,-0.004351577255874872,0.20572513341903687,-0.037395499646663666,0.026547349989414215,0.16821038722991943,0.06179036945104599,0.007458815351128578,0.12790937721729279,0.021181385964155197,0.012551635503768921
341,118.02,-1.2906064987182617,0.002810769248753786,0.0,0.0694444077135995,0.026335254199802875,0.04310915351379663,0.0006718764780089259,-0.002810769248753786,0.020004622638225555,0.01582544855773449,0.06106887012720108,0.0632181391119957,0.022557657212018967,0.028087807819247246,0.1394680291414261,0.13817468285560608,0.022623157128691673,0.02107113227248192,0.1440766602754593,0.14830374717712402,0.010786223225295544,0.015858713537454605,0.07511628419160843,0.07163363695144653,0.024449031800031662,0.020269857719540596,0.1355132758617401,0.13766254484653473,0.04212147742509842,0.04470059648156166,0.0694444077135995,0.06944440620020031,0.0,0.0,0.06944440573453903,0.06944440573453903,0.014563820213079452,0.011612788662314414,0.0,0.0,0.0,0.0,0.0,0.0,0.026335254199802875,0.023841882944107055,0.2860116958618164,-0.003202566411346197,-0.004657472483813763,0.205401211977005,-0.03673230856657028,0.026497241109609604,0.16737084090709686,0.061866313219070435,0.006976915057748556,0.12800756096839905,0.020004507154226303,0.013022463768720627
342,118.44,-1.2957980632781982,1.8430793716106564e-05,0.0,0.06944441318511962,0.031498712608590725,0.0379457005765289,0.0035573416389524937,-1.8430793716106564e-05,0.01993279531598091,0.015641868114471436,0.053724586963653564,0.05578569322824478,0.0352109856903553,0.03768431395292282,0.14528204500675201,0.14389950037002563,0.0261751227080822,0.024516059085726738,0.13209812343120575,0.1363667994737625,0.0031566822435706854,0.00827910378575325,0.07800175249576569,0.07442598044872284,0.024377204477787018,0.020086277276277542,0.1281690001487732,0.1302300989627838,0.03965539485216141,0.04212872311472893,0.06944441085681319,0.06944441124243894,0.0,0.0,0.06944441318511962,0.06944440573453903,0.0,0.0,0.0,0.0,0.0,0.0,0.0,0.0,0.031498712608590725,0.028849619328975677,0.28698083758354187,-0.003022874007001519,-0.004605528898537159,0.20343619585037231,-0.03553656488656998,0.026083489879965782,0.162797212600708,0.06198985129594803,0.006159267388284206,0.12681759893894196,0.019553808495402336,0.013513481244444847
343,118.86,-1.3009897470474243,0.0,0.0037637511268258095,0.06944440945982933,0.03640612948685885,0.03303827997297048,0.006593025289475918,0.0029235396068543196,0.020028797909617424,0.01562541536986828,0.046730928122997284,0.04869337007403374,0.03319796919822693,0.03555290028452873,0.15012270212173462,0.14864583313465118,0.02914610505104065,0.027373865246772766,0.12048796564340591,0.12478109449148178,-0.0037637511268258095,0.0013880005571991205,0.08103743195533752,0.07736794650554657,0.02447320520877838,0.020069822669029236,0.12117533385753632,0.12313777953386307,0.037642378360033035,0.03999730944633484,0.0694444066658616,0.06944440689869225,0.0,0.0,0.06944440573453903,0.06944440945982933,0.0,0.0,0.0,0.0,0.0,0.0,0.0,0.0,0.03640612948685885,0.03360930888913572,0.2857266962528229,-0.0027070483192801476,-0.004988336004316807,0.20099970698356628,-0.034577108919620514,0.02558976784348488,0.1591237485408783,0.06173174828290939,0.005124262999743223,0.12508895993232727,0.017594173550605774,0.014327500015497208
344,119.28,-1.306278944015503,0.0,0.009296685457229614,0.06944441318511962,0.04040867730975151,0.02903573587536811,0.007186718285083771,0.003483119187876582,0.019310494884848595,0.014866175130009651,0.04128684103488922,0.04312489181756973,0.03166758641600609,0.03387324512004852,0.15158317983150482,0.15001952648162842,0.030107134953141212,0.028230756521224976,0.11006277054548264,0.11429326981306076,-0.009296685457229614,-0.004220089875161648,0.0816311240196228,0.07792752981185913,0.0237549040466547,0.019310584291815758,0.11573124676942825,0.11756930500268936,0.036111991852521896,0.03831765428185463,0.06944440573453903,0.06944441062398254,0.0,0.0,0.06944440573453903,0.06944441318511962,0.0,0.0,0.0,0.0,0.0,0.0,0.0006684762239456176,0.0,0.04040867730975151,0.03753774415701628,0.28571924567222595,-0.0035313540138304234,-0.005707112606614828,0.19897161424160004,-0.03654146194458008,0.02519233338534832,0.15639850497245789,0.05946088582277298,0.003731953212991357,0.12000326067209244,0.010429205372929573,0.015724919736385345
345,119.69999999999999,-1.3116167783737183,0.0,0.013757134787738323,0.0694444103911519,0.04356932442635298,0.02587508596479892,0.006540964357554913,0.0028326138854026794,0.018160847947001457,0.013710826635360718,0.036606427282094955,0.03830655291676521,0.030367780476808548,0.03240793198347092,0.1500788778066635,0.14847679436206818,0.02893352508544922,0.027011031284928322,0.10129208117723465,0.10544199496507645,-0.013757134787738323,-0.008777241222560406,0.08098537474870682,0.07727701961994171,0.022605255246162415,0.018155235797166824,0.11105083674192429,0.11275096237659454,0.034812189638614655,0.03685234114527702,0.0694444103911519,0.06944440573453903,0.0,0.0,0.06944440945982933,0.06944440945982933,0.0,0.0,0.0,0.0,0.0,0.0,0.004758755564689636,0.002308967411518097,0.04356932442635298,0.04062958236783743,0.28343671560287476,-0.0037201251834630966,-0.006569020450115204,0.19676989316940308,-0.03797289356589317,0.024785136803984642,0.15421271324157715,0.057488519698381424,0.002363828709349036,0.11569230258464813,0.004330562427639961,0.017015086486935616
346,120.11999999999999,-1.3170002698898315,0.0,0.018116964027285576,0.0694444120209664,0.04674103192985058,0.022703380091115825,0.0062309312634170055,0.002530240686610341,0.017056848853826523,0.012616019695997238,0.031568001955747604,0.03310569003224373,0.029179660603404045,0.031024886295199394,0.14879773557186127,0.14719487726688385,0.02781970240175724,0.025896281003952026,0.09246482700109482,0.09651254862546921,-0.018116964027285576,-0.013259691186249256,0.08067534118890762,0.07697465270757675,0.02150125615298748,0.017060428857803345,0.10601241141557693,0.10755009949207306,0.033624067902565,0.03546929359436035,0.06944440992549061,0.0694444120209664,0.0,0.0,0.06944440945982933,0.06944440945982933,0.0,0.0,0.0,0.0,0.0,0.0,0.008547584414482116,0.006037550866603851,0.04674103192985058,0.04372898478060961,0.27984538674354553,-0.003169046714901924,-0.007507767528295517,0.1947130560874939,-0.038686465471982956,0.02447543665766716,0.15266907215118408,0.05580076575279236,0.0012989577371627092,0.11199573427438736,-0.0002742751967161894,0.017974697053432465
347,120.53999999999999,-1.3224972486495972,0.0046941800974309444,0.0,0.0772222176939249,0.026482126330956816,0.05074009136296809,-0.0010313853854313493,-0.0046941800974309444,0.008277058601379395,0.0038817054592072964,0.017745306715369225,0.019058166071772575,0.02034889906644821,0.021924329921603203,0.1411965936422348,0.13962815701961517,0.019855277612805367,0.01797316037118435,0.0746789202094078,0.07858704775571823,0.0010889919940382242,0.005338819697499275,0.08119083195924759,0.07752803713083267,0.020499277859926224,0.016103923320770264,0.09996752440929413,0.10128038376569748,0.03257111832499504,0.03414655104279518,0.07722221734467893,0.07722221722826361,0.007222219258546829,0.007222217861562967,0.0772222176939249,0.0772222176939249,0.007222219258546829,0.007222221121191978,0.0,0.0,0.0,0.0,0.02028860419988632,0.017693336009979247,0.026482126330956816,0.023807731345295905,0.2753804922103882,-0.002070767804980278,-0.00853843241930008,0.19274577498435974,-0.0387357622385025,0.024249937385320663,0.15152092278003693,0.05430816859006882,0.0005256108706817031,0.10871864855289459,-0.0037829079665243626,0.01866762898862362
348,120.96,-1.3279942274093628,0.004040559288114309,0.0,0.07722222095355391,0.02538787841796875,0.051834342535585165,-0.00041198995313607156,-0.004040559288114309,0.007383218500763178,0.0030289352871477604,0.012142064049839973,0.013864570297300816,0.01963488571345806,0.020920734852552414,0.14273187518119812,0.14124919474124908,0.020498063415288925,0.018718836829066277,0.06380078941583633,0.067528635263443,0.026097329333424568,0.029780680313706398,0.08181022852659225,0.0781816616654396,0.01960543729364872,0.015251154080033302,0.09418866783380508,0.09526021033525467,0.03185710310935974,0.03314295411109924,0.07722221847972832,0.07722222095355391,0.007222218792885542,0.007222218792885542,0.0770466037839651,0.07639564003795385,0.00722221739590168,0.007222219258546829,0.0,0.0,0.0,0.0,0.02538787841796875,0.022731575071811675,0.0007597737759351729,0.0,0.27408790588378906,-0.0001316567650064826,-0.009553523734211922,0.19044050574302673,-0.03715704753994942,0.024079998955130577,0.1451992392539978,0.05248492956161499,0.0004306905611883849,0.10565558820962906,-0.007339761592447758,0.01922111213207245
349,121.38,-1.3336007595062256,0.002017777878791094,0.0,0.07722222072072327,0.030902626812458037,0.04631959390826523,0.001597205875441432,-0.002017777878791094,0.0064685530960559845,0.0021305729169398546,0.017185740172863007,0.01996506005525589,0.018308527767658234,0.019399303942918777,0.14808693528175354,0.1466338336467743,0.02344731241464615,0.021703578531742096,0.05264086276292801,0.05627937614917755,0.02984440140426159,0.03421061486005783,0.0838194265961647,0.08020444214344025,0.018690772354602814,0.014352791011333466,0.08854348957538605,0.08945246785879135,0.030530747026205063,0.03162152320146561,0.07722222072072327,0.07722222002223134,0.007222219258546829,0.007222218094393611,0.06635774940252304,0.06448740780353546,0.007222219258546829,0.007222219258546829,0.0,0.0,0.0,0.0,0.030902626812458037,0.0281730917096138,0.0,0.0,0.2775779962539673,0.0004246484604664147,-0.010273458436131477,0.18674466013908386,-0.03493313863873482,0.02368970401585102,0.13413378596305847,0.0508786104619503,0.0006946005159988999,0.10331907123327255,-0.011431141756474972,0.01995590142905712
350,121.8,-1.3392188549041748,0.0,0.0,0.07722222165204584,0.03579031199216843,0.04143190965987741,0.003891141852363944,0.00028813359676860273,0.005712245125323534,0.0013886354863643646,0.03115753084421158,0.03354908525943756,0.01713903807103634,0.01803014799952507,0.15272845327854156,0.1512654423713684,0.02597898803651333,0.024223385378718376,0.04230259358882904,0.045858487486839294,0.025826947763562202,0.030094023793935776,0.08611336350440979,0.08251035213470459,0.017934463918209076,0.01361085381358862,0.08309290558099747,0.08383549749851227,0.029361257329583168,0.0302523672580719,0.07722222165204584,0.07722221853793598,0.007222218792885542,0.0072222183272242545,0.04693537473678589,0.04528641223907471,0.007222219258546829,0.007222219258546829,0.0,0.0,0.0,0.0,0.03579031199216843,0.032977010011672976,0.0,0.0,0.2790790796279907,0.0004364820779301226,-0.011121475137770176,0.18252287805080414,-0.033291593194007874,0.02317490056157112,0.12419697642326355,0.049345459789037704,0.00047520874068140984,0.10150633752346039,-0.01650948077440262,0.021054763346910477
351,122.22,-1.34487783908844,0.0,0.0,0.07722221862524747,0.0395496141910553,0.037672604434192174,0.005792406387627125,0.0021899405401200056,0.004497267305850983,0.00017430857405997813,0.04434943199157715,0.04639490693807602,0.015434402041137218,0.016174832358956337,0.15587270259857178,0.15439820289611816,0.027193119749426842,0.02542373165488243,0.0336846187710762,0.037179067730903625,0.022304153069853783,0.02649749256670475,0.0880146250128746,0.08441215753555298,0.016719486564397812,0.012396527454257011,0.0782342329621315,0.07885125279426575,0.027656620368361473,0.028397049754858017,0.07722221862524747,0.07722221699543297,0.007222219258546829,0.007222218880197033,0.02888480097055435,0.027456345856189727,0.0072222183272242545,0.00722221739590168,0.0,0.0,0.0,0.0,0.0395496141910553,0.036672185063362124,0.0003524672985076903,0.0,0.27882879972457886,0.0006174687296152115,-0.012148931622505188,0.1784897744655609,-0.031915731728076935,0.02254500612616539,0.1167616993188858,0.04783429577946663,-9.96644957922399e-05,0.09924385696649551,-0.021611979231238365,0.022253448143601418
352,122.64,-1.3505741357803345,0.0014822551747784019,0.0,0.0772222160641104,0.04245468869805336,0.03476752736605703,0.00731500331312418,0.00370518839918077,0.002849522978067398,-0.0014822551747784019,0.05528018996119499,0.0571390837430954,0.013117596507072449,0.01375981792807579,0.15806780755519867,0.1565912365913391,0.027494113892316818,0.02572222240269184,0.02635558322072029,0.029811253771185875,0.01889149844646454,0.02303830347955227,0.08953721821308136,0.08592740446329117,0.015071741305291653,0.010739963501691818,0.07381027191877365,0.07434546202421188,0.025339815765619278,0.02598203718662262,0.07722221489995718,0.0772222160641104,0.0072222183272242545,0.00722221867647022,0.013530081957578658,0.012206378281116485,0.007222219258546829,0.007222219258546829,0.0,0.0,0.0,0.0,0.04245468869805336,0.03953420825302601,0.0014483173191547393,0.0,0.27782130241394043,0.000956773292273283,-0.013178441673517227,0.1748630851507187,-0.030724450945854187,0.021885309368371964,0.11089184880256653,0.046378184109926224,-0.0007871157140471041,0.0966801643371582,-0.026177790015935898,0.02336519956588745
353,123.06,-1.3562735319137573,0.0033048801124095917,0.0,0.07722221955657005,0.04514504119753838,0.03207717835903167,0.008670475333929062,0.005050539504736662,0.0010390433017164469,-0.0033048801124095917,0.05676053464412689,0.057207729667425156,0.010679515078663826,0.011216151528060436,0.15968473255634308,0.15820656716823578,0.027285346761345863,0.02551155537366867,0.018837708979845047,0.02224504016339779,0.015372863970696926,0.01946166157722473,0.09089269489049911,0.0872727558016777,0.013261261396110058,0.008917338214814663,0.06898275017738342,0.06942994892597198,0.022901734337210655,0.02343836985528469,0.07722221955657005,0.07722221629694104,0.007222218094393611,0.0072222183272242545,0.007222215533256531,0.007222219258546829,0.007222219258546829,0.0072222183272242545,0.0,0.0,0.0,0.0,0.04514504119753838,0.0421849087625742,0.002528870366513729,0.0,0.27616292238235474,0.0014068724121898413,-0.014089093543589115,0.17157325148582458,-0.02968713641166687,0.02127132937312126,0.10569104552268982,0.045034147799015045,-0.0015063431346789002,0.09411400556564331,-0.029936540871858597,0.024315055459737778
354,123.47999999999999,-1.3619918823242188,0.014614221639931202,0.0,0.08499997260980308,0.05619303274317645,0.028806939866626628,0.0007041425560601056,-0.002960189012810588,-0.010217023082077503,-0.014614221639931202,0.04154346138238907,0.041878923773765564,-0.0004911174764856696,-8.85619010659866e-05,0.151236891746521,0.14972594380378723,0.016827644780278206,0.015014520846307278,0.00035039838985539973,0.0038395849987864494,0.002616430167108774,0.006619584746658802,0.09070411324501038,0.08703978359699249,0.009782945737242699,0.005385747645050287,0.061543431133031845,0.06187889352440834,0.019508851692080498,0.019911406561732292,0.08499997068895027,0.08499997260980308,0.014999968819320201,0.014999969284981488,0.014999969750642776,0.014999969750642776,0.014999969168566166,0.014999968462798278,0.0,0.0,0.0,0.0,0.05619303274317645,0.053039308525621894,0.011892421524971723,0.00829182181507349,0.2752007842063904,0.00226669292896986,-0.014765464700758457,0.16780239343643188,-0.02779630571603775,0.020544158294796944,0.09904894977807999,0.0437258705496788,-0.002217399189248681,0.09051790088415146,-0.032213278114795685,0.024976592510938644
355,123.89999999999999,-1.3677102327346802,0.01804906502366066,0.002134837443009019,0.08499997080536559,0.03755054704844952,0.04744942375691607,0.0005692496779374778,-0.003132694400846958,-0.013606732711195946,-0.01804906502366066,0.03423575684428215,0.03445407748222351,-0.0037243347615003586,-0.003462349297478795,0.14830732345581055,0.14688238501548767,0.012331034988164902,0.01062110997736454,0.01168517954647541,0.012690289877355099,-0.002134837443009019,0.0017097368836402893,0.09056922048330307,0.08686727285385132,0.0063932365737855434,0.001950903795659542,0.05423572659492493,0.05445404723286629,0.016275634989142418,0.01653761975467205,0.08499997080536559,0.08499996725469827,0.014999969284981488,0.014999968819320201,0.014999969750642776,0.014999969750642776,0.014999969750642776,0.014999969052150845,0.0,0.0,0.0,0.0,0.03755054704844952,0.03676375735551119,0.013410472432151436,0.00982788287103176,0.2690719664096832,0.005707768257707357,-0.016036855056881905,0.16438980400562286,-0.02503693848848343,0.019949227571487427,0.09503130614757538,0.04177815467119217,-0.002777265850454569,0.08567017316818237,-0.034039855003356934,0.02532314509153366
356,124.32,-1.373353123664856,0.024296410381793976,0.008916815742850304,0.08499997191131115,0.016623892709612845,0.0683760792016983,-0.004529356490820646,-0.008268555626273155,-0.01980937272310257,-0.024296410381793976,0.026070961728692055,0.026318756863474846,-0.00923789944499731,-0.008940545842051506,0.1424446552991867,0.14107805490493774,0.0054855551570653915,0.0038456281181424856,0.024447036907076836,0.025439316406846046,-0.008916815742850304,-0.005087121389806271,0.08547060936689377,0.081731416285038,0.00019059695478063077,-0.004296442028135061,0.04607092961668968,0.04631872475147247,0.010762069374322891,0.011059422977268696,0.08499996585771441,0.08499997191131115,0.0149999696778832,0.014999968353658914,0.014999967887997626,0.014999967887997626,0.014999968819320201,0.014999968819320201,0.0,0.0,0.0,0.0,0.016623892709612845,0.015879408344626426,0.014678885117173194,0.011146544367074965,0.2703824043273926,0.007905378937721252,-0.015888936817646027,0.16331852972507477,-0.023146500810980797,0.019344748929142952,0.08939653635025024,0.041122328490018845,-0.002838235581293702,0.0803326666355133,-0.03066457062959671,0.024626629427075386
357,124.74,-1.3789722919464111,0.028624463826417923,0.01640469767153263,0.08499997097998857,0.01598557073622942,0.06901440024375916,-0.011127722449600697,-0.014901155605912209,-0.026847416535019875,-0.028624463826417923,0.01768476702272892,0.018006592988967896,-0.015419095754623413,-0.015032904222607613,0.13650164008140564,0.13516010344028473,-0.0014078498352319002,-0.0030176884029060602,0.03506443277001381,0.03607705235481262,-0.01640469767153263,-0.01254404615610838,0.07887224853038788,0.07509881258010864,-0.006847447250038385,-0.011375566944479942,0.03768473491072655,0.03800656273961067,0.004580873064696789,0.004967064596712589,0.08499997097998857,0.08499996818602085,0.014999969284981488,0.01224889688193798,0.014999967887997626,0.014999969750642776,0.014999968819320201,0.014999968819320201,0.0,0.0,0.0,0.0,0.0,0.0,0.01598557073622942,0.012511110752820968,0.2753485441207886,0.008922873996198177,-0.014989780262112617,0.163651704788208,-0.02200082130730152,0.01888737455010414,0.08490794897079468,0.04160550236701965,-0.0023741810582578182,0.07531963288784027,-0.02382056415081024,0.023166941478848457
358,125.16,-1.38446843624115,0.028566600754857063,0.02241043746471405,0.08499997191131115,0.017479078026663045,0.0675208938846481,-0.012877458706498146,-0.016708625480532646,-0.028566600754857063,-0.023969199508428574,0.010715687647461891,0.011083471588790417,-0.019931327551603317,-0.019489986822009087,0.13828104734420776,0.13695509731769562,-0.0023300156462937593,-0.00392115768045187,0.0315784215927124,0.03481500968337059,-0.02241043746471405,-0.018526529893279076,0.0771225094795227,0.0732913464307785,-0.011433430947363377,-0.01603083126246929,0.03071565553545952,0.03108344040811062,6.864056194899604e-05,0.0005099812988191843,0.08499996818602085,0.08499997191131115,0.012133169807493686,0.002938368245959282,0.014999967887997626,0.014999968819320201,0.014999968113552312,0.01499996812082827,0.0,0.0,0.0,0.0,0.0,0.0,0.017479078026663045,0.014036511192098259,0.28127288818359375,0.009033260866999626,-0.014139159582555294,0.16525399684906006,-0.02131624147295952,0.018755339086055756,0.08428244292736053,0.04288433492183685,-0.0013055538292974234,0.07151034474372864,-0.015959950163960457,0.021353837102651596
359,125.58,-1.3897649049758911,0.028225000947713852,0.025655368342995644,0.08499996818602085,0.018873723577708005,0.06612624460831285,-0.006620280910283327,-0.010534407570958138,-0.028225000947713852,-0.023528048768639565,0.0059821042232215405,0.0063452282920479774,-0.021781614050269127,-0.021345864981412888,0.1500612050294876,0.14876407384872437,0.004725251812487841,0.003168706316500902,0.02626902610063553,0.029534129425883293,-0.025655368342995644,-0.021737243980169296,0.08337968587875366,0.07946556061506271,-0.011775029823184013,-0.0164719820022583,0.025982072576880455,0.02634519711136818,-0.0017816447652876377,-0.0013458962785080075,0.08499996678903698,0.08499996818602085,0.011449971124529838,0.0020560667663812636,0.014999968353658914,0.014999968819320201,0.014999969284981488,0.014999968702904879,0.0,0.0,0.0,0.0,0.0,0.0,0.018873723577708005,0.015391347701661288,0.2845277488231659,0.008525658398866653,-0.014161696657538414,0.16658776998519897,-0.020717905834317207,0.01880894973874092,0.08720371127128601,0.04396149143576622,-0.00033310800790786743,0.06925076246261597,-0.011628315784037113,0.02026631310582161
360,126.0,-1.3950611352920532,0.028390301391482353,0.028416823595762253,0.08499996834972989,0.01987551630474627,0.06512445204498363,-5.690956095349975e-05,-0.004024356137961149,-0.028390301391482353,-0.023629365488886833,0.0013085560640320182,0.0016549834981560707,-0.023541277274489403,-0.02312556281685829,0.16084545850753784,0.15955114364624023,0.011429456062614918,0.009876284748315811,0.02058478631079197,0.02391289733350277,-0.028416823595762253,-0.024423088878393173,0.0899430587887764,0.08597560971975327,-0.011609729379415512,-0.016370665282011032,0.021308524534106255,0.021654952317476273,-0.0035413072910159826,-0.003125594463199377,0.08499996834972989,0.08499996585771441,0.01178057201206684,0.002258700206875801,0.014999968470074235,0.014999968819320201,0.01499996998347342,0.014999968353658914,0.0,0.0,0.0,0.0,0.0,0.0,0.01987551630474627,0.016297494415193795,0.28652894496917725,0.007053238805383444,-0.01428933348506689,0.1661955863237381,-0.020353127270936966,0.018572814762592316,0.08820086717605591,0.04446987807750702,-0.00028887216467410326,0.06732480227947235,-0.01084049977362156,0.02023354172706604
361,126.42,-1.4002587795257568,0.026363564655184746,0.029812198132276535,0.08499997144564986,0.01871587138622999,0.06628410005941987,-0.0001443268993170932,-0.004119818564504385,-0.026363564655184746,-0.02159297466278076,-0.0003005807229783386,0.00029636433464474976,-0.026096295565366745,-0.025379961356520653,0.15970687568187714,0.1583157777786255,0.00913264974951744,0.007463332265615463,0.01834305189549923,0.02195773273706436,-0.029812198132276535,-0.02585018426179886,0.08985564112663269,0.08588015288114548,-0.013636467047035694,-0.018407056108117104,0.01969938911497593,0.020296333357691765,-0.006096326746046543,-0.005379993002861738,0.08499996802594978,0.08499997144564986,0.0077270976081490516,0.0,0.014999969837954267,0.014999969023047014,0.014999968819320201,0.014999968353658914,0.0,0.0,0.0,0.0,0.0,0.0,0.01871587138622999,0.01547019125893712,0.2892147898674011,0.005136971361935139,-0.013989012688398361,0.16306354105472565,-0.01970374956727028,0.017642125487327576,0.08434052765369415,0.044079963117837906,-0.0012772484915331006,0.06335088610649109,-0.01161949336528778,0.02088647335767746
362,126.83999999999999,-1.4054564237594604,0.028570452705025673,0.027870485559105873,0.084999970048666,0.014980630837380885,0.07001933921128511,-0.0001419716572854668,-0.004116866737604141,-0.024446139112114906,-0.019676264375448227,-0.0018241233192384243,-0.000978468102402985,-0.028570452705025673,-0.027555666863918304,0.15772753953933716,0.1563587635755539,0.006131567992269993,0.0044890339486300945,0.01594817265868187,0.01977582834661007,-0.027870485559105873,-0.02753632888197899,0.08985799551010132,0.08588310331106186,-0.015553892590105534,-0.02032376639544964,0.018175845965743065,0.019021501764655113,-0.008570484817028046,-0.007555698044598103,0.08499996716738678,0.084999970048666,0.0038922465220093726,0.0,0.014999969284981488,0.014999969867058097,0.014999967887997626,0.014999968819320201,0.0,0.0,0.0,0.0,0.0,0.0,0.014300000742077826,0.014980630837380885,0.2931649684906006,0.005207364447414875,-0.012721060775220394,0.1555468589067459,-0.017369650304317474,0.017098616808652878,0.07632097601890564,0.043865401297807693,-0.0008702075574547052,0.05967017635703087,-0.008344422094523907,0.020590122789144516
363,127.25999999999999,-1.4105020761489868,0.02968159317970276,0.02844836749136448,0.084999970048666,0.014832810387015342,0.07016715966165066,0.004876431077718735,0.0008243813063018024,-0.025865620002150536,-0.021003160625696182,-0.0030986731871962547,-0.002210283884778619,-0.02968159317970276,-0.028615524992346764,0.1631976217031479,0.1618058830499649,0.009519152343273163,0.007849056273698807,0.013929895125329494,0.017786528915166855,-0.02692367136478424,-0.02844836749136448,0.09487640112638474,0.09082435071468353,-0.014134411700069904,-0.018996872007846832,0.016901295632123947,0.017789684236049652,-0.009681624360382557,-0.008615557104349136,0.084999970048666,0.08499996940838173,0.006731208302080631,0.0,0.014999968819320201,0.01499996812082827,0.014999968819320201,0.014999967887997626,0.0,0.0,0.0,0.0,0.0,0.0,0.012242047004401683,0.014832810387015342,0.29609930515289307,0.005420039873570204,-0.012040897272527218,0.15108126401901245,-0.015307974070310593,0.01690913364291191,0.07092732191085815,0.04366724565625191,-0.00040828034980222583,0.057508379220962524,-0.006179713178426027,0.020266061648726463
364,127.67999999999999,-1.4154540300369263,0.0299641415476799,0.028746839612722397,0.08499996725469827,0.014753037020564078,0.0702469302341342,0.013046673499047756,0.008880920708179474,-0.029506292194128036,-0.024507390335202217,-0.004238843452185392,-0.0034302023705095053,-0.0299641415476799,-0.028993772342801094,0.17336809635162354,0.17190685868263245,0.01712079718708992,0.015367306768894196,0.012028291821479797,0.015818633139133453,-0.026704750955104828,-0.028746839612722397,0.10304664075374603,0.09888088703155518,-0.010493737645447254,-0.015492641367018223,0.015761125832796097,0.016569767147302628,-0.009964171797037125,-0.008993802592158318,0.08499996725469827,0.0849999663233757,0.014012554548680781,0.004014748968183994,0.014999969284981488,0.014999969517812132,0.014999969750642776,0.014999969750642776,0.0,0.0,0.0,0.0,0.0,0.0,0.011740579158067702,0.014753037020564078,0.29883408546447754,0.0051071420311927795,-0.011665592901408672,0.14827969670295715,-0.013690272346138954,0.016791241243481636,0.06689349561929703,0.04339990392327309,-0.00018772398470900953,0.05615226924419403,-0.0056836665607988834,0.02023419924080372
365,128.1,-1.420347809791565,0.02985953353345394,0.028175126761198044,0.084999970048666,0.01432348683476448,0.07067648321390152,0.02010532096028328,0.015842575579881668,-0.02695741504430771,-0.02792728878557682,-0.004577867686748505,-0.00373793113976717,-0.02985953353345394,-0.02885160967707634,0.18185865879058838,0.18029551208019257,0.023680007085204124,0.02180422656238079,0.011050899513065815,0.014898017980158329,-0.02720833197236061,-0.028175126761198044,0.11010529100894928,0.10584254562854767,-0.006957446224987507,-0.012072741985321045,0.015422101132571697,0.016262037679553032,-0.009859563782811165,-0.008851639926433563,0.084999970048666,0.084999970048666,0.014999968819320201,0.010854546800255774,0.014999968819320201,0.014999968819320201,0.014999969750642776,0.014999969750642776,0.0,0.0,0.0,0.0,0.0,0.0,0.012348768189549445,0.01432348683476448,0.3018155097961426,0.003958327695727348,-0.011392557062208652,0.1460667848587036,-0.01267980132251978,0.016529452055692673,0.063400499522686,0.04287089407444,-0.00039405544521287084,0.054917894303798676,-0.007162503898143768,0.02069413661956787
366,128.51999999999998,-1.4250558614730835,0.029649002477526665,0.02945627085864544,0.084999970048666,0.015903383381664752,0.06909658666700125,0.023334559053182602,0.018981462344527245,-0.024425286799669266,-0.029649002477526665,-0.0023670177906751633,-0.0011521055130288005,-0.028552856296300888,-0.02709496207535267,0.18408775329589844,0.18237267434597015,0.025484031066298485,0.02342592179775238,0.013001910410821438,0.017236486077308655,-0.02945627085864544,-0.025462238118052483,0.1133345291018486,0.1089814305305481,-0.004425317049026489,-0.009649032726883888,0.017632951959967613,0.018847864121198654,-0.008552887476980686,-0.007094993256032467,0.084999970048666,0.08499996818602085,0.014999969750642776,0.014999969750642776,0.014999969750642776,0.014999969634227454,0.014999968819320201,0.014999968819320201,0.0,0.0,0.0,0.0,0.0,0.0,0.015903383381664752,0.013367244862020015,0.30487897992134094,0.00227996613830328,-0.01104836817830801,0.14402255415916443,-0.012326056137681007,0.01610310561954975,0.06042081117630005,0.04199017211794853,-0.0009297669166699052,0.05342557281255722,-0.009904416278004646,0.021497607231140137
367,128.94,-1.429763913154602,0.0271676667034626,0.02832893840968609,0.08499996818602085,0.016161241456866263,0.06883872672915459,0.026679573580622673,0.02224704623222351,-0.021775105968117714,-0.02709413878619671,-7.793553231749684e-05,0.0015123720513656735,-0.0271676667034626,-0.025259297341108322,0.186815083026886,0.1849854439496994,0.027730293571949005,0.02553473599255085,0.015383673831820488,0.020000288262963295,-0.02832893840968609,-0.0227889996021986,0.11667954176664352,0.11224701255559921,-0.0017751377308741212,-0.007094169966876507,0.019922032952308655,0.021512340754270554,-0.007167696952819824,-0.005259328056126833,0.08499996818602085,0.0849999663233757,0.014999968237243592,0.014999968819320201,0.01499996848462615,0.014999968702904879,0.014999969750642776,0.014999969284981488,0.0,0.0,0.0,0.0,0.0,0.0,0.016161241456866263,0.012529671546071767,0.3078633248806,0.0009685195400379598,-0.010686870664358139,0.14340859651565552,-0.012284906581044197,0.01588911935687065,0.05907006561756134,0.04126988351345062,-0.0013057149481028318,0.05258963257074356,-0.012094926089048386,0.02207954227924347
368,129.35999999999999,-1.4342588186264038,0.02425697073340416,0.02443177066743374,0.08499997191131115,0.015515465177595614,0.06948450673371553,0.029497582465410233,0.024943606927990913,-0.018792200833559036,-0.02425697073340416,0.0035794449504464865,0.005225988104939461,-0.023916274309158325,-0.02194042317569256,0.1885514259338379,0.1865047961473465,0.02946619503200054,0.027010232210159302,0.019267437979578972,0.023955170065164566,-0.02443177066743374,-0.018806491047143936,0.11949755251407623,0.11494357883930206,0.0012077686842530966,-0.004257001914083958,0.023579413071274757,0.025225957855582237,-0.003916305489838123,-0.0019404536578804255,0.084999970048666,0.08499997191131115,0.014999969517812132,0.014999968819320201,0.01499996812082827,0.014999969750642776,0.014999968819320201,0.014999969517812132,0.0,0.0,0.0,0.0,0.0,0.0,0.015515465177595614,0.01186603738926351,0.3098733425140381,-0.00042285845847800374,-0.010263272561132908,0.1438271552324295,-0.013043684884905815,0.015898900106549263,0.05846843495965004,0.040672630071640015,-0.001725937006995082,0.05288084223866463,-0.014333486557006836,0.022623851895332336
369,129.78,-1.4387179613113403,0.021283159032464027,0.020279040560126305,0.08499997191131115,0.01495318051194772,0.07004679139936343,0.032307423651218414,0.02763134427368641,-0.01567186415195465,-0.021283159032464027,0.0074929604306817055,0.009142748080193996,-0.020325828343629837,-0.018346084281802177,0.19065682590007782,0.1883968859910965,0.031573157757520676,0.02886122651398182,0.023558810353279114,0.028260182589292526,-0.020279040560126305,-0.014637394808232784,0.12230738997459412,0.11763131618499756,0.004328104201704264,-0.0012831903295591474,0.027492929250001907,0.0291427168995142,-0.0003258600481785834,0.0016538853524252772,0.0849999663233757,0.08499997191131115,0.014999968353658914,0.014999968702904879,0.014999968819320201,0.014999968819320201,0.014999968295451253,0.014999969634227454,0.0,0.0,0.0,0.0,0.0,0.0,0.01495318051194772,0.01129128016065806,0.31242886185646057,-0.0016423267079517245,-0.009795119985938072,0.14489437639713287,-0.013788994401693344,0.016018107533454895,0.05848870426416397,0.0402459092438221,-0.001925592077895999,0.05350320041179657,-0.016085445880889893,0.022992894053459167
370,130.2,-1.4431098699569702,0.005532098468393087,0.003664691001176834,0.07277773961424827,0.0020316570345312356,0.07074608257971704,0.04712965711951256,0.042377058416604996,0.00017101620323956013,-0.005532098468393087,0.02437438815832138,0.02609604224562645,-0.004410772584378719,-0.00234478828497231,0.20468851923942566,0.20226572453975677,0.04590986296534538,0.04300250485539436,0.04090912640094757,0.045693229883909225,-0.003664691001176834,0.0020762309432029724,0.12490739673376083,0.12015479803085327,0.007948754355311394,0.002245640382170677,0.03215212747454643,0.0338737815618515,0.0033669660333544016,0.005432950332760811,0.07277773961424827,0.07277773961424827,0.0027777381520718335,0.0027777388505637645,0.0027777393162250518,0.0027777393162250518,0.002777738617733121,0.002777738617733121,0.0,0.0,0.0,0.0,0.0,0.0,0.0020316570345312356,0.0,0.31562209129333496,-0.002824509749189019,-0.009118331596255302,0.1459588259458542,-0.014511600136756897,0.016081668436527252,0.057950910180807114,0.03995718061923981,-0.0020819439087063074,0.05387844145298004,-0.017195453867316246,0.023225722834467888
371,130.62,-1.4474273920059204,0.0013394947163760662,0.0,0.07277773588895797,0.0009367530047893523,0.07184098288416862,0.04953930526971817,0.04475756734609604,0.004398590885102749,-0.0013394947163760662,0.029951510950922966,0.031822603195905685,-0.0005049286410212517,0.0017403827514499426,0.20701459050178528,0.204315647482872,0.048907320946455,0.0456685908138752,0.04716331511735916,0.05216095596551895,0.0013360567390918732,0.007333226036280394,0.12731704115867615,0.12253530323505402,0.012176329270005226,0.006438243668526411,0.03772924840450287,0.03960034251213074,0.007272809743881226,0.009518121369183064,0.07277773588895797,0.07277773588895797,0.002777738384902477,0.002777738384902477,0.0027777374535799025,0.0027777393162250518,0.002777738384902477,0.002777738617733121,0.0,0.0,0.0,0.0,0.0,0.0,0.0009367530047893523,0.0,0.32239794731140137,-0.0072739459574222565,-0.0076183900237083435,0.14591671526432037,-0.016935765743255615,0.01596454344689846,0.05485902354121208,0.04048355296254158,-0.00247742747887969,0.05617865175008774,-0.018709415569901466,0.023723065853118896
372,131.04,-1.4517375230789185,0.0,0.0,0.07274853333830833,0.0,0.07274853333830833,0.05225410312414169,0.04723938927054405,0.008715306408703327,0.002959716599434614,0.03558390960097313,0.03761022910475731,0.003546657506376505,0.005978243425488472,0.20911724865436554,0.20619313418865204,0.05169810727238655,0.04818917438387871,0.05373219773173332,0.05893626809120178,0.006420231889933348,0.012665118090808392,0.1297842413187027,0.12498792260885239,0.016493044793605804,0.010737455449998379,0.04336164519190788,0.04538796842098236,0.01132439635694027,0.01375598181039095,0.072530138194561,0.07274853333830833,0.002777738384902477,0.0027777388505637645,0.0027777355909347533,0.0027777393162250518,0.0027777388505637645,0.002777738384902477,0.0,0.0,0.0,0.0,0.0,0.0,0.0,0.0,0.32811158895492554,-0.010853905230760574,-0.0064017330296337605,0.14656078815460205,-0.018982894718647003,0.016024641692638397,0.05390677601099014,0.04086926579475403,-0.0026591611094772816,0.05852556973695755,-0.020440366119146347,0.024164121598005295
373,131.46,-1.455979347229004,0.0,0.0,0.07085188373923301,0.0,0.07085188373923301,0.056224849075078964,0.05078617110848427,0.0122293159365654,0.0065694693475961685,0.04016560688614845,0.04237550497055054,0.007373125292360783,0.010025002993643284,0.21002283692359924,0.20693962275981903,0.05343234911561012,0.04973248764872551,0.05952068045735359,0.06494949758052826,0.011026525869965553,0.017541103065013885,0.13135460019111633,0.12663805484771729,0.02000705525279045,0.014347207732498646,0.047943346202373505,0.05015324428677559,0.01515086367726326,0.01780274137854576,0.07012975111603736,0.07085188373923301,0.0027777393162250518,0.002777738384902477,0.0027777393162250518,0.0027777393162250518,0.002777738384902477,0.002777738384902477,0.0,0.0,0.0,0.0,0.0,0.0,0.0,0.0,0.33184629678726196,-0.013882581144571304,-0.005450974218547344,0.14799609780311584,-0.021199684590101242,0.016358094289898872,0.05557984858751297,0.041215453296899796,-0.002646490465849638,0.0617818608880043,-0.02261975407600403,0.024602267891168594
374,131.88,-1.4602210521697998,0.0,0.0,0.0664150033891201,0.0,0.0664150033891201,0.06248228996992111,0.05700618401169777,0.01589374616742134,0.010339368134737015,0.044795453548431396,0.04718921706080437,0.011248509399592876,0.014121024869382381,0.2110370546579361,0.20783840119838715,0.055253271013498306,0.05141488462686539,0.06527842581272125,0.0709192082285881,0.015602720901370049,0.02237165905535221,0.1330498307943344,0.12842118740081787,0.023671483621001244,0.018117107450962067,0.05257319286465645,0.05496695637702942,0.019026247784495354,0.02189876325428486,0.0655675408244133,0.0664150033891201,0.0027777374535799025,0.0027777393162250518,0.0027777393162250518,0.0027777393162250518,0.002777738384902477,0.002777738384902477,0.0,0.0,0.0,0.0,0.0,0.0,0.0,0.0,0.335579514503479,-0.016198208555579185,-0.004572317004203796,0.1495675891637802,-0.02294653281569481,0.016671059653162956,0.057233020663261414,0.04154033213853836,-0.002498714253306389,0.06437733769416809,-0.024087034165859222,0.024847332388162613
375,132.29999999999998,-1.4644670486450195,0.0,0.0,0.0596766871213913,0.0,0.0596766871213913,0.0687212198972702,0.0634005069732666,0.018560200929641724,0.013084053993225098,0.0478455051779747,0.050374437123537064,0.014066842384636402,0.017101559787988663,0.20946672558784485,0.20616677403450012,0.05515120178461075,0.05119125545024872,0.06918393075466156,0.07498785853385925,0.01892472617328167,0.025889435783028603,0.13264065980911255,0.1280771940946579,0.026337938383221626,0.02086179330945015,0.05562324449419975,0.058152176439762115,0.02184458076953888,0.024879299104213715,0.05891943991184235,0.0596766871213913,0.0027777374535799025,0.0027777393162250518,0.0027777393162250518,0.0027777393162250518,0.002777738384902477,0.0027777393162250518,0.0,0.0,0.0,0.0,0.0,0.0,0.0,0.0,0.33843469619750977,-0.018151480704545975,-0.003565607126802206,0.15099242329597473,-0.02477758750319481,0.016951892524957657,0.05815938115119934,0.0418553501367569,-0.0024138474836945534,0.06664226949214935,-0.024995235726237297,0.024975553154945374
376,132.72,-1.468714952468872,0.0,0.0,0.050986210703849795,0.0,0.050986210703849795,0.07601222395896912,0.070981964468956,0.020966513082385063,0.01556388009339571,0.05030505731701851,0.05295240134000778,0.016504136845469475,0.019680947065353394,0.20670053362846375,0.2033330649137497,0.054196763783693314,0.05015580356121063,0.07237092405557632,0.07831470668315887,0.02173789031803608,0.02887042798101902,0.13147036731243134,0.1269681751728058,0.028744252398610115,0.023341618478298187,0.05808279663324356,0.060730140656232834,0.024281874299049377,0.027458686381578445,0.05045814335346222,0.050986210703849795,0.0027777393162250518,0.002777738384902477,0.0027777393162250518,0.0027777393162250518,0.0027777374535799025,0.0027777393162250518,0.0,0.0,0.0,0.0,0.0,0.0,0.0,0.0,0.3405773639678955,-0.01949789747595787,-0.002673767739906907,0.1522221863269806,-0.026259973645210266,0.01720842346549034,0.05903911963105202,0.04214881733059883,-0.0022492471616715193,0.06841886043548584,-0.025370990857481956,0.024966279044747353
377,133.14,-1.4729727506637573,0.0,0.0,0.03805211454629898,0.0,0.03805211454629898,0.08504631370306015,0.08050193637609482,0.022287873551249504,0.016970407217741013,0.05265339836478233,0.0554090179502964,0.01859148032963276,0.02189822494983673,0.2003413736820221,0.1969175487756729,0.050465814769268036,0.04635722190141678,0.07550691068172455,0.07753302901983261,0.024267105385661125,0.0315508134663105,0.12798526883125305,0.1235540509223938,0.030065612867474556,0.024748146533966064,0.060431137681007385,0.06318675726652145,0.02636921964585781,0.029675964266061783,0.037938955128192904,0.03805211454629898,0.0027777393162250518,0.0027777393162250518,0.0027777393162250518,0.0027777393162250518,0.0027777393162250518,0.0027777393162250518,0.0,0.0,0.0,0.0,0.0,0.0,0.0,0.0,0.34183213114738464,-0.020396970212459564,-0.001929396647028625,0.1534329354763031,-0.027675699442625046,0.01745678298175335,0.059999141842126846,0.04236360639333725,-0.0020691314712166786,0.06997580826282501,-0.02555658668279648,0.024901021271944046
378,133.56,-1.477250337600708,0.0,0.0,0.016987274289131164,0.0,0.016987274289131164,0.09800883382558823,0.09426888078451157,0.02161404676735401,0.016410892829298973,0.05473024398088455,0.057573869824409485,0.01993057318031788,0.02334292232990265,0.18686585128307343,0.18340012431144714,0.04139915108680725,0.03724027797579765,0.07511971145868301,0.07505926489830017,0.026247648522257805,0.03365577384829521,0.11999610811471939,0.11566014587879181,0.029391784220933914,0.024188632145524025,0.0625079795718193,0.06535160541534424,0.02770831249654293,0.0311206616461277,0.016987274289131164,0.016391265094280242,0.0027777374535799025,0.0027777393162250518,0.0027777355909347533,0.0027777355909347533,0.0027777393162250518,0.0027777393162250518,0.0,0.0,0.0,0.0,0.0,0.0,0.0,0.0,0.34124240279197693,-0.020722122862935066,-0.0013376617571339011,0.15470333397388458,-0.029321860522031784,0.01775575615465641,0.061135031282901764,0.04241521656513214,-0.001912598148919642,0.07161261141300201,-0.025722358375787735,0.024826399981975555
379,133.98,-1.4815279245376587,0.0,0.0,0.0,0.0,0.0,0.1169925257563591,0.11277835071086884,0.033945996314287186,0.028888985514640808,0.06911303848028183,0.0720527395606041,0.03357848525047302,0.03710612282156944,0.18543340265750885,0.18203777074813843,0.04477779194712639,0.04070303589105606,0.07589957118034363,0.07693659514188766,0.04045058786869049,0.04796533286571503,0.1125480905175209,0.10833391547203064,0.02950156293809414,0.02444455400109291,0.06466860324144363,0.0676083043217659,0.029134053736925125,0.032661691308021545,0.0,0.0,0.0,0.0,0.0,0.0,0.0,0.0,0.0,0.0,0.0,0.0,0.0,0.0,0.0,0.0,0.339504212141037,-0.019534816965460777,-0.0010804650373756886,0.1559397578239441,-0.02992425486445427,0.018175654113292694,0.06313524395227432,0.042421966791152954,-0.001344662974588573,0.07272940874099731,-0.024732135236263275,0.024394441395998
380,134.4,-1.485887885093689,0.0,0.0,0.0,0.0,0.0,0.10936137288808823,0.1051948145031929,0.03304697200655937,0.02804710529744625,0.06953849643468857,0.07266797125339508,0.03332965821027756,0.03708502650260925,0.1714930385351181,0.16802367568016052,0.039251163601875305,0.03435271233320236,0.07466132193803787,0.07599698007106781,0.040885668247938156,0.04864262789487839,0.10491693764925003,0.1007503867149353,0.028602538630366325,0.023602671921253204,0.06509406119585037,0.06822353601455688,0.02888522669672966,0.032640594989061356,0.0,0.0,0.0,0.0,0.0,0.0,0.0,0.0,0.0,0.0,0.0,0.0,0.0,0.0,0.0,0.0,0.33646267652511597,-0.019972866401076317,-0.0007733681704849005,0.15508927404880524,-0.03139331936836243,0.018463710322976112,0.06270012259483337,0.04267716780304909,-0.0011697289301082492,0.07571571320295334,-0.02542559802532196,0.024421880021691322
381,134.82,-1.4902516603469849,0.0,0.0,0.0,0.0,0.0,0.10211797058582306,0.09801283478736877,0.03263414278626442,0.027707980945706367,0.06996750831604004,0.07329202443361282,0.03308811038732529,0.03707752749323845,0.15806032717227936,0.1546076238155365,0.04484593868255615,0.04028899967670441,0.07315535843372345,0.0747983306646347,0.04117744788527489,0.04913461208343506,0.09767347574234009,0.0935683399438858,0.028189649805426598,0.023263487964868546,0.06552301347255707,0.06884752959012985,0.028643617406487465,0.03263303264975548,0.0,0.0,0.0,0.0,0.0,0.0,0.0,0.0,0.0,0.0,0.0,0.0,0.0,0.0,0.0,0.0,0.3332551419734955,-0.019261499866843224,-0.0005975391832180321,0.1550864279270172,-0.03228696808218956,0.01893499866127968,0.06350668519735336,0.042683131992816925,-0.0006253711762838066,0.07727228105068207,-0.024907439947128296,0.023919453844428062
382,135.24,-1.4946913719177246,0.0,0.0,0.0,0.0,0.0,0.09532114863395691,0.09145638346672058,0.03187815845012665,0.027240442112088203,0.07089544832706451,0.07427879422903061,0.03301551565527916,0.037075527012348175,0.14587189257144928,0.14264990389347076,0.05737108364701271,0.0538126565515995,0.07061268389225006,0.0726180374622345,0.04214160516858101,0.0500931441783905,0.09087671339511871,0.08701194822788239,0.0274337250739336,0.022796010598540306,0.06645102053880692,0.06983435899019241,0.028571084141731262,0.03263109177350998,0.0,0.0,0.0,0.0,0.0,0.0,0.0,0.0,0.0,0.0,0.0,0.0,0.0,0.0,0.0,0.0,0.3294920325279236,-0.019279804080724716,-0.0008823640528135002,0.15754687786102295,-0.03455609083175659,0.02006683684885502,0.0689375251531601,0.0420532301068306,6.505139754153788e-05,0.07855042815208435,-0.026241887360811234,0.023128073662519455
383,135.66,-1.4991880655288696,0.0,0.0,0.0,0.0,0.0,0.08887245506048203,0.08537926524877548,0.030867137014865875,0.026675309985876083,0.07217709720134735,0.07551750540733337,0.033050112426280975,0.03705860674381256,0.13433793187141418,0.13146555423736572,0.07311718910932541,0.07034718990325928,0.06777917593717575,0.07018812000751495,0.0437752828001976,0.051563847810029984,0.08442802727222443,0.08093483746051788,0.026422705501317978,0.022230878472328186,0.06773266196250916,0.07107307761907578,0.028605680912733078,0.032614175230264664,0.0,0.0,0.0,0.0,0.0,0.0,0.0,0.0,0.0,0.0,0.0,0.0,0.0,0.0,0.0,0.0,0.32464760541915894,-0.02071160450577736,-0.001406980911269784,0.16177889704704285,-0.03872276097536087,0.021768148988485336,0.07769691944122314,0.040686383843421936,0.00048693036660552025,0.07945287227630615,-0.030081968754529953,0.022219182923436165
384,136.07999999999998,-1.5037072896957397,0.0,0.0,0.0,0.0,0.0,0.08241137117147446,0.07925943285226822,0.02996920421719551,0.026186883449554443,0.07267027348279953,0.07599806040525436,0.03262925148010254,0.03662259131669998,0.12238943576812744,0.11979303508996964,0.07600295543670654,0.07288727909326553,0.0653390884399414,0.06804142892360687,0.04502364993095398,0.05265699699521065,0.07796693593263626,0.07481500506401062,0.025524772703647614,0.021742450073361397,0.06822584569454193,0.07155362516641617,0.02818482182919979,0.032178156077861786,0.0,0.0,0.0,0.0,0.0,0.0,0.0,0.0,0.0,0.0,0.0,0.0,0.0,0.0,0.0,0.0,0.3187864422798157,-0.023462481796741486,-0.0016551432199776173,0.16631466150283813,-0.04435215890407562,0.023692283779382706,0.08631090819835663,0.038730353116989136,0.00031881636823527515,0.07930957525968552,-0.03538260608911514,0.021180028095841408
385,136.5,-1.508323073387146,0.0,0.0,0.0025420793145895003,0.0,0.0025420793145895003,0.07490210980176926,0.07193910330533981,0.0163197610527277,0.018250219523906708,0.06972526013851166,0.07317154854536057,0.030180133879184723,0.03431567922234535,0.10723025351762772,0.10469242930412292,0.06725193560123444,0.06420654058456421,0.06532025337219238,0.0676150992512703,0.04281453415751457,0.05050339549779892,0.07045768201351166,0.06749467551708221,0.0238618403673172,0.020306233316659927,0.06528082489967346,0.06872711330652237,0.025735702365636826,0.029871247708797455,0.0,0.0,0.0025420793145895003,0.0,0.0,0.0,0.0,0.0,0.0,0.0,0.0,0.0,0.0,0.0,0.0,0.0,0.31226080656051636,-0.026796042919158936,0.00020199548453092575,0.16460846364498138,-0.05091235414147377,0.02428167499601841,0.08498218655586243,0.036853060126304626,-0.0029825607780367136,0.07838176190853119,-0.03880506753921509,0.020488375797867775
386,136.92,-1.5129387378692627,0.0024109426885843277,0.0,0.02006403252482414,0.0,0.02006403252482414,0.06778518855571747,0.06501731276512146,-0.0024109426885843277,-0.00025438368902541697,0.06687895953655243,0.07045446336269379,0.027832990512251854,0.032123591750860214,0.09345424175262451,0.09103931486606598,0.059328820556402206,0.056517284363508224,0.06516144424676895,0.06701706349849701,0.04047788307070732,0.04821402207016945,0.0633406937122345,0.06057282164692879,0.022653089836239815,0.019331641495227814,0.062434468418359756,0.06600996851921082,0.023388497531414032,0.02767910249531269,0.0,0.0,0.02006403252482414,0.01458602518425323,0.0,0.0,0.0,0.0,0.0,0.0,0.0,0.0,0.0,0.0,0.0,0.0,0.3074015974998474,-0.027915334329009056,0.0015030479989945889,0.16381217539310455,-0.054755400866270065,0.02494153194129467,0.08531589806079865,0.03543384373188019,-0.0045964354649186134,0.07625860720872879,-0.039181772619485855,0.019263701513409615
387,137.34,-1.5176175832748413,0.020939001813530922,0.0,0.03813460923731327,0.0,0.03813460923731327,0.061817631125450134,0.05929211899638176,-0.020939001813530922,-0.018540238961577415,0.06609626859426498,0.06981248408555984,0.02625480480492115,0.030714262276887894,0.08403605222702026,0.0816197544336319,0.05277087911963463,0.05035608261823654,0.06278336048126221,0.0649125948548317,0.03964792191982269,0.047405704855918884,0.05737313628196716,0.05484762415289879,0.02219560742378235,0.01916499249637127,0.06165177747607231,0.06536798924207687,0.021810311824083328,0.02626977115869522,0.0,0.0,0.03813460923731327,0.03270523145794869,0.0,0.0,0.0,0.0,0.0,0.0,0.0,0.0,0.0,0.0,0.0,0.0,0.3040803074836731,-0.02755262330174446,0.0020323623903095722,0.16419298946857452,-0.05664019286632538,0.025774098932743073,0.08973485231399536,0.03427964821457863,-0.004838103428483009,0.07386239618062973,-0.038128528743982315,0.01782042346894741
388,137.76,-1.5223110914230347,0.03939570486545563,0.0,0.05656129948794842,0.0,0.05656129948794842,0.06856750696897507,0.06629528850317001,-0.03939570486545563,-0.036730799823999405,0.07807084918022156,0.08192761987447739,0.0371306911110878,0.04175882041454315,0.09005781263113022,0.08773474395275116,0.05876202881336212,0.056819748133420944,0.06778379529714584,0.07114776968955994,0.05144461244344711,0.05923689156770706,0.05190084129571915,0.04962862655520439,0.02216559462249279,0.019438933581113815,0.06140418350696564,0.06526095420122147,0.020464029163122177,0.02509215846657753,0.0,0.0,0.05656129948794842,0.05116973340511322,0.0,0.0,0.0,0.0,0.0,0.0,0.0,0.0,0.0,0.0,0.0,0.0,0.30041393637657166,-0.026211313903331757,0.002114921575412154,0.1643141508102417,-0.057162169367074966,0.02648487500846386,0.09429711848497391,0.03343995660543442,-0.004650374408811331,0.07197868824005127,-0.03647511452436447,0.01652815006673336
389,138.18,-1.5270545482635498,0.05459405854344368,0.0,0.0711499311774969,0.0,0.0711499311774969,0.0634600818157196,0.061393629759550095,-0.05459405854344368,-0.05174260959029198,0.0778813436627388,0.08177321404218674,0.03575019910931587,0.040420450270175934,0.08778582513332367,0.08536031097173691,0.05331699550151825,0.0515909418463707,0.06723643839359283,0.0707889124751091,0.050991784781217575,0.05881236866116524,0.046793416142463684,0.044726964086294174,0.02155587263405323,0.019076133146882057,0.06121467798948288,0.06510655581951141,0.01908353716135025,0.023753788322210312,0.0,0.0,0.0711499311774969,0.06581874273717403,0.0,0.0,0.0,0.0,0.0,0.0,0.0,0.0,0.0,0.0,0.0,0.0,0.2976945638656616,-0.02747001126408577,0.0023044622503221035,0.16237275302410126,-0.05847498029470444,0.026714734733104706,0.09505678713321686,0.03356208652257919,-0.004736137576401234,0.07342261075973511,-0.03638055548071861,0.016236301511526108
390,138.6,-1.5318644046783447,0.06547929346561432,0.0,0.08039800532162189,0.0,0.08039800532162189,0.05861387029290199,0.056692272424697876,-0.06547929346561432,-0.06256409734487534,0.07772869616746902,0.08151858299970627,0.034282393753528595,0.03883025422692299,0.08781597018241882,0.08535182476043701,0.04827834665775299,0.04670681431889534,0.06730621308088303,0.07083560526371002,0.05043577402830124,0.05817423760890961,0.04194720834493637,0.040025606751441956,0.019918711856007576,0.017612792551517487,0.0610620342195034,0.06485191732645035,0.017615729942917824,0.022163592278957367,0.0,0.0,0.08039800532162189,0.07517688989639282,0.0,0.0,0.0,0.0,0.0,0.0,0.0,0.0,0.0,0.0,0.0,0.0,0.29381242394447327,-0.027826324105262756,0.0021447651088237762,0.16026154160499573,-0.05916648358106613,0.0267957653850317,0.09580055624246597,0.03400373458862305,-0.004764544311910868,0.07554219663143158,-0.03597206994891167,0.01621706411242485
391,139.01999999999998,-1.5366772413253784,0.07495953142642975,0.0,0.08833333745598793,0.0,0.08833333745598793,0.053943175822496414,0.05216534808278084,-0.07495953142642975,-0.07330051809549332,0.07773943990468979,0.08144716173410416,0.03281385079026222,0.03726311773061752,0.09036477655172348,0.0878891572356224,0.04326271265745163,0.041860513389110565,0.06767837703227997,0.0712006613612175,0.04976819455623627,0.057473547756671906,0.037276510149240494,0.03549868240952492,0.018373806029558182,0.01624041050672531,0.06107277795672417,0.06478050351142883,0.01614718697965145,0.020596453920006752,0.0,0.0,0.08833333745598793,0.08454092860221862,0.0,0.0,0.0,0.0,0.0,0.0,0.0,0.0,0.0,0.0,0.0,0.0,0.289871484041214,-0.027718354016542435,0.001953868428245187,0.157216876745224,-0.05914676561951637,0.026563797146081924,0.09559391438961029,0.034707121551036835,-0.0047944048419594765,0.07762172818183899,-0.03506157547235489,0.016461361199617386
392,139.44,-1.541547417640686,0.0796303078532219,0.0,0.08833333652466535,0.0,0.08833333652466535,0.049976274371147156,0.04826583340764046,-0.07757777720689774,-0.0796303078532219,0.08022338151931763,0.08418859541416168,0.03052331507205963,0.03528157249093056,0.09516099840402603,0.09268456697463989,0.037875302135944366,0.03653719648718834,0.06802985817193985,0.07243013381958008,0.049278050661087036,0.057351212948560715,0.033309612423181534,0.031599171459674835,0.015755556523799896,0.013703028671443462,0.0635567158460617,0.06752192974090576,0.01385665312409401,0.018614910542964935,0.0,0.0,0.08833333373069763,0.08833333652466535,0.0,0.0,0.0,0.0,0.0,0.0,0.0,0.0,0.0,0.0,0.0,0.0,0.286179780960083,-0.02737588807940483,0.0014379228232428432,0.15372627973556519,-0.058677881956100464,0.025991911068558693,0.09595918655395508,0.03581882640719414,-0.00483121769502759,0.0803699716925621,-0.03427518159151077,0.017139241099357605
393,139.85999999999999,-1.5464178323745728,0.08207584172487259,0.0,0.08833334024995565,0.0,0.08833334024995565,0.04610066115856171,0.04445827752351761,-0.08010497689247131,-0.08207584172487259,0.08287468552589417,0.0870908573269844,0.028442537412047386,0.033501945436000824,0.10206866264343262,0.09960762411355972,0.03246556594967842,0.031181467697024345,0.06938398629426956,0.07458934187889099,0.04891136661171913,0.05736783146858215,0.029434001073241234,0.027791613712906837,0.01322836335748434,0.011257498525083065,0.06620801985263824,0.07042419165372849,0.011775875464081764,0.016835281625390053,0.0,0.0,0.08833334024995565,0.08833334024995565,0.0,0.0,0.0,0.0,0.0,0.0,0.0,0.0,0.0,0.0,0.0,0.0,0.28188446164131165,-0.026987044140696526,0.0009941087337210774,0.14912493526935577,-0.057895660400390625,0.025164619088172913,0.09481389820575714,0.03712683171033859,-0.005021327640861273,0.08384935557842255,-0.03355732932686806,0.018207872286438942
394,140.28,-1.5512131452560425,0.08370283246040344,0.0,0.0883333346620202,0.0,0.0883333346620202,0.04457058012485504,0.04285191744565964,-0.08164043724536896,-0.08370283246040344,0.08445777744054794,0.0888560339808464,0.027188314124941826,0.03246621787548065,0.10555729269981384,0.10438090562820435,0.029916390776634216,0.028504731133580208,0.07204295694828033,0.07762317359447479,0.048369619995355606,0.05716250091791153,0.02790391631424427,0.026185255497694016,0.011692896485328674,0.009630502201616764,0.06779111921787262,0.07218936830759048,0.010521652176976204,0.01579955592751503,0.0,0.0,0.08833333373069763,0.0883333346620202,0.0,0.0,0.0,0.0,0.0,0.0,0.0,0.0,0.0,0.0,0.0,0.0,0.2777649760246277,-0.026405557990074158,0.0007404862553812563,0.14306306838989258,-0.05622014403343201,0.024061832576990128,0.09226690232753754,0.03875769302248955,-0.005151731893420219,0.08760400116443634,-0.03212747722864151,0.019485468044877052
395,140.7,-1.5559709072113037,0.0849267765879631,0.0,0.08833334024995565,0.0,0.08833334024995565,0.0442078523337841,0.042340368032455444,-0.08268579840660095,-0.0849267765879631,0.08546938747167587,0.09001544862985611,0.026300791651010513,0.03175606206059456,0.10423066467046738,0.10286729782819748,0.029030876234173775,0.02739483304321766,0.0751282200217247,0.08085040003061295,0.04762444645166397,0.05669449269771576,0.02754119038581848,0.025673704221844673,0.010647541843354702,0.008406559005379677,0.06880272179841995,0.07334878295660019,0.009634129703044891,0.015089400112628937,0.0,0.0,0.08833334024995565,0.08833333559334278,0.0,0.0,0.0,0.0,0.0,0.0,0.0,0.0,0.0,0.0,0.0,0.0,0.2747591435909271,-0.026015352457761765,0.0007340569281950593,0.1376189887523651,-0.054634854197502136,0.023014359176158905,0.0891595333814621,0.04024003446102142,-0.005164989735931158,0.09077691286802292,-0.03039310872554779,0.020526090636849403
396,141.12,-1.560755968093872,0.07340169697999954,0.0,0.07611111028119921,0.0,0.07611111028119921,0.055690959095954895,0.053689613938331604,-0.07100007683038712,-0.07340169697999954,0.09960377961397171,0.10425382852554321,0.038070932030677795,0.04365098848938942,0.11478076875209808,0.11324674636125565,0.04046199843287468,0.03862117603421211,0.08867806941270828,0.0949086919426918,0.05985257774591446,0.06908823549747467,0.02680206671357155,0.024800721555948257,0.010111027397215366,0.007709413301199675,0.07071489095687866,0.07536493986845016,0.0091820377856493,0.014762096107006073,0.0,0.0,0.07611110422760248,0.07611111028119921,0.0,0.0,0.0,0.0,0.0,0.0,0.0,0.0,0.0,0.0,0.0,0.0,0.27273043990135193,-0.026055846363306046,0.0008803507080301642,0.1347121298313141,-0.054230667650699615,0.022420063614845276,0.08729235827922821,0.04118406027555466,-0.005046242848038673,0.09330691397190094,-0.029123207554221153,0.02107236161828041
397,141.54,-1.5656092166900635,0.07277002930641174,0.0,0.0761111070215702,0.0,0.0761111070215702,0.05402049422264099,0.051923539489507675,-0.07025368511676788,-0.07277002930641174,0.10378719121217728,0.10843433439731598,0.03873058035969734,0.04430714249610901,0.11109297722578049,0.1092689111828804,0.03963330388069153,0.037444423884153366,0.0937044769525528,0.10012944787740707,0.061675045639276505,0.07095833867788315,0.025131601840257645,0.023034648969769478,0.010857421904802322,0.008341076783835888,0.07489830255508423,0.07954543828964233,0.009841686114668846,0.015418250113725662,0.0,0.0,0.0761111070215702,0.07611110609024763,0.0,0.0,0.0,0.0,0.0,0.0,0.0,0.0,0.0,0.0,0.0,0.0,0.2726748585700989,-0.029550345614552498,0.0015690508298575878,0.13279478251934052,-0.05660931020975113,0.021983379498124123,0.08478076010942459,0.04216967150568962,-0.005255869124084711,0.09771601855754852,-0.030039817094802856,0.021872950717806816
398,141.96,-1.5704624652862549,0.0720217227935791,0.0,0.07611110609024763,0.0,0.07611110609024763,0.044886261224746704,0.04737328365445137,-0.06939136236906052,-0.0720217227935791,0.10807184875011444,0.11271083354949951,0.03952290490269661,0.04508969187736511,0.10798541456460953,0.1059432104229927,0.03900748863816261,0.036556847393512726,0.09879976511001587,0.10538876801729202,0.0637131854891777,0.07299282401800156,0.023577667772769928,0.02138569951057434,0.011719743721187115,0.009089380502700806,0.0791829526424408,0.08382194489240646,0.010634011588990688,0.016200799494981766,0.0,0.0,0.07611110609024763,0.0761111032962799,0.0,0.0,0.0,0.0,0.0,0.0,0.0,0.0,0.0,0.0,0.0,0.0,0.27323925495147705,-0.03196702152490616,0.0022072086576372385,0.13237683475017548,-0.05856176093220711,0.021864622831344604,0.08384311199188232,0.042887333780527115,-0.005138762295246124,0.10100534558296204,-0.030203700065612793,0.02215750142931938
399,142.38,-1.5753179788589478,0.071915403008461,0.0,0.07611110795289278,0.0,0.07611110795289278,0.04145720601081848,0.04397588595747948,-0.06937535107135773,-0.071915403008461,0.11105825752019882,0.11568593233823776,0.039100173860788345,0.04465338960289955,0.10821476578712463,0.10618458688259125,0.039742548018693924,0.03730633854866028,0.10360126942396164,0.11020643264055252,0.06413516402244568,0.07337778061628342,0.022867074236273766,0.020750368013978004,0.011735753156244755,0.009195704944431782,0.08216936141252518,0.08679703623056412,0.010211282409727573,0.015764495357871056,0.0,0.0,0.07611110422760248,0.07611110795289278,0.0,0.0,0.0,0.0,0.0,0.0,0.0,0.0,0.0,0.0,0.0,0.0,0.2749287486076355,-0.033322155475616455,0.00279281847178936,0.1323952078819275,-0.05930172652006149,0.021857300773262978,0.08399003744125366,0.04359488561749458,-0.004497328773140907,0.1029006838798523,-0.028905648738145828,0.02189239114522934
400,142.79999999999998,-1.5801734924316406,0.07187402993440628,0.0,0.07611110888421535,0.0,0.07611110888421535,0.03865906596183777,0.04121379554271698,-0.06944622844457626,-0.07187402993440628,0.11394795030355453,0.11855969578027725,0.0386204868555069,0.0441545769572258,0.1088504046201706,0.10686096549034119,0.04065413028001785,0.038266800343990326,0.10842327028512955,0.11504615098237991,0.06458183377981186,0.07377896457910538,0.02224762737751007,0.02022445760667324,0.011664880439639091,0.0092370780184865,0.08505906164646149,0.08967079967260361,0.009731592610478401,0.015265683643519878,0.0,0.0,0.07611110888421535,0.07611110795289278,0.0,0.0,0.0,0.0,0.0,0.0,0.0,0.0,0.0,0.0,0.0,0.0,0.276600182056427,-0.03453871235251427,0.0032958961091935635,0.13284291326999664,-0.06002660095691681,0.02191065438091755,0.08467189222574234,0.04427652433514595,-0.003977849148213863,0.10464560985565186,-0.027747243642807007,0.02162681333720684
401,143.22,-1.5849335193634033,0.07205963134765625,0.0,0.07611110795289278,0.0,0.07611110795289278,0.03821183368563652,0.040652479976415634,-0.06961783766746521,-0.07205963134765625,0.11821125447750092,0.12287423014640808,0.03896204009652138,0.0445576086640358,0.11087498813867569,0.10878490656614304,0.04237627238035202,0.039868175983428955,0.11440333724021912,0.12127138674259186,0.06656757742166519,0.07576966285705566,0.022252455353736877,0.02021762542426586,0.01149327028542757,0.009051473811268806,0.08932236582040787,0.09398533403873444,0.010073145851492882,0.0156687144190073,0.0,0.0,0.07611110795289278,0.07611110515892505,0.0,0.0,0.0,0.0,0.0,0.0,0.0,0.0,0.0,0.0,0.0,0.0,0.2775672674179077,-0.035810552537441254,0.003600756172090769,0.13406306505203247,-0.061250872910022736,0.02212962508201599,0.0871334820985794,0.044947221875190735,-0.003634564345702529,0.1070186048746109,-0.02734941989183426,0.021516622975468636
402,143.64,-1.5896064043045044,0.07238727062940598,0.0,0.07611110515892505,0.0,0.07611110515892505,0.039905618876218796,0.04209847003221512,-0.06981148570775986,-0.07238727062940598,0.12379246950149536,0.12856003642082214,0.04015433415770531,0.04587540403008461,0.11428318917751312,0.11195061355829239,0.04493620619177818,0.042137112468481064,0.12166060507297516,0.12891802191734314,0.069957435131073,0.0791919156908989,0.02288723737001419,0.020740751177072525,0.011299618519842625,0.008723834529519081,0.09490357339382172,0.0996711328625679,0.011265439912676811,0.016986511647701263,0.0,0.0,0.07611110422760248,0.07611110515892505,0.0,0.0,0.0,0.0,0.0,0.0,0.0,0.0,0.0,0.0,0.0,0.0,0.2782311737537384,-0.03727315366268158,0.0038450094871222973,0.13573895394802094,-0.06282339245080948,0.022438257932662964,0.09048602730035782,0.045611657202243805,-0.0034259003587067127,0.10993179678916931,-0.027543621137738228,0.021539762616157532
403,144.06,-1.5942734479904175,0.07259705662727356,0.0,0.0761111107468605,0.0,0.0761111107468605,0.04144299402832985,0.04340950399637222,-0.06986387819051743,-0.07259705662727356,0.12977465987205505,0.13460972905158997,0.04173220321536064,0.0475342832505703,0.11810705810785294,0.11550655961036682,0.04770977050065994,0.044589169323444366,0.12938019633293152,0.13694798946380615,0.07370807975530624,0.08292055875062943,0.02376597374677658,0.02148832194507122,0.011247232556343079,0.008514050394296646,0.10088576376438141,0.10572083294391632,0.01284330990165472,0.0186453890055418,0.0,0.0,0.0761111107468605,0.0761111070215702,0.0,0.0,0.0,0.0,0.0,0.0,0.0,0.0,0.0,0.0,0.0,0.0,0.2795623540878296,-0.03894363343715668,0.004213098436594009,0.13734829425811768,-0.06427323818206787,0.02268807217478752,0.09306958317756653,0.04626593738794327,-0.0032755567226558924,0.11279371380805969,-0.027812737971544266,0.02159343659877777
404,144.48,-1.5989042520523071,0.07257197052240372,0.0,0.07611110888421535,0.0,0.07611110888421535,0.04202720522880554,0.043869804590940475,-0.06957497447729111,-0.07257197052240372,0.1375453919172287,0.14230242371559143,0.044621020555496216,0.05032945051789284,0.12307754158973694,0.1201465055346489,0.05078244209289551,0.047265198081731796,0.13855843245983124,0.14626823365688324,0.07907959073781967,0.0880928635597229,0.02565007098019123,0.02315257489681244,0.011536134406924248,0.008539138361811638,0.10865650326013565,0.11341352760791779,0.01573212817311287,0.021440556272864342,0.0,0.0,0.07611110888421535,0.07611110888421535,0.0,0.0,0.0,0.0,0.0,0.0,0.0,0.0,0.0,0.0,0.0,0.0,0.2820022404193878,-0.04069047048687935,0.004548632074147463,0.1391114592552185,-0.06540584564208984,0.022883111611008644,0.09546099603176117,0.04686739295721054,-0.003086675191298127,0.11543679237365723,-0.028232939541339874,0.021669168025255203
405,144.9,-1.6035351753234863,0.060240719467401505,0.0,0.06388887658715248,0.0,0.06388887658715248,0.042614299803972244,0.044334981590509415,-0.056977778673172,-0.060240719467401505,0.15771174430847168,0.16237524151802063,0.06002293899655342,0.06561913341283798,0.14052782952785492,0.13725602626800537,0.06630600243806839,0.06237982586026192,0.15955877304077148,0.16736052930355072,0.09703989326953888,0.10582969337701797,0.027615031227469444,0.024895913898944855,0.011911097913980484,0.008648156188428402,0.11660061776638031,0.12126410752534866,0.0189118143171072,0.024508006870746613,0.0,0.0,0.06388887658715248,0.0638888756558299,0.0,0.0,0.0,0.0,0.0,0.0,0.0,0.0,0.0,0.0,0.0,0.0,0.2847166061401367,-0.04261377453804016,0.004996211733669043,0.14103175699710846,-0.06666629761457443,0.023080065846443176,0.09745936095714569,0.0475090928375721,-0.0029889042489230633,0.11851170659065247,-0.028796151280403137,0.021814048290252686
406,145.32,-1.6081205606460571,0.06067449599504471,0.0,0.06388887844979763,0.0,0.06388887844979763,0.049275659024715424,0.05085788667201996,-0.05711749568581581,-0.06067449599504471,0.16206765174865723,0.1665613353252411,0.061431773006916046,0.06682419031858444,0.1438269317150116,0.1398029625415802,0.07392911612987518,0.06887760758399963,0.1656821370124817,0.1735774129629135,0.09958358108997345,0.10818059742450714,0.02981697954237461,0.026852812618017197,0.01177138276398182,0.008214381523430347,0.12095652520656586,0.12545020878314972,0.020320648327469826,0.02571306936442852,0.0,0.0,0.06388887844979763,0.06388887751847505,0.0,0.0,0.0,0.0,0.0,0.0,0.0,0.0,0.0,0.0,0.0,0.0,0.2856862545013428,-0.053737252950668335,0.007535156793892384,0.1487780064344406,-0.08053573966026306,0.020750563591718674,0.09193819761276245,0.0451568104326725,-0.006639392580837011,0.12436684221029282,-0.04637365788221359,0.025265038013458252
407,145.73999999999998,-1.6126914024353027,0.06103167310357094,0.0,0.06388887658715248,0.0,0.06388887658715248,0.0577920638024807,0.059237316250801086,-0.05716712027788162,-0.06103167310357094,0.1653691977262497,0.16967354714870453,0.06236642599105835,0.06753163039684296,0.14277958869934082,0.1380167454481125,0.08177660405635834,0.07580406218767166,0.17171092331409454,0.17965736985206604,0.10132201015949249,0.10967932641506195,0.0323357954621315,0.029115332290530205,0.011721756309270859,0.007857203483581543,0.12425807863473892,0.12856242060661316,0.02125530131161213,0.026420511305332184,0.0,0.0,0.06388887658715248,0.06388887658715248,0.0,0.0,0.0,0.0,0.0,0.0,0.0,0.0,0.0,0.0,0.0,0.0,0.2869126796722412,-0.062288977205753326,0.009460968896746635,0.1547929346561432,-0.09109178930521011,0.019464440643787384,0.08949999511241913,0.043317925184965134,-0.009099951945245266,0.1278436779975891,-0.05917740985751152,0.027559051290154457
408,146.16,-1.617243766784668,0.06067806854844093,0.0,0.06388887751847505,0.0,0.06388887751847505,0.0617050901055336,0.06302059441804886,-0.0566142275929451,-0.06067806854844093,0.1688748449087143,0.17300952970981598,0.06355968862771988,0.06852131336927414,0.14343386888504028,0.13812050223350525,0.08818749338388443,0.08155225217342377,0.17770123481750488,0.18566842377185822,0.10318764299154282,0.11128692328929901,0.03365501016378403,0.03026847541332245,0.012274649925529957,0.008210808970034122,0.12776371836662292,0.1318984031677246,0.022448567673563957,0.027410190552473068,0.0,0.0,0.06388887751847505,0.06388887751847505,0.0,0.0,0.0,0.0,0.0,0.0,0.0,0.0,0.0,0.0,0.0,0.0,0.2891964316368103,-0.06914377957582474,0.011083880439400673,0.16043515503406525,-0.09955655783414841,0.018957752734422684,0.08857900649309158,0.04160759598016739,-0.01079010684043169,0.12913000583648682,-0.0685918778181076,0.028840728104114532
409,146.57999999999998,-1.6217659711837769,0.05954167991876602,0.0,0.06388887658715248,0.0,0.06388887658715248,0.05820060893893242,0.05939079076051712,-0.05546056106686592,-0.05954167991876602,0.17261841893196106,0.17660918831825256,0.06504999101161957,0.06983891129493713,0.14524327218532562,0.1397155374288559,0.09171479195356369,0.08469787985086441,0.18333294987678528,0.1913047730922699,0.10531715303659439,0.11318381875753403,0.03265757113695145,0.029256638139486313,0.01342831552028656,0.00934719666838646,0.1315072923898697,0.1354980617761612,0.023938866332173347,0.028727790340781212,0.0,0.0,0.06388887658715248,0.06388887658715248,0.0,0.0,0.0,0.0,0.0,0.0,0.0,0.0,0.0,0.0,0.0,0.0,0.29145175218582153,-0.07465381920337677,0.012433897703886032,0.16496683657169342,-0.10628427565097809,0.01879362016916275,0.08807271718978882,0.04018564522266388,-0.012095453217625618,0.12941816449165344,-0.07555906474590302,0.029643822461366653
410,147.0,-1.6262881755828857,0.05837709456682205,0.0,0.06388887658715248,0.0,0.06388887658715248,0.054683443158864975,0.05575309321284294,-0.054276760667562485,-0.05837709456682205,0.17643778026103973,0.18027834594249725,0.06665248423814774,0.07126115262508392,0.14719673991203308,0.14153802394866943,0.09463781863451004,0.08732762187719345,0.18932604789733887,0.19730636477470398,0.10770283639431,0.11533351987600327,0.031685687601566315,0.028268741443753242,0.014612115919589996,0.010511782020330429,0.13532666862010956,0.13916721940040588,0.025541363283991814,0.030150029808282852,0.0,0.0,0.06388887658715248,0.06388887658715248,0.0,0.0,0.0,0.0,0.0,0.0,0.0,0.0,0.0,0.0,0.0,0.0,0.29283878207206726,-0.07874748110771179,0.01338372565805912,0.16799429059028625,-0.11116344481706619,0.018733803182840347,0.08854537457227707,0.03933148831129074,-0.013032173737883568,0.12992878258228302,-0.08048397302627563,0.03025016188621521
411,147.42,-1.630721926689148,0.05913718789815903,0.0,0.06388887658715248,0.0,0.06388887658715248,0.060265153646469116,0.061317719519138336,-0.05472555384039879,-0.05913718789815903,0.17713423073291779,0.18095408380031586,0.06738545000553131,0.07196927070617676,0.14813777804374695,0.14196564257144928,0.09923838078975677,0.09147383272647858,0.19522574543952942,0.20336706936359406,0.10877756774425507,0.11634891480207443,0.0331595204770565,0.029483160004019737,0.014163322746753693,0.009751688688993454,0.13602310419082642,0.1398429572582245,0.02627432905137539,0.030858149752020836,0.0,0.0,0.06388887658715248,0.06388887658715248,0.0,0.0,0.0,0.0,0.0,0.0,0.0,0.0,0.0,0.0,0.0,0.0,0.2936699688434601,-0.08156438171863556,0.0138158667832613,0.17027288675308228,-0.11419998109340668,0.018872883170843124,0.09101810306310654,0.03897174447774887,-0.013409360311925411,0.13111364841461182,-0.08388069272041321,0.030605394393205643
412,147.84,-1.6351556777954102,0.0597260482609272,0.0,0.0638888756558299,0.0,0.0638888756558299,0.0658140555024147,0.06685657799243927,-0.055001989006996155,-0.0597260482609272,0.17798379063606262,0.18179188668727875,0.06827430427074432,0.07143887877464294,0.14959704875946045,0.14291343092918396,0.10405069589614868,0.09586765617132187,0.20147213339805603,0.2097737342119217,0.10961464792490005,0.11712516099214554,0.03480195626616478,0.030865240842103958,0.013886886648833752,0.009162827394902706,0.13687266409397125,0.14068076014518738,0.027163177728652954,0.03173288702964783,0.0,0.0,0.0638888756558299,0.0638888756558299,0.0,0.0,0.0,0.0,0.0,0.0,0.0,0.0,0.0,0.0,0.0,0.0,0.29533126950263977,-0.08392549306154251,0.014315474778413773,0.17241069674491882,-0.11654975265264511,0.019081510603427887,0.09290565550327301,0.03870244324207306,-0.013614049181342125,0.13138258457183838,-0.08588743209838867,0.03060179203748703
413,148.26,-1.639547348022461,0.0599759966135025,0.0,0.06388887751847505,0.0,0.06388887751847505,0.06870914995670319,0.06964156776666641,-0.05498678982257843,-0.0599759966135025,0.17944057285785675,0.18307790160179138,0.0675370991230011,0.06301155686378479,0.15149402618408203,0.14442917704582214,0.10820505023002625,0.09963176399469376,0.2072748988866806,0.21552594006061554,0.11051712185144424,0.11778939515352249,0.03573149815201759,0.0315738245844841,0.013902087695896626,0.008912879042327404,0.13832944631576538,0.1419667899608612,0.028332237154245377,0.03269703686237335,0.0,0.0,0.06388887751847505,0.0638888756558299,0.0,0.0,0.0,0.0,0.0,0.0,0.0,0.0,0.0,0.0,0.0,0.0,0.2980238199234009,-0.08599911630153656,0.014913326129317284,0.17426037788391113,-0.11823908239603043,0.019252177327871323,0.09361137449741364,0.03844274580478668,-0.013749627396464348,0.13066288828849792,-0.08684521913528442,0.030364463105797768
414,148.68,-1.6439130306243896,0.04781588539481163,0.0,0.051666645221412184,0.0,0.051666645221412184,0.06997557729482651,0.0707363709807396,-0.04258821904659271,-0.04781588539481163,0.19348254799842834,0.19684986770153046,0.061059869825839996,0.05640128254890442,0.1634606122970581,0.15598760545253754,0.12400062382221222,0.11505638808012009,0.22270512580871582,0.23074351251125336,0.12385828793048859,0.13078592717647552,0.03620080649852753,0.03184441849589348,0.01407842617481947,0.008850759826600552,0.14014919102191925,0.14351651072502136,0.02966643124818802,0.033707212656736374,0.0,0.0,0.051666645221412184,0.051666645221412184,0.0,0.0,0.0,0.0,0.0,0.0,0.0,0.0,0.0,0.0,0.0,0.0,0.3007303476333618,-0.0877804309129715,0.015467679128050804,0.17571310698986053,-0.11945875734090805,0.019388742744922638,0.09398703277111053,0.03827332705259323,-0.01386997289955616,0.12978604435920715,-0.08730124682188034,0.030087485909461975
415,149.1,-1.6482740640640259,0.04800313711166382,0.0,0.051666647084057334,0.0,0.051666647084057334,0.07228505611419678,0.07293188571929932,-0.04259655997157097,-0.04800313711166382,0.19358719885349274,0.19668364524841309,0.05197043716907501,0.04721761494874954,0.16582030057907104,0.15803121030330658,0.12750299274921417,0.11820778250694275,0.22757989168167114,0.2354670912027359,0.12357139587402344,0.13019630312919617,0.03690242022275925,0.032396938651800156,0.014070087112486362,0.008663508109748363,0.14025384187698364,0.143350288271904,0.03028866834938526,0.03400441259145737,0.0,0.0,0.051666647084057334,0.051666645221412184,0.0,0.0,0.0,0.0,0.0,0.0,0.0,0.0,0.0,0.0,0.0,0.0,0.303006649017334,-0.09041251242160797,0.01622900180518627,0.17478159070014954,-0.12007434666156769,0.019335033372044563,0.0925239846110344,0.038285933434963226,-0.014089727774262428,0.12937863171100616,-0.08790186047554016,0.029905345290899277
416,149.51999999999998,-1.6526200771331787,0.04866906628012657,0.0,0.05166664801537991,0.0,0.05166664801537991,0.07794638723134995,0.07865279912948608,-0.04328436776995659,-0.04866906628012657,0.18605926632881165,0.18379127979278564,0.034518152475357056,0.02980097010731697,0.16825833916664124,0.1602640450000763,0.13111363351345062,0.12176020443439484,0.2307388335466385,0.2384205013513565,0.11941144615411758,0.11747299879789352,0.03827373683452606,0.03378649055957794,0.013382280245423317,0.007997581735253334,0.13480350375175476,0.1376156508922577,0.028608277440071106,0.03198285028338432,0.0,0.0,0.05166664801537991,0.05166664801537991,0.0,0.0,0.0,0.0,0.0,0.0,0.0,0.0,0.0,0.0,0.0,0.0,0.30434995889663696,-0.09230363368988037,0.01700798235833645,0.17332537472248077,-0.12013420462608337,0.019226953387260437,0.09059566259384155,0.03831789642572403,-0.014095873571932316,0.12843292951583862,-0.08757985383272171,0.029510201886296272
417,149.94,-1.656966209411621,0.0491706058382988,0.0,0.05166664615273476,0.0,0.05166664615273476,0.0835658386349678,0.08433149009943008,-0.04380873218178749,-0.0491706058382988,0.1707221418619156,0.16837750375270844,0.017085032537579536,0.01238641981035471,0.1709914356470108,0.1627691090106964,0.13448172807693481,0.1250050961971283,0.234000101685524,0.23909591138362885,0.10250739753246307,0.09673120081424713,0.03980480134487152,0.03533657640218735,0.012857913039624691,0.007496040314435959,0.1295480728149414,0.13207320868968964,0.027213864028453827,0.03024403564631939,0.0,0.0,0.051666645221412184,0.05166664615273476,0.0,0.0,0.00512883149087429,0.012857615835964679,0.0,0.0,0.0,0.0,0.0,0.0,0.0,0.0,0.3026834726333618,-0.09457115828990936,0.018300022929906845,0.17217054963111877,-0.12183605134487152,0.018315458670258522,0.08530900627374649,0.038347240537405014,-0.014596899040043354,0.12788450717926025,-0.08774533867835999,0.02956111542880535
418,150.35999999999999,-1.6613200902938843,0.04937609285116196,0.0,0.05166664615273476,0.0,0.05166664615273476,0.08250785619020462,0.08330954611301422,-0.04393909126520157,-0.04937609285116196,0.15881061553955078,0.15671177208423615,0.0033828162122517824,-0.000944575120229274,0.1725803166627884,0.16418299078941345,0.1356654316186905,0.12601496279239655,0.22887063026428223,0.23387551307678223,0.08724569529294968,0.08185255527496338,0.03931529074907303,0.034784454852342606,0.012727554887533188,0.007290552370250225,0.12639473378658295,0.1287342756986618,0.026678327471017838,0.029485786333680153,0.0,0.0,0.05166664615273476,0.051666645221412184,0.0,0.0,0.018295511258766054,0.025430361453909426,0.0,0.0,0.0,0.0,0.0,0.0,0.0,0.0,0.30110734701156616,-0.0961507111787796,0.019025351852178574,0.17196664214134216,-0.12372231483459473,0.017645636573433876,0.08336657285690308,0.03849794715642929,-0.015143919736146927,0.12631107866764069,-0.08743970841169357,0.02964707463979721
419,150.78,-1.665675163269043,0.04952431842684746,0.0,0.051666647084057334,0.0,0.051666647084057334,0.08033699542284012,0.0811743289232254,-0.04399626702070236,-0.04952431842684746,0.1475287228822708,0.14572075009346008,-0.00968208909034729,-0.01358503382652998,0.1738629937171936,0.1653529554605484,0.13609185814857483,0.1262967735528946,0.22486180067062378,0.22978249192237854,0.0740102007985115,0.06905785202980042,0.03849845379590988,0.03389174863696098,0.012670377269387245,0.007142328657209873,0.12366042286157608,0.12582166492938995,0.026375124230980873,0.028968606144189835,0.0,0.0,0.05166664429008961,0.051666647084057334,0.0,0.0,0.031057213321328162,0.03755363997071982,0.0,0.0,0.0,0.0,0.0,0.0,0.0,0.0,0.2983419597148895,-0.09699764102697372,0.019197458401322365,0.1719418168067932,-0.12543469667434692,0.017147721722722054,0.08366009593009949,0.03866651654243469,-0.015773793682456017,0.12480978667736053,-0.08749629557132721,0.029924659058451653
420,151.2,-1.6700359582901,0.04967312142252922,0.0,0.05166664754971862,0.0,0.05166664754971862,0.08021754771471024,0.0810447484254837,-0.04402527958154678,-0.04967312142252922,0.1334240436553955,0.13198630511760712,-0.02566320076584816,-0.029009122401475906,0.1752774864435196,0.16666582226753235,0.13688141107559204,0.126938134431839,0.2184036523103714,0.21738745272159576,0.05825391411781311,0.05378783494234085,0.03833845257759094,0.03363191708922386,0.012641367502510548,0.006993526127189398,0.11878950893878937,0.1207813173532486,0.025223009288311005,0.027613183483481407,0.0,0.0,0.051666647084057334,0.05166664754971862,0.0,0.0,0.04588621005415917,0.051622305884957316,0.0,0.0,0.0,0.0,0.0,0.0,0.0,0.0,0.2948436737060547,-0.09717021882534027,0.01915300451219082,0.17146985232830048,-0.1265181303024292,0.016682514920830727,0.08425762504339218,0.038893286138772964,-0.01629730500280857,0.12302304804325104,-0.08700458705425262,0.03013673983514309
421,151.62,-1.6744030714035034,0.049793533980846405,0.0,0.05166664801537991,0.0,0.05166664801537991,0.08234710246324539,0.08311252295970917,-0.043992023915052414,-0.049793533980846405,0.11611396074295044,0.11512525379657745,-0.03335582837462425,-0.03117193467915058,0.17678402364253998,0.16807591915130615,0.1380830854177475,0.127974733710289,0.20132173597812653,0.20074784755706787,0.03961605578660965,0.03558013588190079,0.03892941400408745,0.03409482538700104,0.012674621306359768,0.006873113103210926,0.11167304217815399,0.113492950797081,0.023310819640755653,0.025494711473584175,0.0,0.0,0.051666645221412184,0.051666647084057334,0.0,0.0,0.05166664801537991,0.05166664615273476,0.0,0.0,0.0,0.0,0.0,0.0,0.0,0.0,0.2903444468975067,-0.09676188230514526,0.018815120682120323,0.17064496874809265,-0.12712539732456207,0.016248267143964767,0.08505946397781372,0.039031364023685455,-0.01679992862045765,0.12074150145053864,-0.08651161938905716,0.030377395451068878
422,152.04,-1.6787703037261963,0.04984400048851967,0.0,0.05166664615273476,0.0007522077113389968,0.05091443844139576,0.08444288372993469,0.08515097200870514,-0.04389887675642967,-0.04984400048851967,0.09880518168210983,0.09822823107242584,-0.03495074808597565,-0.033001650124788284,0.1781371384859085,0.16939261555671692,0.1387898325920105,0.12854422628879547,0.18453675508499146,0.18442074954509735,0.02149255760014057,0.017912786453962326,0.03958199545741081,0.034627724438905716,0.012767767533659935,0.006822643801569939,0.10473314672708511,0.1063573881983757,0.02171589806675911,0.023664994165301323,0.0,0.0,0.05166664429008961,0.05166664429008961,0.0009279650449752807,0.0031291571259498595,0.05166664615273476,0.05166664429008961,0.0,0.0,0.0,0.0,0.0,0.0,0.0,0.0007522077113389968,0.28415584564208984,-0.09594617038965225,0.017916150391101837,0.16980664432048798,-0.12768733501434326,0.01586230844259262,0.08695198595523834,0.038854025304317474,-0.017559455707669258,0.1180105209350586,-0.08725547790527344,0.030915111303329468
423,152.46,-1.6831400394439697,0.03759269416332245,0.0,0.039444417580962184,0.01139113388955593,0.028053283691406253,0.08635984361171722,0.08702700585126877,-0.03162006288766861,-0.03759269416332245,0.08870148658752441,0.0886135846376419,-0.02451431006193161,-0.022785117849707603,0.1894170641899109,0.18068203330039978,0.14691968262195587,0.14070530235767365,0.17384886741638184,0.17434062063694,0.004062472376972437,0.005268163979053497,0.04023095965385437,0.03525376319885254,0.012824354693293571,0.006851721554994583,0.09731005132198334,0.09875104576349258,0.019930105656385422,0.02165929786860943,0.0,0.0,0.039444417580962184,0.039444415718317034,0.0036085647344589232,0.005137461125850677,0.039444415718317034,0.039444415718317034,0.0,0.0,0.0,0.0,0.0,0.0,0.010867633279412984,0.01139113388955593,0.27660900354385376,-0.09464533627033234,0.01673975959420204,0.16838860511779785,-0.1278875470161438,0.015370886772871017,0.0885484516620636,0.03842318803071976,-0.01847759634256363,0.11436804383993149,-0.08827110379934311,0.03154747188091278
424,152.88,-1.6875096559524536,0.037501681596040726,0.005644648335874081,0.03944441618397832,0.01917249884456396,0.02027191733941436,0.08826936036348343,0.08889031410217285,-0.03149986267089844,-0.037501681596040726,0.07201260328292847,0.07217256724834442,-0.02591656520962715,-0.0244310200214386,0.1902705878019333,0.18163031339645386,0.141826331615448,0.14007869362831116,0.15645211935043335,0.15723241865634918,-0.005644648335874081,-0.00010578059300314635,0.04094298183917999,0.0359414666891098,0.01294455211609602,0.0069427345879375935,0.0901581272482872,0.09139608591794968,0.01852785050868988,0.020013395696878433,0.0,0.0,0.03944441478699446,0.03944441618397832,0.013145523965358733,0.014223518669605254,0.039444415718317034,0.039444415718317034,0.0,0.0,0.0,0.0,0.0,0.0,0.01917249884456396,0.015119176289881579,0.26754623651504517,-0.09381814301013947,0.015252262353897095,0.16528213024139404,-0.12778130173683167,0.014748853631317616,0.0898049920797348,0.0379505380988121,-0.019671890884637833,0.1109619289636612,-0.09017994999885559,0.03250669315457344
425,153.29999999999998,-1.6918723583221436,0.03766591101884842,0.008395776152610779,0.03944441664963961,0.02096304938197136,0.01848136726766825,0.0878860205411911,0.08843628317117691,-0.031679604202508926,-0.03766591101884842,0.058909736573696136,0.05923585966229439,-0.02687714248895645,-0.025588523596525192,0.19130590558052063,0.18284966051578522,0.13541683554649353,0.1355549842119217,0.141611710190773,0.14259064197540283,-0.008395776152610779,-0.0029241445008665323,0.04118495434522629,0.03619636222720146,0.01276481244713068,0.0067785051651299,0.08467771112918854,0.08575156331062317,0.01756727322936058,0.01885589212179184,0.0,0.0,0.03944441664963961,0.03944441618397832,0.0207679745554924,0.02151570364832878,0.039444415718317034,0.039444415718317034,0.0,0.0,0.0,0.0,0.0,0.0,0.02096304938197136,0.01678003662265837,0.25978437066078186,-0.09271895885467529,0.0137220723554492,0.16224375367164612,-0.12731504440307617,0.014021996408700943,0.08980032056570053,0.03722982108592987,-0.02089899592101574,0.10763835906982422,-0.09256429970264435,0.03364090994000435
426,153.72,-1.6962324380874634,0.037934836000204086,0.010650774464011192,0.039444415718317034,0.02247693657875061,0.016967479139566425,0.08658435195684433,0.08705507218837738,-0.03198156878352165,-0.037934836000204086,0.04751543328166008,0.047966618090867996,-0.027618253603577614,-0.02651001140475273,0.1925581693649292,0.1843326985836029,0.12863996624946594,0.12856754660606384,0.12746953964233398,0.12862637639045715,-0.010650774464011192,-0.005235764663666487,0.04123722389340401,0.03627616912126541,0.01246284507215023,0.0065095797181129456,0.07989723235368729,0.08082076907157898,0.016826162114739418,0.0179344043135643,0.0,0.0,0.039444413855671885,0.039444415718317034,0.027381799072027205,0.027854150980710982,0.039444415718317034,0.039444415718317034,0.0,0.0,0.0,0.0,0.0,0.0,0.02247693657875061,0.018170168977230786,0.25296100974082947,-0.09138423204421997,0.012262263335287571,0.1588834673166275,-0.12645375728607178,0.01320953294634819,0.08835505694150925,0.036497361958026886,-0.022059325128793716,0.10504966974258423,-0.09499825537204742,0.03491394966840744
427,154.14,-1.7005970478057861,0.0381888672709465,0.012880073860287666,0.039444415718317034,0.02389249101281166,0.015551924705505375,0.0860259085893631,0.08645965903997421,-0.03225678205490112,-0.0381888672709465,0.03681885078549385,0.03738529235124588,-0.028431998565793037,-0.02748510241508484,0.19396378099918365,0.18594861030578613,0.12253911793231964,0.12232983112335205,0.11291418969631195,0.1142788678407669,-0.012880073860287666,-0.0074966768734157085,0.04152495414018631,0.03658154979348183,0.01218763180077076,0.006255547981709242,0.07517904788255692,0.07596812397241592,0.016012417152523994,0.016959313303232193,0.0,0.0,0.039444413855671885,0.03944441525265575,0.03336019709706307,0.033582831621170046,0.039444415718317034,0.039444415718317034,0.0,0.0,0.0,0.0,0.0,0.0,0.02389249101281166,0.0194559901766479,0.24624457955360413,-0.08972038328647614,0.010875379666686058,0.15510505437850952,-0.12532122433185577,0.012329299934208393,0.08583257347345352,0.035872478038072586,-0.023158513009548187,0.1033221110701561,-0.0972743034362793,0.03630174696445465
428,154.56,-1.7049707174301147,0.038408420979976654,0.015500727109611034,0.039444415718317034,0.02538591705262661,0.014058498665690426,0.0869569256901741,0.08743564784526825,-0.032475922256708145,-0.038408420979976654,0.027547519654035568,0.028209084644913673,-0.029559224843978882,-0.028724657371640205,0.19544336199760437,0.1876491904258728,0.1162901446223259,0.1161237582564354,0.09891122579574585,0.10060416162014008,-0.015500727109611034,-0.010031452402472496,0.04228473827242851,0.03734099119901657,0.011968492530286312,0.006035993341356516,0.07046883553266525,0.07116430252790451,0.014885189943015575,0.015719758346676826,0.0,0.0,0.03944441478699446,0.03944441432133317,0.03792131587862969,0.03795521788299084,0.03944441478699446,0.039444415718317034,0.0,0.0,0.0,0.0,0.0,0.0,0.02538591705262661,0.02075121074914932,0.23719576001167297,-0.08619209378957748,0.009740405716001987,0.15065205097198486,-0.12170833349227905,0.011167249642312527,0.08174794912338257,0.03724198043346405,-0.024036359041929245,0.1053222268819809,-0.09457290172576904,0.03743843734264374
429,154.98,-1.709344506263733,0.038581956177949905,0.017903055995702744,0.03944441944360733,0.026819707714021205,0.012624711729586128,0.08788415044546127,0.08840033411979675,-0.0326499380171299,-0.038581956177949905,0.021443964913487434,0.02204122394323349,-0.030527763068675995,-0.029811052605509758,0.19705882668495178,0.18946750462055206,0.11039888113737106,0.11027401685714722,0.08408302068710327,0.08612585067749023,-0.017903055995702744,-0.012383311055600643,0.043088704347610474,0.03814535588026047,0.011794477701187134,0.005862461403012276,0.06588838249444962,0.06648564338684082,0.013916651718318462,0.0146333621814847,0.0,0.0,0.039444415718317034,0.039444417580962184,0.039444417580962184,0.03944441944360733,0.03944441478699446,0.03944441478699446,0.0,0.0,0.0,0.0,0.0,0.0,0.026819707714021205,0.02201667323708534,0.22887130081653595,-0.08289448916912079,0.008578396402299404,0.14590050280094147,-0.11837185174226761,0.009987886995077133,0.07688239216804504,0.0379045307636261,-0.02485990710556507,0.10632171481847763,-0.09332436323165894,0.03865855932235718
430,155.4,-1.7137738466262817,0.03877446427941322,0.021131515502929688,0.039444417580962184,0.029204213880002498,0.010240203700959686,0.08684226125478745,0.08745883405208588,-0.03297857195138931,-0.03877446427941322,0.013949253596365452,0.014544427394866943,-0.031371716409921646,-0.030657509341835976,0.19911406934261322,0.1918402910232544,0.10219646245241165,0.10219718515872955,0.05986107140779495,0.06283142417669296,-0.021131515502929688,-0.015425155870616436,0.043286409229040146,0.038456495851278305,0.011465845629572868,0.005669951438903809,0.05839366838335991,0.058988843113183975,0.013072698377072811,0.01378690730780363,0.0,0.0,0.039444417580962184,0.039444415718317034,0.03944441478699446,0.039444415718317034,0.03944441478699446,0.03944441664963961,0.0,0.0,0.0,0.0,0.0,0.0,0.029204213880002498,0.024212063178420066,0.2206389605998993,-0.07958655059337616,0.0075322287157177925,0.1398622840642929,-0.11451795697212219,0.00864983256906271,0.06971442699432373,0.03797315061092377,-0.025601640343666077,0.10596852004528046,-0.0926036536693573,0.03986717760562897
431,155.82,-1.7182060480117798,0.03894879296422005,0.023395618423819542,0.039444417115300896,0.031215187050402163,0.008229230064898733,0.08569984138011932,0.08641774952411652,-0.033297061920166016,-0.03894879296422005,0.006798504386097193,0.007377156522125006,-0.031624846160411835,-0.03093046508729458,0.2017805576324463,0.1949065774679184,0.0918634757399559,0.0919816866517067,0.03568271920084953,0.03981652855873108,-0.023395618423819542,-0.017532825469970703,0.043470174074172974,0.03876040130853653,0.011147351935505867,0.005495624151080847,0.05124292150139809,0.051821570843458176,0.012819568626582623,0.013513951562345028,0.0,0.0,0.039444413855671885,0.039444417115300896,0.039444417115300896,0.03944441432133317,0.03944441478699446,0.03944441664963961,0.0,0.0,0.0,0.0,0.010560202300548552,0.0070050422847270965,0.031215187050402163,0.02604677703231573,0.20999616384506226,-0.07576174288988113,0.005967753939330578,0.132313072681427,-0.11030254513025284,0.007124803960323334,0.061899468302726746,0.0373673178255558,-0.02658899500966072,0.10509335994720459,-0.09381429105997086,0.04151502624154091
432,156.23999999999998,-1.722697138786316,0.02647830918431282,0.011384048499166965,0.02722218621522188,0.0201608332619071,0.007061352953314781,0.08942946791648865,0.08958061784505844,-0.020835021510720253,-0.02647830918431282,0.014433606527745724,0.015024499036371708,-0.018445400521159172,-0.01773632876574993,0.2121516913175583,0.20445525646209717,0.08752721548080444,0.08651602268218994,0.03221841901540756,0.037316881120204926,-0.011384048499166965,-0.005335689522325993,0.045235488563776016,0.04053274914622307,0.011387163773179054,0.005743876565247774,0.046655792742967606,0.04724668338894844,0.013776784762740135,0.014485856518149376,0.0,0.0,0.027222185283899306,0.027222185749560594,0.02722218621522188,0.02722218435257673,0.027222185283899306,0.027222185283899306,0.0,0.0,0.0,0.0,0.009437373727560042,0.004929802268743515,0.0201608332619071,0.014821546040475368,0.1967100203037262,-0.07133663445711136,0.003783947555348277,0.12408430874347687,-0.10620550066232681,0.005538395140320063,0.054806727916002274,0.03643527999520302,-0.0276784747838974,0.10500061511993408,-0.09667423367500305,0.043586309999227524
433,156.66,-1.7272324562072754,0.02581004798412323,0.0101850600913167,0.02722218621522188,0.020782501325011252,0.0064396848902106285,0.09443952888250351,0.09462541341781616,-0.020076222717761993,-0.02581004798412323,0.011731981299817562,0.012350655160844326,-0.01662474311888218,-0.015882335603237152,0.2120032012462616,0.20432153344154358,0.0851936861872673,0.08427744358778,0.02734907902777195,0.032561033964157104,-0.0101850600913167,-0.003930714447051287,0.04828259348869324,0.04350440576672554,0.01214596163481474,0.00641213683411479,0.043954167515039444,0.04457284137606621,0.015597441233694553,0.016339849680662155,0.0,0.0,0.02722218435257673,0.02722218481823802,0.02722218621522188,0.02722218621522188,0.02722218435257673,0.027222185283899306,0.0,0.0,0.0,0.0,0.011605088487267493,0.007011807411909103,0.020782501325011252,0.015270564127713441,0.1889514923095703,-0.06843648850917816,0.002344359876587987,0.11651657521724701,-0.10273098200559616,0.003958920948207378,0.04587871581315994,0.03630907088518143,-0.02839800715446472,0.10658085346221924,-0.09833193570375443,0.04547623544931412
434,157.07999999999998,-1.7317709922790527,0.025291915982961655,0.008965064771473408,0.027222187146544456,0.021136194355785846,0.00608599279075861,0.09759915620088577,0.09781134873628616,-0.019482234492897987,-0.025291915982961655,0.009396234527230263,0.010012310929596424,-0.015051056630909443,-0.014311765320599079,0.21239538490772247,0.20473472774028778,0.0836355984210968,0.08279923349618912,0.023171162232756615,0.02845422364771366,-0.008965064771473408,-0.0026253904215991497,0.05059002339839935,0.045748621225357056,0.01273995079100132,0.006930268835276365,0.04161842167377472,0.04223449528217316,0.01717112958431244,0.017910420894622803,0.0,0.0,0.027222185283899306,0.02722218481823802,0.027222187146544456,0.02722218435257673,0.02722218621522188,0.02722218621522188,0.0,0.0,0.0,0.0,0.013447259441018104,0.008780271634459495,0.021136194355785846,0.015535811316221951,0.18416018784046173,-0.06589741259813309,0.0014745446387678385,0.11118753254413605,-0.09994576871395111,0.0026940605603158474,0.0374954529106617,0.035906657576560974,-0.02886132337152958,0.10686744749546051,-0.09924973547458649,0.04668334871530533
435,157.5,-1.7363238334655762,0.025965625420212746,0.009416342712938786,0.027222185749560594,0.02075222309678793,0.006469962652772665,0.09274499118328094,0.09294185787439346,-0.02012505568563938,-0.025965625420212746,0.007437750697135925,0.008000260218977928,-0.015886303037405014,-0.015211292542517185,0.20883376896381378,0.20119041204452515,0.07608850300312042,0.07512661814689636,0.020008765161037445,0.02524598129093647,-0.009416342712938786,-0.003131683450192213,0.04924512282013893,0.04437798261642456,0.012097129598259926,0.006256560329347849,0.03965993598103523,0.040222443640232086,0.016335880383849144,0.017010891810059547,0.0,0.0,0.027222185283899306,0.027222185749560594,0.027222185283899306,0.027222183421254157,0.027222183421254157,0.02722218435257673,0.0,0.0,0.0,0.0,0.014651170819997787,0.009976462349295615,0.02075222309678793,0.01514257526025176,0.18178775906562805,-0.06375707685947418,0.001056153792887926,0.10701033473014832,-0.09759317338466644,0.0015507489442825317,0.02944846637547016,0.03522341698408127,-0.029335880652070045,0.10585155338048935,-0.09980732947587967,0.04750247672200203
436,157.92,-1.74087655544281,0.026633258908987045,0.009962423704564571,0.027222186680883168,0.02047966782003641,0.006742518860846758,0.08788970857858658,0.08807341754436493,-0.020761586725711823,-0.026633258908987045,0.005494821351021528,0.006003538612276316,-0.016704941168427467,-0.016094479709863663,0.20551250874996185,0.19790571928024292,0.06888163089752197,0.06778567284345627,0.01713198609650135,0.0223130751401186,-0.009962423704564571,-0.0037451155949383974,0.04790574312210083,0.04301268234848976,0.01146059948951006,0.005588925443589687,0.03771700710058212,0.038225725293159485,0.01551724411547184,0.016127705574035645,0.0,0.0,0.02722218621522188,0.02722218435257673,0.027222185749560594,0.027222186680883168,0.027222185283899306,0.027222185283899306,0.0,0.0,0.0,0.0,0.015585021004080771,0.010912650153040885,0.02047966782003641,0.014872821168974041,0.1795518845319748,-0.06139521300792694,0.0007652912172488868,0.10361699759960175,-0.09547370672225952,0.000586017849855125,0.02257155254483223,0.03477969020605087,-0.02952387183904648,0.10505220293998718,-0.0994112640619278,0.04801616817712784
437,158.34,-1.7455317974090576,0.028016813099384308,0.011649028398096561,0.027222185749560594,0.020299145840108394,0.0069230399094522,0.08917462825775146,0.08940264582633972,-0.02218562550842762,-0.028016813099384308,0.0020628715865314007,0.002595314057543874,-0.018572067841887474,-0.017933135852217674,0.2062302976846695,0.1987636834383011,0.06841742992401123,0.0676109790802002,0.012851366773247719,0.018039781600236893,-0.011649028398096561,-0.00542293069884181,0.04872836917638779,0.04386904463171959,0.010036559775471687,0.004205371253192425,0.034285057336091995,0.03481749817728996,0.013650117442011833,0.014289048500359058,0.0,0.0,0.027222185283899306,0.02722218435257673,0.027222185749560594,0.027222184119746088,0.027222185283899306,0.02722218435257673,0.0,0.0,0.0,0.0,0.016433690562844275,0.011777716577053069,0.020299145840108394,0.014711979199200868,0.17875303328037262,-0.058596912771463394,0.000487550743855536,0.10066092014312744,-0.09264339506626129,-0.0003420374996494502,0.016067858785390854,0.034654296934604645,-0.029258020222187042,0.10367842763662338,-0.09767398238182068,0.04812132939696312
438,158.76,-1.7502111196517944,0.029470425099134445,0.013501865789294243,0.02722218621522188,0.0200962832942605,0.00712590292096138,0.09188531339168549,0.09217023104429245,-0.023698296397924423,-0.029470425099134445,-0.0016695610247552395,-0.001095036743208766,-0.020627768710255623,-0.019938338547945023,0.20803600549697876,0.20070263743400574,0.06957009434700012,0.06909304112195969,0.008375476114451885,0.013585411012172699,-0.013501865789294243,-0.007249943912029266,0.05014549195766449,0.04533538594841957,0.008523888885974884,0.0027517604175955057,0.03055262379348278,0.031127149239182472,0.011594417504966259,0.012283846735954285,0.0,0.0,0.027222185283899306,0.02722218551672995,0.02722218481823802,0.027222185982391237,0.02722218621522188,0.027222185283899306,0.0,0.0,0.0,0.0,0.017177147679030894,0.012541738227009772,0.0200962832942605,0.01453379064798355,0.17797359824180603,-0.05653934180736542,0.00013316220429260284,0.09828799217939377,-0.0903184562921524,-0.0010551613522693515,0.01084931567311287,0.03441274166107178,-0.02908734418451786,0.10221007466316223,-0.09661945700645447,0.048175420612096786
439,159.18,-1.7549508810043335,0.030941370874643326,0.015009383670985699,0.02722218621522188,0.019890504777431487,0.007331681437790394,0.09530551731586456,0.09567354619503021,-0.025245148688554764,-0.030941370874643326,-0.00448427302762866,-0.0038395868614315987,-0.022341063246130943,-0.021567441523075104,0.21092379093170166,0.2037181556224823,0.07167385518550873,0.07155152410268784,0.005112287122756243,0.010379627346992493,-0.015009383670985699,-0.008688575588166714,0.052328068763017654,0.04758121818304062,0.0069770365953445435,0.0012808141764253378,0.02773791179060936,0.028382597491145134,0.00988112110644579,0.010654744692146778,0.0,0.0,0.027222185283899306,0.027222185051068663,0.02722218481823802,0.02722218435257673,0.02722218435257673,0.02722218621522188,0.0,0.0,0.0,0.0,0.017625624667853116,0.01300297014415264,0.019890504777431487,0.01434332028031349,0.1769638955593109,-0.05526299029588699,-0.00043347408063709736,0.09680994600057602,-0.08876083046197891,-0.0015101151075214148,0.008136235177516937,0.03407900035381317,-0.029038505628705025,0.10120899975299835,-0.09679926931858063,0.048316359519958496
440,159.6,-1.759771704673767,0.03240891918540001,0.01614859700202942,0.027222185749560594,0.019714354425668715,0.007507831323891878,0.09967271238565445,0.10016458481550217,-0.026812726631760597,-0.03240891918540001,-0.0061265998519957066,-0.005375255830585957,-0.02365642786026001,-0.022754814475774765,0.21538987755775452,0.20832160115242004,0.07533038407564163,0.07562258094549179,0.0033186122309416533,0.00869060680270195,-0.01614859700202942,-0.00970220286399126,0.05553986504673958,0.050876371562480927,0.005409458186477423,-0.00018673425074666739,0.026095585897564888,0.026846928521990776,0.008565757423639297,0.009467369876801968,0.0,0.0,0.02722218481823802,0.02722218493465334,0.027222185749560594,0.02722218435257673,0.027222185283899306,0.02722218435257673,0.0,0.0,0.0,0.0,0.017776973666623234,0.013156321719288825,0.019714354425668715,0.014169572740793227,0.17619557678699493,-0.054652340710163116,-0.0011484556598588824,0.09629573673009872,-0.08785755932331085,-0.0017324103973805904,0.0077592190355062485,0.03374341130256653,-0.029052145779132843,0.1007346510887146,-0.09789702296257019,0.04852130264043808
441,160.01999999999998,-1.7645972967147827,0.021501129493117332,0.005019607953727245,0.014999955315142869,0.007293765321373939,0.00770618999376893,0.10774122923612595,0.10784121602773666,-0.015998600050807,-0.021501129493117332,0.004475732799619436,0.005331804975867271,-0.012725797481834888,-0.011698510497808456,0.23239757120609283,0.22543619573116302,0.08462454378604889,0.0841066986322403,0.01374379824846983,0.019219573587179184,-0.005019607953727245,0.001551322522573173,0.058737147599458694,0.054151710122823715,0.004001353867352009,-0.0015011754585430026,0.024475688114762306,0.025331759825348854,0.007274157367646694,0.008301444351673126,0.0,0.0,0.014999953918159007,0.014999954034574329,0.014999955315142869,0.014999954849481582,0.014999954849481582,0.014999954849481582,0.0,0.0,0.0,0.0,0.0057318898662924765,0.00111218623816967,0.007293765321373939,0.001750121829099953,0.1761823147535324,-0.054715029895305634,-0.0016973256133496761,0.09610821306705475,-0.08735398203134537,-0.0018463577143847942,0.007388667203485966,0.033359188586473465,-0.029205897822976112,0.10011476278305054,-0.09915585070848465,0.048720985651016235
442,160.44,-1.7695244550704956,0.023627087473869324,0.005587177816778421,0.015000014454126357,0.0067301587015390395,0.008269855752587318,0.1032773032784462,0.10337428748607635,-0.01798522286117077,-0.023627087473869324,0.0030450078193098307,0.00398895563557744,-0.013857033103704453,-0.012724296189844608,0.2343883216381073,0.22722816467285156,0.0832040086388588,0.08280543237924576,0.012296953238546848,0.017889514565467834,-0.005587177816778421,0.0011238964507356286,0.058748114854097366,0.05404656007885933,0.0020147915929555893,-0.003627073485404253,0.023045022040605545,0.02398896962404251,0.006142980884760618,0.00727571826428175,0.0,0.0,0.015000014454126357,0.01500001398846507,0.015000014221295713,0.01500001398846507,0.01500001398846507,0.015000014454126357,0.0,0.0,0.0,0.0,0.005748068802058697,0.0010994550585746764,0.0067301587015390395,0.001151821813546121,0.18132811784744263,-0.057024285197257996,-0.0014187096385285258,0.09477207064628601,-0.08698107302188873,-0.002193854656070471,0.00380239961668849,0.03375985100865364,-0.02951880916953087,0.10037262737751007,-0.09936736524105072,0.04907112941145897
443,160.85999999999999,-1.774451732635498,0.025725126266479492,0.0062369112856686115,0.014999954849481582,0.0062633961252868174,0.008736558724194765,0.09883877635002136,0.09892695397138596,-0.019946033135056496,-0.025725126266479492,0.0016300835413858294,0.0026619071140885353,-0.014973470009863377,-0.013735281303524971,0.23561351001262665,0.22828808426856995,0.08063739538192749,0.08034749329090118,0.010903428308665752,0.016611767932772636,-0.0062369112856686115,0.0006130970432423055,0.05877583101391792,0.053959921002388,5.3921063226880506e-05,-0.0057251714169979095,0.02163003757596016,0.022661861032247543,0.005026484839618206,0.006264673080295324,0.0,0.0,0.014999954198283375,0.014999954849481582,0.014999954034574329,0.014999953918159007,0.014999954849481582,0.014999954383820294,0.0,0.0,0.0,0.0,0.005726609267294407,0.0010500930994749068,0.0062633961252868174,0.0006515760370530187,0.18469266593456268,-0.05866153538227081,-0.0013123203534632921,0.09350402653217316,-0.0866561233997345,-0.0024712244048714638,0.001307029975578189,0.03401956707239151,-0.029801376163959503,0.10055919736623764,-0.09980996698141098,0.049460746347904205
444,161.28,-1.7793892621994019,0.027414560317993164,0.006602122448384762,0.014999955780804156,0.005865621268749237,0.00913433451205492,0.0962652787566185,0.0962383970618248,-0.021534036844968796,-0.027414560317993164,0.00046686490532010794,0.001646078540943563,-0.015736455097794533,-0.014321399852633476,0.23824939131736755,0.23080991208553314,0.07948963344097137,0.07926708459854126,0.009743894450366497,0.015619458630681038,-0.006602122448384762,0.00044855408486910164,0.06030035763978958,0.05539992079138756,-0.001534082111902535,-0.007414604537189007,0.020466819405555725,0.021646033972501755,0.004263498820364475,0.005678554996848106,0.0,0.0,0.01499995473306626,0.014999955780804156,0.014999954500235616,0.01499995543155819,0.014999953918159007,0.014999954849481582,0.0,0.0,0.0,0.0,0.005722924955189228,0.0010265753418207168,0.005865621268749237,0.00023000091197900464,0.1874541938304901,-0.059553056955337524,-0.001315192086622119,0.09222156554460526,-0.08593650907278061,-0.0027717100456357002,-0.0009500044398009777,0.03426772356033325,-0.02997777611017227,0.10040128976106644,-0.09986978024244308,0.04975190758705139
445,161.7,-1.7843317985534668,0.028834402561187744,0.0068182689137756824,0.014999955606181174,0.0057187116518616675,0.009281243954319507,0.09468366950750351,0.09449140727519989,-0.02287513203918934,-0.028834402561187744,-0.0005557927652262151,0.0008002176764421165,-0.016310105100274086,-0.014682892709970474,0.2416391670703888,0.2341153770685196,0.079091876745224,0.0789184495806694,0.008725450374186039,0.014792689122259617,-0.0068182689137756824,0.0004624177818186581,0.06261241436004639,0.05764635652303696,-0.0028751769568771124,-0.008834447711706161,0.019444162026047707,0.02080017328262329,0.0036898490507155657,0.005317061673849821,0.0,0.0,0.014999955082312225,0.014999954849481582,0.01499995479127392,0.014999955606181174,0.01499995415098965,0.014999954383820294,0.0,0.0,0.0,0.0,0.0057187116518616675,0.001007484160363674,0.005508117964491248,0.0,0.18981952965259552,-0.060135092586278915,-0.001363404095172882,0.09112057089805603,-0.08512475341558456,-0.003045469056814909,-0.0028841616585850716,0.03444044291973114,-0.030115477740764618,0.10012364387512207,-0.09991120547056198,0.05001045763492584
446,162.12,-1.7892318964004517,0.029384173452854156,0.006438384298235178,0.015000015385448932,0.005623009875416756,0.009377005510032177,0.09418570250272751,0.09380915760993958,-0.023363163694739342,-0.029384173452854156,-0.000598205195274204,0.0009364855941385031,-0.01629270613193512,-0.01445107813924551,0.2464876025915146,0.23891085386276245,0.07981302589178085,0.07966407388448715,0.008778799325227737,0.015035590156912804,-0.006438384298235178,0.0010697651887312531,0.0661962553858757,0.061178743839263916,-0.0033631499391049147,-0.009384158067405224,0.019401809200644493,0.020936500281095505,0.003707307390868664,0.005548936314880848,0.0,0.0,0.015000013755634426,0.015000015385448932,0.015000014395918696,0.015000014686957,0.015000013522803782,0.015000014454126357,0.0,0.0,0.0,0.0,0.005623009875416756,0.000900910124182701,0.005145691689103842,0.0,0.19219458103179932,-0.06057792156934738,-0.0014702031621709466,0.09038235992193222,-0.08428455144166946,-0.0032729310914874077,-0.004063737113028765,0.0345165990293026,-0.030187133699655533,0.09977515041828156,-0.10014248639345169,0.05026086047291756
447,162.54,-1.7940261363983154,0.027808036655187607,0.004528419580310583,0.015000014919787644,0.005301641188561916,0.009698373731225729,0.09643906354904175,0.09584088623523712,-0.021759677678346634,-0.027808036655187607,0.001797154312953353,0.003514928510412574,-0.014807119034230709,-0.012745790183544159,0.2533121407032013,0.24772889912128448,0.08382569998502731,0.08364317566156387,0.011495527811348438,0.01794077269732952,-0.004528419580310583,0.003205874003469944,0.07293576747179031,0.06789546459913254,-0.0017596636898815632,-0.0078080217353999615,0.021797168999910355,0.023514943197369576,0.005192895419895649,0.007254224270582199,0.0,0.0,0.01500001398846507,0.015000014919787644,0.015000014686957,0.015000014686957,0.015000014454126357,0.015000014454126357,0.0,0.0,0.0,0.0,0.005301641188561916,0.0005741705000400542,0.004721315000206232,0.0,0.19551225006580353,-0.06092432141304016,-0.0016625598073005676,0.09026432037353516,-0.08322234451770782,-0.00345132639631629,-0.004046889487653971,0.03454852104187012,-0.030098358169198036,0.09934638440608978,-0.10055038332939148,0.050465092062950134
448,162.96,-1.7988201379776,0.026004651561379433,0.002558733569458127,0.015000014919787644,0.004903368540108204,0.010096646379679441,0.09907176345586777,0.0982685387134552,-0.019940625876188278,-0.026004651561379433,0.004251718986779451,0.006150643806904554,-0.013266880065202713,-0.010988169349730015,0.25803935527801514,0.2569049000740051,0.08869685977697372,0.08850231766700745,0.014348364435136318,0.02098190039396286,-0.002558733569458127,0.005401510279625654,0.07980985939502716,0.07475650310516357,5.938773028901778e-05,-0.006004637572914362,0.024251732975244522,0.0261506587266922,0.006733134388923645,0.009011844173073769,0.0,0.0,0.015000013606477295,0.01500001398846507,0.01500001398846507,0.015000014919787644,0.015000014454126357,0.015000013522803782,0.0,0.0,0.0,0.0,0.004903368540108204,0.0001687583327293395,0.004291867958381772,0.0,0.19952836632728577,-0.06165465712547302,-0.0017170379869639874,0.0909094288945198,-0.08251640945672989,-0.0035029405262321234,-0.0038307146169245243,0.03456242382526398,-0.030065860599279404,0.09935624897480011,-0.10117744654417038,0.050685472786426544
449,163.38,-1.8033939599990845,0.02454252913594246,0.0011633801041170955,0.014999955315142869,0.0046989087760448455,0.010301046539098024,0.09977328777313232,0.09870215505361557,-0.01826801523566246,-0.02454252913594246,0.006684937514364719,0.008506950922310352,-0.012335330247879028,-0.010148914530873299,0.2615202069282532,0.260343462228775,0.09228485077619553,0.0921313539147377,0.016985982656478882,0.023532729595899582,-0.0011633801041170955,0.0066927154548466206,0.0859384760260582,0.08070971071720123,0.0017319393809884787,-0.004542573820799589,0.026684891432523727,0.02850690484046936,0.007664624601602554,0.009851040318608284,0.0,0.0,0.014999954616650938,0.014999955315142869,0.014999953918159007,0.014999953918159007,0.014999954849481582,0.014999954849481582,0.0,0.0,0.0,0.0,0.0046989087760448455,0.0,0.0038280047057196497,0.0,0.204904705286026,-0.06254662573337555,-0.0015532269608229399,0.09200990945100784,-0.08186347037553787,-0.0035444614477455616,-0.004578826949000359,0.03442384675145149,-0.03010425716638565,0.09873208403587341,-0.10154058784246445,0.05076291412115097
450,163.79999999999998,-1.807944416999817,0.022942988201975822,0.0,0.015000015385448932,0.004322166442871094,0.010677848942577839,0.10075889527797699,0.09939410537481308,-0.0164536964148283,-0.022942988201975822,0.009221925400197506,0.010934251360595226,-0.011361249722540379,-0.009306459687650204,0.26516762375831604,0.26389575004577637,0.09601850807666779,0.09581788629293442,0.019899774342775345,0.026349058374762535,0.00021476468828041106,0.007953906431794167,0.09208086133003235,0.08667311817407608,0.003546318272128701,-0.0029429737478494644,0.02922194078564644,0.03093426488339901,0.00863876473158598,0.010693554766476154,0.0,0.0,0.015000014686957,0.015000014454126357,0.015000015385448932,0.015000013522803782,0.015000014454126357,0.015000014454126357,0.0,0.0,0.0,0.0,0.004322166442871094,0.0,0.0034240000433055683,0.0,0.20881342887878418,-0.06446909159421921,-0.0018488585483282804,0.09670311212539673,-0.08296696841716766,-0.003500410821288824,-0.0013345079496502876,0.03378134220838547,-0.030749712139368057,0.09826773405075073,-0.1047729104757309,0.051240209490060806
451,164.22,-1.8124134540557861,0.019986512139439583,0.0,0.014999955780804156,0.003988995105028152,0.011010960675776005,0.10407259315252304,0.10236576944589615,-0.013381117954850197,-0.019986512139439583,0.012034467421472073,0.013741574250161648,-0.009325728751718998,-0.007277200929820538,0.27105212211608887,0.2696373462677002,0.10202004015445709,0.10167970508337021,0.023045428097248077,0.02948225662112236,0.0025755090173333883,0.010299702174961567,0.09977153688669205,0.09426704049110413,0.0066188364289700985,1.344177326245699e-05,0.03203442320227623,0.033741530030965805,0.010674226097762585,0.012722753919661045,0.0,0.0,0.014999954383820294,0.014999953912702039,0.014999955780804156,0.014999955780804156,0.014999954849481582,0.014999954849481582,0.0,0.0,0.0,0.0,0.003988995105028152,0.0,0.0030987170804291963,0.0,0.2135835587978363,-0.06619375944137573,-0.001884847180917859,0.10097481310367584,-0.08376379311084747,-0.003297945484519005,0.0016434970311820507,0.033166151493787766,-0.031049519777297974,0.09762097150087357,-0.10729512572288513,0.05149054527282715
452,164.64,-1.8168079853057861,0.015685556456446648,0.0,0.015000014919787644,0.0036894575506448745,0.01131055736914277,0.10959244519472122,0.1075446680188179,-0.009058797731995583,-0.015685556456446648,0.015048511326313019,0.016848642379045486,-0.006376892793923616,-0.00421673571690917,0.27913543581962585,0.27753961086273193,0.11026711761951447,0.10971947014331818,0.026359068229794502,0.032872267067432404,0.005791854579001665,0.013607694767415524,0.10894596576690674,0.10342366993427277,0.010941216722130775,0.00431445799767971,0.03504852578043938,0.036848656833171844,0.013623122125864029,0.0157832782715559,0.0,0.0,0.015000014454126357,0.015000014454126357,0.015000014454126357,0.015000014454126357,0.015000014919787644,0.01500001398846507,0.0,0.0,0.0,0.0,0.0036894575506448745,0.0,0.0028312675468623637,0.0,0.21920670568943024,-0.06790997087955475,-0.0017736437730491161,0.1050683781504631,-0.08433699607849121,-0.002974296920001507,0.00452148262411356,0.032562531530857086,-0.03115309774875641,0.09697414934635162,-0.10954304784536362,0.05161276459693909
453,165.06,-1.8211778402328491,0.011539444327354431,0.0,0.014999956712126731,0.0033883777260780333,0.011611578986048698,0.11457356065511703,0.11220979690551758,-0.004911880008876324,-0.011539444327354431,0.017891503870487213,0.019799495115876198,-0.0036617638543248177,-0.001372173079289496,0.28658607602119446,0.28484323620796204,0.1178709864616394,0.1171569898724556,0.029503080993890762,0.03610328584909439,0.008829506114125252,0.016749750822782516,0.1174694076180458,0.11194643378257751,0.015088074840605259,0.008460509590804577,0.037891458719968796,0.03979945182800293,0.01633819006383419,0.01862778142094612,0.0,0.0,0.014999954849481582,0.014999953918159007,0.014999954849481582,0.014999956712126731,0.014999953918159007,0.014999954500235616,0.0,0.0,0.0,0.0,0.0033883777260780333,0.0,0.0025086839497089385,0.0,0.22529274225234985,-0.0697796642780304,-0.0015384276630356908,0.10907651484012604,-0.08507289737462997,-0.0025724107399582863,0.006957343779504299,0.03195395693182945,-0.03127896413207054,0.09643884003162384,-0.11179846525192261,0.05170711129903793
454,165.48,-1.8253988027572632,0.01003139466047287,0.0,0.015000016316771506,0.003242804557085037,0.01175721175968647,0.1135735958814621,0.11078915745019913,-0.0033977811690419912,-0.01003139466047287,0.01954539678990841,0.021651940420269966,-0.0024978513829410076,2.9999322578078136e-05,0.286922812461853,0.28503960371017456,0.11808977276086807,0.11712799966335297,0.03130260854959488,0.03807494789361954,0.010422616265714169,0.018549423664808273,0.1211170181632042,0.11558900773525238,0.016602233052253723,0.009968619793653488,0.039545413106679916,0.041651953011751175,0.017502162605524063,0.020030014216899872,0.002543422281742096,0.0,0.015000014221295713,0.015000014454126357,0.015000016316771506,0.015000012591481208,0.01500001398846507,0.015000014894321793,0.0,0.0,0.0,0.0,0.003242804557085037,0.0,0.0020795463398098945,0.0,0.2307138890028,-0.0717836320400238,-0.0010118078207597136,0.11230896413326263,-0.08624162524938583,-0.0022350740619003773,0.007587723433971405,0.03131147101521492,-0.03165294975042343,0.09580966830253601,-0.11382646858692169,0.05184227228164673
455,165.9,-1.8296196460723877,0.008381522260606289,0.0,0.015000016316771506,0.0030441534519195556,0.011955862864851952,0.11340868473052979,0.11019536107778549,-0.0017515330109745264,-0.008381522260606289,0.021274792030453682,0.0235727671533823,-0.0012637160252779722,0.0014938553795218468,0.28722095489501953,0.2852204740047455,0.11826790869235992,0.11707381159067154,0.033230651170015335,0.04016247019171715,0.012024380266666412,0.02034256048500538,0.12487215548753738,0.11934716254472733,0.018248481675982475,0.011618492193520069,0.04127480462193489,0.04357278347015381,0.018736299127340317,0.02149386890232563,0.006463470757007599,0.004151801466941833,0.015000014686957,0.015000014454126357,0.015000012591481208,0.015000016316771506,0.015000015152618288,0.015000013522803782,0.0,0.0,0.0,0.0,0.0030441534519195556,0.0,0.0017119188606739043,0.0,0.23582468926906586,-0.07322098314762115,-0.0005174723919481039,0.11539621651172638,-0.08717156946659088,-0.001907067489810288,0.008422834798693657,0.030766457319259644,-0.03182801604270935,0.09519582986831665,-0.11536790430545807,0.05189073830842972
456,166.32,-1.8337687253952026,0.007018117234110832,0.0,0.014999955140519886,0.003016921579837799,0.011983033560682088,0.11133525520563126,0.10749755799770355,-0.00041253521339967847,-0.007018117234110832,0.022755837067961693,0.025153273716568947,-0.0003982891794294119,0.002478633541613817,0.28381335735321045,0.28159213066101074,0.11456520110368729,0.11282877624034882,0.03473886847496033,0.041721589863300323,0.013157512061297894,0.021536780521273613,0.12695561349391937,0.12145096808671951,0.01958741992712021,0.01298183761537075,0.042755790054798126,0.04515322670340538,0.019601665437221527,0.022478587925434113,0.010620358288288115,0.00895341008901596,0.014999955140519886,0.014999954849481582,0.014999952986836432,0.014999952986836432,0.014999954616650938,0.014999954383820294,0.0,0.0,0.0,0.0,0.003016921579837799,0.0,0.0014441533759236335,0.0,0.24142250418663025,-0.07419802248477936,8.259297464974225e-05,0.11804403364658356,-0.08747390657663345,-0.0016994485631585121,0.008934025652706623,0.030122533440589905,-0.03179116174578667,0.09393757581710815,-0.11629186570644379,0.05181048810482025
457,166.73999999999998,-1.8378955125808716,0.005505937151610851,0.0,0.014999956712126731,0.0029736113548278808,0.012026345357298851,0.11015860736370087,0.10564913600683212,0.0010640050750225782,-0.005505937151610851,0.024204468354582787,0.026667296886444092,0.00039796516648493707,0.003353359643369913,0.2795675992965698,0.2771131992340088,0.11012294143438339,0.10772177577018738,0.03623081371188164,0.043226853013038635,0.014143353328108788,0.022538598626852036,0.12875697016716003,0.12328202277421951,0.02106395922601223,0.014494017697870731,0.04420442506670952,0.046667251735925674,0.020397920161485672,0.02335331402719021,0.013598362803459167,0.01263288676738739,0.01499995415098965,0.014999954849481582,0.014999956712126731,0.014999954849481582,0.014999954995000734,0.014999954383820294,0.0,0.0,0.0,0.0,0.0029736113548278808,0.0,0.0012545668333768844,0.0,0.24703021347522736,-0.07453010976314545,0.0007148552103899419,0.12088201940059662,-0.0876200869679451,-0.0015246804105117917,0.009315552189946175,0.02960621565580368,-0.03159031644463539,0.09271025657653809,-0.11651088297367096,0.05162809416651726
458,167.16,-1.8419874906539917,0.011505072936415672,0.0,0.022777764946222304,0.010430422499775886,0.012347342446446419,0.10369887948036194,0.09873900562524796,-0.005008731037378311,-0.011505072936415672,0.017867164686322212,0.020448630675673485,-0.00658118911087513,-0.0034834309481084347,0.27129724621772766,0.2688234746456146,0.10184349864721298,0.09941409528255463,0.030214505270123482,0.03728713467717171,0.007364998105913401,0.015852153301239014,0.13126236200332642,0.12584874033927917,0.022769033908843994,0.016272692009806633,0.04564492776989937,0.04822639375925064,0.021196575835347176,0.024294333532452583,0.022563482522964477,0.02210973471403122,0.022777764946222304,0.022777764946222304,0.022777763083577155,0.022777763083577155,0.022777764946222304,0.022777764480561017,0.0,0.0,0.0,0.0,0.010430422499775886,0.005939259082078934,0.008831577729433774,0.0034421802312135695,0.2519211173057556,-0.07444393634796143,0.0012763570994138718,0.12437468767166138,-0.08816027641296387,-0.0012299648951739073,0.010220089927315712,0.02933044731616974,-0.03132687509059906,0.09229543805122375,-0.11648774892091751,0.05144675821065903
459,167.57999999999998,-1.846023678779602,0.009634869173169136,0.0,0.022777768671512603,0.009875575900077819,0.012902192771434784,0.10678770393133163,0.10159603506326675,-0.0032662185840308666,-0.009634869173169136,0.01924682781100273,0.022040165960788727,-0.005830349866300821,-0.002478343667462468,0.27175459265708923,0.2691879868507385,0.1022941842675209,0.09955274313688278,0.03214901685714722,0.03938800096511841,0.008350171148777008,0.017036952078342438,0.13456547260284424,0.12925826013088226,0.02451154589653015,0.01814289577305317,0.04702459275722504,0.04981793090701103,0.02194741554558277,0.025299420580267906,0.022777768671512603,0.022662225067615508,0.022777764480561017,0.022777764946222304,0.022777764946222304,0.022777764946222304,0.02277776541188359,0.022777764247730373,0.0,0.0,0.0,0.0,0.009875575900077819,0.005429929941892624,0.008597244396805762,0.0032624685019254683,0.2539038360118866,-0.0730799064040184,0.0013536817859858274,0.12868505716323853,-0.08883250504732132,-0.0008028163574635983,0.012625710107386112,0.02886945568025112,-0.03109932690858841,0.0919000655412674,-0.11683546006679535,0.05134166032075882
460,168.0,-1.8500598669052124,0.007684899028390646,0.0,0.022777768671512603,0.00934856280684471,0.013429205864667892,0.11015338450670242,0.10495418310165405,-0.0014458558289334178,-0.007684899028390646,0.020685657858848572,0.023685963824391365,-0.005026203580200672,-0.0014258369337767363,0.27275073528289795,0.27009883522987366,0.10332197695970535,0.10030066221952438,0.034114859998226166,0.041514962911605835,0.009393173269927502,0.01827329769730568,0.13793115317821503,0.13273194432258606,0.026331909000873566,0.020092865452170372,0.04846342280507088,0.05146372690796852,0.022751562297344208,0.0263519287109375,0.022777768671512603,0.022777761220932006,0.022777764829806982,0.022777764480561017,0.022777764946222304,0.022777763083577155,0.02277776587754488,0.022777765644714235,0.0,0.0,0.0,0.0,0.00934856280684471,0.004948763996362686,0.008358389027416705,0.0030786310136318206,0.25666406750679016,-0.07211856544017792,0.0015252330340445042,0.13254518806934357,-0.08932434767484665,-0.00042645889334380627,0.01453762874007225,0.02855086326599121,-0.030828110873699188,0.09149061143398285,-0.11685256659984589,0.05114518851041794
461,168.42,-1.8540196418762207,0.006169223226606846,0.0,0.022777768671512603,0.009163359999656676,0.013614408671855927,0.11068881303071976,0.10576929897069931,-0.0002658015873748809,-0.006169223226606846,0.02220265008509159,0.025341060012578964,-0.005393006838858128,-0.001626914250664413,0.26885297894477844,0.26609209179878235,0.09971786290407181,0.09606683254241943,0.03581705316901207,0.043289247900247574,0.009355644695460796,0.018322275951504707,0.13846658170223236,0.13354706764221191,0.0275119636207819,0.021608540788292885,0.04998041316866875,0.05311882495880127,0.022384757176041603,0.02615085057914257,0.022777768671512603,0.022777768671512603,0.02277776520815678,0.02277776401489973,0.022777763083577155,0.022777764946222304,0.02277776401489973,0.022777764829806982,0.0,0.0,0.0,0.0,0.009163359999656676,0.004829577058553696,0.008029112480580806,0.002828574627637863,0.26049575209617615,-0.07149733603000641,0.0019981730729341507,0.13525210320949554,-0.08935131132602692,-0.00028965744422748685,0.014594108797609806,0.028071928769350052,-0.030554957687854767,0.08990791440010071,-0.1163494735956192,0.05086059868335724
462,168.84,-1.857979655265808,0.0056233094073832035,0.0,0.02277776541188359,0.008800084590911864,0.013977680820971727,0.11140966415405273,0.1067725121974945,0.001103161252103746,-0.0044614169746637344,0.023855986073613167,0.02712540701031685,-0.0056233094073832035,-0.0017000024672597647,0.2652987837791443,0.2624575197696686,0.09685978293418884,0.09261496365070343,0.03783366456627846,0.04537395015358925,0.009430155158042908,0.018478497862815857,0.13918742537498474,0.1345502734184265,0.028880925849080086,0.02331634797155857,0.05163374915719032,0.054903171956539154,0.02215445600450039,0.026077762246131897,0.022777761220932006,0.022777761220932006,0.02277776459697634,0.022777764946222304,0.022777763083577155,0.022777764946222304,0.02277776541188359,0.02277776471339166,0.0,0.0,0.0,0.0,0.008800084590911864,0.004529221802949905,0.007724300846457481,0.00259926438331604,0.2642233669757843,-0.07067693769931793,0.002447654027491808,0.13814614713191986,-0.08941452205181122,-0.00011781245120801032,0.015045903623104095,0.027781080454587936,-0.030187159776687622,0.08881311118602753,-0.11550413072109222,0.05051552504301071
463,169.26,-1.8619321584701538,0.005548547022044659,0.0,0.022777768671512603,0.008210773468017577,0.014566995203495026,0.1091337502002716,0.10462538152933121,0.0013446052325889468,-0.004065436311066151,0.024554088711738586,0.02793850749731064,-0.005548547022044659,-0.0014872445026412606,0.25778234004974365,0.2546606957912445,0.09129032492637634,0.08596497029066086,0.039121080189943314,0.04673901945352554,0.0096921781077981,0.01883370615541935,0.1369115114212036,0.1324031502008438,0.029122369363904,0.02371232770383358,0.05233185365796089,0.055716272443532944,0.022229216992855072,0.026290521025657654,0.022777761220932006,0.022777768671512603,0.02277776413131505,0.02277776401489973,0.022777764946222304,0.022777764946222304,0.02277776401489973,0.022777765528298913,0.0,0.0,0.0,0.0,0.008210773468017577,0.0039772529900074,0.007537038885056972,0.002456814870238304,0.26599669456481934,-0.07010342180728912,0.002880138112232089,0.14137816429138184,-0.0904604122042656,0.0002626043278723955,0.016628216952085495,0.027575843036174774,-0.029932430014014244,0.08919955790042877,-0.1151549220085144,0.05033978819847107
464,169.68,-1.8658801317214966,0.005341080017387867,0.0,0.022777768671512603,0.007635949999094009,0.015141818672418594,0.10508275032043457,0.1006176695227623,0.0010277947876602411,-0.0043302965350449085,0.024609871208667755,0.02810204215347767,-0.005341080017387867,-0.0011504756985232234,0.24795027077198029,0.24444980919361115,0.08541680872440338,0.07877054065465927,0.03975168615579605,0.047448452562093735,0.00993294082581997,0.01916906051337719,0.13286051154136658,0.1283954381942749,0.028805559501051903,0.023447468876838684,0.05238763615489006,0.055879805237054825,0.022436685860157013,0.02662728913128376,0.022777761220932006,0.022777768671512603,0.02277776471339166,0.02277776541188359,0.022777764946222304,0.022777763083577155,0.02277776587754488,0.022777764829806982,0.0,0.0,0.0,0.0,0.007635949999094009,0.00343135267496109,0.007503745034337044,0.0024582286179065703,0.26680096983909607,-0.06925205886363983,0.0033506196923553944,0.14467085897922516,-0.09180627763271332,0.0006959447055123746,0.01840914785861969,0.027474597096443176,-0.02961924858391285,0.08994342386722565,-0.11446969211101532,0.050100453197956085
465,170.1,-1.869837760925293,0.005403763148933649,0.0,0.022777768671512603,0.0075234024599194526,0.015254366211593151,0.10074201971292496,0.09634044021368027,0.0004365785571280867,-0.004845320712774992,0.024613920599222183,0.028251947835087776,-0.005403763148933649,-0.0010381318861618638,0.23791511356830597,0.23409250378608704,0.08119326084852219,0.07360803335905075,0.040157072246074677,0.04795694723725319,0.009850599803030491,0.01921045035123825,0.12851978838443756,0.12411820143461227,0.028214342892169952,0.022932443767786026,0.05239168554544449,0.05602971091866493,0.022374002262949944,0.026739632710814476,0.022777768671512603,0.022777761220932006,0.022777764335041865,0.022777764480561017,0.022777764946222304,0.022777763083577155,0.02277776541188359,0.02277776459697634,0.0,0.0,0.0,0.0,0.007234613299369812,0.003072763681411743,0.0075234024599194526,0.002529182359576225,0.2679332196712494,-0.06792451441287994,0.003908598329871893,0.14785005152225494,-0.0928792655467987,0.0010433313436806202,0.019296780228614807,0.027458354830741882,-0.029209088534116745,0.08997897803783417,-0.11290618777275085,0.049605607986450195
466,170.51999999999998,-1.8738259077072144,0.006747045554220676,0.0,0.022777766808867454,0.007453014962375164,0.01532475184649229,0.09511028230190277,0.09080889075994492,-0.0015853779623284936,-0.006747045554220676,0.02450794167816639,0.02841145731508732,-0.006275759544223547,-0.0015915419207885861,0.22617071866989136,0.22209085524082184,0.07557417452335358,0.06811217963695526,0.040283285081386566,0.04828418418765068,0.009048989973962307,0.01865006610751152,0.12288804352283478,0.11858665198087692,0.02619238756597042,0.021030718460679054,0.052285708487033844,0.056189220398664474,0.02150200493633747,0.026186222210526466,0.022777761220932006,0.022777761220932006,0.022777765528298913,0.02277776401489973,0.022777766808867454,0.022777763083577155,0.022777764480561017,0.02277776413131505,0.0,0.0,0.0,0.0,0.007002423405647278,0.002905036211013794,0.007453014962375164,0.002536156103014946,0.2691377103328705,-0.0664134994149208,0.004611724987626076,0.15079185366630554,-0.09393765032291412,0.0012998983729630709,0.018650377169251442,0.027458561584353447,-0.028921954333782196,0.0892401784658432,-0.11066603660583496,0.048876386135816574
467,170.94,-1.8778140544891357,0.008316881023347378,0.0,0.022777766808867454,0.007356629595160484,0.01542113721370697,0.08973262459039688,0.08554165810346603,-0.003287720726802945,-0.008316881023347378,0.024510296061635017,0.02867295779287815,-0.0070420061238110065,-0.0020468118600547314,0.21462535858154297,0.2102934867143631,0.07008159905672073,0.06276565790176392,0.040725428611040115,0.04890485852956772,0.008379129692912102,0.018194446340203285,0.11751038581132889,0.11331941932439804,0.02449004352092743,0.019460884854197502,0.05228806287050247,0.056450724601745605,0.020735759288072586,0.025730952620506287,0.022777761220932006,0.022777761220932006,0.022777764247730373,0.02277776587754488,0.022777766808867454,0.022777766808867454,0.02277776541188359,0.022777764480561017,0.0,0.0,0.0,0.0,0.0065626342594623565,0.002545866072177887,0.007356629595160484,0.0025365062803030013,0.2697424590587616,-0.06486271321773529,0.005172794684767723,0.15400293469429016,-0.09505979716777802,0.0017003273824229836,0.019410286098718643,0.027323143556714058,-0.02850770577788353,0.08843648433685303,-0.10865277051925659,0.048030219972133636
468,171.35999999999999,-1.8819066286087036,0.01673702895641327,0.0,0.03055551916360855,0.014891454459866508,0.015664064703742042,0.07590927928686142,0.07194679230451584,-0.011982041411101818,-0.01673702895641327,0.017073120921850204,0.02140439674258232,-0.01537385769188404,-0.01017632707953453,0.19515842199325562,0.1906297504901886,0.057234492152929306,0.050120797008275986,0.03434505686163902,0.04261426627635956,0.0002902032865677029,0.010213257744908333,0.11146479845046997,0.10750230401754379,0.02357347309589386,0.018818486481904984,0.05262863636016846,0.056959912180900574,0.02018165774643421,0.025379188358783722,0.03055551916360855,0.030555511713027953,0.030555514506995677,0.03055551543831825,0.03055551543831825,0.03055551543831825,0.03055551543831825,0.03055551543831825,0.0,0.0,0.0,0.0,0.013283579498529433,0.009345645904541015,0.014891454459866508,0.010165930613875388,0.26834967732429504,-0.06359060108661652,0.0054732332937419415,0.15793222188949585,-0.09700824320316315,0.00244132149964571,0.02322993613779545,0.026996981352567673,-0.027958855032920837,0.08865286409854889,-0.10773898661136627,0.047291357070207596
469,171.78,-1.8860164880752563,0.01691575162112713,8.908151357900351e-05,0.03055551543831825,0.014763181495363823,0.01579233394295443,0.06993002444505692,0.06623635441064835,-0.01248335000127554,-0.01691575162112713,0.017480190843343735,0.02196519263088703,-0.015881415456533432,-0.010499414056539536,0.18277402222156525,0.17811323702335358,0.0520608089864254,0.04531531035900116,0.03578697144985199,0.04409120976924896,-8.908151357900351e-05,0.009876006282866001,0.10548553615808487,0.1017918661236763,0.02307216450572014,0.018639763817191124,0.05303570628166199,0.057520706206560135,0.01967409998178482,0.025056101381778717,0.030555511713027953,0.030555511713027953,0.030555514506995677,0.03055551543831825,0.03055551543831825,0.030555513575673102,0.03055551543831825,0.03055551543831825,0.0,0.0,0.0,0.0,0.012248734831809997,0.008429496437311172,0.014763181495363823,0.010180095098912715,0.26481473445892334,-0.060299281030893326,0.005417037755250931,0.1626470535993576,-0.09830082952976227,0.0032581910490989685,0.0283786803483963,0.026232095435261726,-0.027209453284740448,0.08745530247688293,-0.10609909892082214,0.0462208054959774
470,172.2,-1.890211820602417,0.01780659519135952,0.00028670314350165427,0.03055551916360855,0.01448791291215457,0.01606760625145398,0.06277354061603546,0.05926184728741646,-0.013592559844255447,-0.01780659519135952,0.018317528069019318,0.022930705919861794,-0.016354305669665337,-0.010818492621183395,0.16939088702201843,0.16456590592861176,0.04590209946036339,0.03942220285534859,0.03791404515504837,0.046232324093580246,-0.00028670314350165427,0.009695231914520264,0.09832905977964401,0.09481736272573471,0.021962955594062805,0.017748920246958733,0.05387304350733757,0.0584862194955349,0.019201209768652916,0.024737022817134857,0.03055551916360855,0.03055551543831825,0.03055551543831825,0.03055551543831825,0.03055551543831825,0.030555513575673102,0.03055551543831825,0.03055551543831825,0.0,0.0,0.0,0.0,0.010958998352289199,0.007253895401954651,0.01448791291215457,0.010041790902614593,0.26192548871040344,-0.057323262095451355,0.005457308143377304,0.16762763261795044,-0.0999307632446289,0.004110044799745083,0.03311794996261597,0.02574736252427101,-0.026517678052186966,0.08679929375648499,-0.10391799360513687,0.04500960558652878
471,172.62,-1.8945012092590332,0.019326072186231613,0.00021800040849484503,0.03055551916360855,0.014019412022316827,0.016536107141291723,0.05447019636631012,0.051042407751083374,-0.015212725847959518,-0.019326072186231613,0.01966121420264244,0.024374008178710938,-0.01675410382449627,-0.011098751798272133,0.1549322009086609,0.14990021288394928,0.03855833783745766,0.03223508596420288,0.04089544340968132,0.04920104146003723,-0.00021800040849484503,0.00974871963262558,0.09002571552991867,0.08659792691469193,0.020342789590358734,0.01622944325208664,0.05521672964096069,0.05992952361702919,0.018801411613821983,0.02445676364004612,0.03055551916360855,0.03055551916360855,0.03055551543831825,0.03055551543831825,0.03055551543831825,0.03055551543831825,0.03055551543831825,0.03055551543831825,0.0,0.0,0.0,0.0,0.009321286231279372,0.0057284821569919585,0.014019412022316827,0.009708044007420539,0.2591841220855713,-0.05449686944484711,0.005561318248510361,0.17273375391960144,-0.10179486125707626,0.0050097499042749405,0.03782640025019646,0.025504201650619507,-0.025837816298007965,0.08665826916694641,-0.10123585909605026,0.043676503002643585
472,173.04,-1.8988114595413208,0.020342176780104637,0.00010471160203451291,0.03055551916360855,0.013524262333812657,0.017031256829795893,0.046624235808849335,0.04330716282129288,-0.016361691057682037,-0.020342176780104637,0.02107706293463707,0.02590104378759861,-0.01713596284389496,-0.011347186751663685,0.1422271728515625,0.13712745904922485,0.031718675047159195,0.02559901587665081,0.04413327947258949,0.052435003221035004,-0.00010471160203451291,0.00985735934227705,0.08217974752187729,0.07886268198490143,0.019193824380636215,0.015213338658213615,0.05663257837295532,0.06145655736327171,0.018419550731778145,0.024208327755331993,0.030555511713027953,0.03055551916360855,0.03055551543831825,0.03055551543831825,0.03055551543831825,0.030555513575673102,0.030555513575673102,0.030555514506995677,0.0,0.0,0.0,0.0,0.007499298900365829,0.0040215541422367095,0.013524262333812657,0.009350968413054942,0.2568398714065552,-0.05159616842865944,0.005771180614829063,0.1776486486196518,-0.10335362702608109,0.005923607386648655,0.04273242875933647,0.025483034551143646,-0.02497662976384163,0.08654561638832092,-0.09772747755050659,0.04213792830705643
473,173.45999999999998,-1.9033201932907104,0.021976817399263382,0.00021837896201759577,0.030555516369640826,0.012818175838328897,0.01773734053131193,0.03910946846008301,0.03597639873623848,-0.01821713335812092,-0.021976817399263382,0.02259952388703823,0.02765393815934658,-0.01795571856200695,-0.011890419758856297,0.13099603354930878,0.12615042924880981,0.025057774037122726,0.019243057817220688,0.04789876937866211,0.0563238188624382,-0.00021837896201759577,0.00989167857915163,0.07466498017311096,0.07153191417455673,0.017338382080197334,0.01357869803905487,0.058155037462711334,0.06320945173501968,0.017599796876311302,0.02366509661078453,0.030555511713027953,0.03055551543831825,0.03055551543831825,0.03055551543831825,0.030555513575673102,0.030555513575673102,0.03055551543831825,0.030555516369640826,0.0,0.0,0.0,0.0,0.005256268084049225,0.0018856328725814818,0.012818175838328897,0.0087734180316329,0.25414323806762695,-0.048716951161623,0.005969962105154991,0.18244419991970062,-0.10493911802768707,0.006856412626802921,0.04793504253029823,0.02582414634525776,-0.024067271500825882,0.08715745806694031,-0.0938044935464859,0.0405409075319767
474,173.88,-1.9078288078308105,0.021939804777503014,0.0,0.03055551916360855,0.011693174795364029,0.01886234436824452,0.03195732459425926,0.02902008593082428,-0.01963634043931961,-0.021939804777503014,0.024209652096033096,0.029492225497961044,-0.01867964118719101,-0.012340553104877472,0.12163932621479034,0.11722178757190704,0.019244663417339325,0.013943612575531006,0.05346092954277992,0.061955906450748444,0.00018269945576321334,0.010376675054430962,0.06751284003257751,0.06457560509443283,0.015919174998998642,0.012394488789141178,0.05976516753435135,0.0650477409362793,0.016875874251127243,0.02321496233344078,0.03055551543831825,0.03055551916360855,0.03055551543831825,0.02933429356664419,0.03055551543831825,0.03055551543831825,0.03055551543831825,0.03055551543831825,0.0,0.0,0.0,0.0,0.0013042379915714263,0.0,0.011693174795364029,0.007838287279009818,0.2530416250228882,-0.0441216304898262,0.004441156517714262,0.19120344519615173,-0.10363863408565521,0.008899912238121033,0.06002843379974365,0.026746314018964767,-0.020183950662612915,0.08727729320526123,-0.08776327967643738,0.03822660818696022
475,174.29999999999998,-1.912520170211792,0.01968330517411232,0.0,0.03055551543831825,0.010430976724019273,0.02012453871429898,0.026210665702819824,0.023440882563591003,-0.0036336316261440516,-0.00409579137340188,0.0257350392639637,0.031230825930833817,-0.01968330517411232,-0.01308836042881012,0.11377471685409546,0.10970810055732727,0.014167855493724346,0.009287919849157333,0.058955851942300797,0.06754957139492035,0.00044123167754150927,0.010753695853054523,0.06176618114113808,0.058996398001909256,0.014799660071730614,0.01147591881453991,0.06129055470228195,0.06678634136915207,0.015872208401560783,0.022467155009508133,0.03055551543831825,0.03055551543831825,0.013433291697874664,0.010571710187941789,0.03055551543831825,0.03055551543831825,0.030555513575673102,0.03055551543831825,0.0,0.0,0.0,0.0,0.0,0.0,0.010430976724019273,0.006713459156453609,0.25279417634010315,-0.0402693897485733,0.0034230269957333803,0.19811338186264038,-0.10243406891822815,0.010483279824256897,0.07090488076210022,0.028013089671730995,-0.017086131498217583,0.08795440942049026,-0.08155708014965057,0.03611209988594055
476,174.72,-1.917284369468689,0.02076251618564129,0.0,0.03055551916360855,0.009160416438244282,0.021395102725364268,0.021144280210137367,0.018534602597355843,0.013354359194636345,0.013190960511565208,0.02725515514612198,0.03295721858739853,-0.02076251618564129,-0.013920038938522339,0.10646722465753555,0.10269751399755478,0.009428845718502998,0.004905200097709894,0.0641406700015068,0.07285401225090027,0.000632581883110106,0.011088592000305653,0.05669979378581047,0.054090116173028946,0.013927586376667023,0.010795972310006618,0.06281066685914993,0.06851273775100708,0.01479299832135439,0.021635476499795914,0.030555513575673102,0.030555513575673102,0.0,0.0,0.030555511713027953,0.03055551916360855,0.030555514506995677,0.03055551543831825,0.0,0.0,0.0,0.0008907722122967242,0.0,0.0,0.009160416438244282,0.005546884499490261,0.2531959116458893,-0.03707793354988098,0.0028673831839114428,0.20361338555812836,-0.10141517221927643,0.011710505932569504,0.07979762554168701,0.029429927468299866,-0.014611007645726204,0.0888405591249466,-0.07527881860733032,0.03416340425610542
477,175.14,-1.9221160411834717,0.029820870608091354,0.007414016406983137,0.038333329260349276,0.0157455288618803,0.022587800398468975,0.00807945616543293,0.005582304671406746,0.030503569170832634,0.030631842091679573,0.020632412284612656,0.026524953544139862,-0.029820870608091354,-0.022749820724129677,0.09067647904157639,0.08711604028940201,-0.0031414844561368227,-0.007414016406983137,0.06078043207526207,0.0696178451180458,-0.007233074866235256,0.003371818456798792,0.051412783563137054,0.04891562834382057,0.013300401158630848,0.010303818620741367,0.06396573781967163,0.06985828280448914,0.013512453995645046,0.02058350294828415,0.03833332739770413,0.03833332367241383,0.0,0.0,0.03833332553505898,0.038333329260349276,0.0383333246037364,0.03833332367241383,0.0,0.0,0.01144188561476767,0.012717835027724503,0.0,0.0,0.0157455288618803,0.012211684491485356,0.2534257769584656,-0.034472472965717316,0.0027253367006778717,0.20806877315044403,-0.10086748749017715,0.012706262990832329,0.0867631584405899,0.03085998259484768,-0.01268884539604187,0.08999745547771454,-0.06918460130691528,0.0323878675699234
478,175.56,-1.9270819425582886,0.031588003039360046,0.012607714161276817,0.03833332739770413,0.017561939433217048,0.02077138796448708,0.0021477665286511183,-0.0003397132095415145,0.03960587456822395,0.03662090003490448,0.020990440621972084,0.027043726295232773,-0.031588003039360046,-0.02432405948638916,0.0806860700249672,0.0773267075419426,-0.0085764704272151,-0.012607714161276817,0.06411847472190857,0.07301507145166397,-0.007952937856316566,0.0027229769621044397,0.04548109322786331,0.042993612587451935,0.01293920073658228,0.009954225271940231,0.06432376801967621,0.07037705183029175,0.011745323427021503,0.019009266048669815,0.038333326699212196,0.03833332579699345,0.0,0.0,0.03833332739770413,0.03833332553505898,0.03833332646638155,0.03833332553505898,0.0,0.0,0.016515671163797378,0.017561939433217048,0.0,0.0,0.014698261283338069,0.011286289086565374,0.2496575117111206,-0.030086982995271683,0.0024356890935450792,0.2122953087091446,-0.09985116124153137,0.013714459724724293,0.09418216347694397,0.03156116604804993,-0.011039397679269314,0.09002354741096497,-0.0631031021475792,0.030462827533483505
479,175.98,-1.9320478439331055,0.033303216099739075,0.017491880804300308,0.03833332739770413,0.02246946457773447,0.015863862819969658,-0.0034561348147690296,-0.005927451886236668,0.03960983827710152,0.036644257605075836,0.021395111456513405,0.027606910094618797,-0.033303216099739075,-0.025849057361483574,0.07095586508512497,0.06777245551347733,-0.013671791180968285,-0.017491880804300308,0.06710581481456757,0.07606427371501923,-0.008748303167521954,0.0020018487703055143,0.03987719118595123,0.03740587458014488,0.012943164445459843,0.009977583773434162,0.06472843885421753,0.07094023376703262,0.0100301094353199,0.0174842681735754,0.038333326000720265,0.03833332646638155,0.0,0.0,0.03833332739770413,0.03833332367241383,0.03833332553505898,0.03833332553505898,0.0,0.0,0.021614955626428126,0.02246946457773447,0.0,0.0,0.013778412602841853,0.010482419403269886,0.2467488944530487,-0.026276476681232452,0.002365776803344488,0.2157122790813446,-0.09877615422010422,0.014551332220435143,0.10000796616077423,0.032321058213710785,-0.009516512975096703,0.0899142399430275,-0.056823231279850006,0.028491534292697906
480,176.4,-1.9370968341827393,0.034935638308525085,0.021583981812000275,0.03833332553505898,0.02558168850839138,0.012751637026667598,-0.007088605314493179,-0.009469164535403252,0.03852105140686035,0.035664379596710205,0.02440956048667431,0.031063750386238098,-0.034935638308525085,-0.026950610801577568,0.06490650773048401,0.061988767236471176,-0.018082687631249428,-0.021583981812000275,0.07348386198282242,0.08277345448732376,-0.00858222134411335,0.0025652910117059946,0.036244720220565796,0.033864159137010574,0.011854377575218678,0.008997706696391106,0.06774288415908813,0.07439707219600677,0.008397686295211315,0.016382714733481407,0.03833332553505898,0.03833332367241383,0.0,0.0,0.03833332367241383,0.03833332180976868,0.0383333246037364,0.03833332553505898,0.0,0.0,0.024937065206468104,0.02558168850839138,0.0,0.0,0.011979907639324664,0.008817423721775412,0.24551376700401306,-0.02277723327279091,0.001988148782402277,0.21926259994506836,-0.09725619852542877,0.015288909897208214,0.1067822277545929,0.03326793387532234,-0.0077702999114990234,0.08992771059274673,-0.050754301249980927,0.026477113366127014
481,176.82,-1.9421499967575073,0.03639557957649231,0.025501251220703125,0.03833332553505898,0.028594725653529166,0.009738599881529812,-0.01050189696252346,-0.012786800041794777,0.03750203177332878,0.03476015105843544,0.02767093852162361,0.03476971387863159,-0.03639557957649231,-0.027877049520611763,0.059267040342092514,0.05657590180635452,-0.022271888330578804,-0.025501251220703125,0.07997820526361465,0.08961016684770584,-0.008168079890310764,0.0033902705181390047,0.032831426709890366,0.0305465254932642,0.010835357941687107,0.008093474432826042,0.07100426405668259,0.07810303568840027,0.006937744095921516,0.015456275083124638,0.03833332367241383,0.03833332553505898,0.0,0.0,0.03833332553505898,0.03833332180976868,0.03833332367241383,0.0383333246037364,0.0,0.0,0.02810724627226591,0.028594725653529166,0.0,0.0,0.01010582398623228,0.007066004564985633,0.24532222747802734,-0.02007441595196724,0.001907935249619186,0.22240597009658813,-0.09591379016637802,0.015947356820106506,0.11231943219900131,0.03436299040913582,-0.006193714216351509,0.09046351909637451,-0.04467736929655075,0.024581434205174446
482,177.23999999999998,-1.9471912384033203,0.038016945123672485,0.028663767501711845,0.03833332739770413,0.029480090718716382,0.008853236678987745,-0.01369497925043106,-0.01603720709681511,0.03529367223381996,0.032482996582984924,0.030459949746727943,0.037886977195739746,-0.038016945123672485,-0.02910451404750347,0.05573756620287895,0.05310439318418503,-0.025503961369395256,-0.028663767501711845,0.08613045513629913,0.09599161148071289,-0.007808894384652376,0.004024492111057043,0.029638346284627914,0.027296118438243866,0.008626997470855713,0.005816323217004538,0.07379327714443207,0.08122029900550842,0.005316379014402628,0.014228812418878078,0.03833332553505898,0.03833332553505898,0.0,0.0,0.03833332739770413,0.03833332180976868,0.038333324138075116,0.03833332646638155,0.0,0.0,0.029130958840250968,0.029480090718716382,0.0,0.0,0.008125273399055003,0.005204320307821035,0.24503093957901,-0.01798020675778389,0.0019538141787052155,0.2255239337682724,-0.09499373286962509,0.016687722876667976,0.1178332269191742,0.03561408072710037,-0.004747547674924135,0.0920015275478363,-0.038968317210674286,0.022804465144872665
483,177.66,-1.9522241353988647,0.03974253311753273,0.031314849853515625,0.03833332646638155,0.028793562091886996,0.009539764374494556,-0.016748739406466484,-0.019263800233602524,0.032163459807634354,0.029145386070013046,0.03290463238954544,0.04057060182094574,-0.03974253311753273,-0.0305433701723814,0.0536879226565361,0.050969164818525314,-0.02805233933031559,-0.031314849853515625,0.09181401878595352,0.10182289779186249,-0.0075338552705943584,0.004476800095289946,0.02658458612859249,0.02406952530145645,0.00549678597599268,0.0024787122383713722,0.07623795419931412,0.08390392363071442,0.003590791253373027,0.012789956294000149,0.03833332553505898,0.03833332553505898,0.0,0.0,0.03833332180976868,0.03833332180976868,0.03833332437090576,0.03833332646638155,0.0,0.0,0.02854912530630827,0.028793562091886996,0.0,0.0,0.006124646523967385,0.003313156198710203,0.24470911920070648,-0.01661185547709465,0.002082910854369402,0.22815297544002533,-0.09443497657775879,0.017389286309480667,0.12285752594470978,0.036970801651477814,-0.003508057678118348,0.0940907895565033,-0.03387075662612915,0.021259455010294914
484,178.07999999999998,-1.9572267532348633,0.04134431481361389,0.03435192629694939,0.03833332623355091,0.02908053729799576,0.009252788935555149,-0.020032508298754692,-0.022713569924235344,0.02961255982518196,0.02639528550207615,0.035657577216625214,0.04352542385458946,-0.04134431481361389,-0.031902898102998734,0.05048077553510666,0.0476376973092556,-0.030940229073166847,-0.03435192629694939,0.09741851687431335,0.1075490266084671,-0.007131366059184074,0.005025243386626244,0.023300817236304283,0.02061975561082363,0.002945885993540287,-0.00027138899895362556,0.07899089902639389,0.08685874938964844,0.0019890114199370146,0.011430427432060242,0.03833332553505898,0.03833332553505898,0.0,0.0,0.03833332180976868,0.03833332553505898,0.03833332623355091,0.03833332553505898,0.0,0.0,0.028886115066707133,0.02908053729799576,0.0,0.0,0.004120377479121089,0.001405184045433998,0.24483084678649902,-0.01601744256913662,0.0023197182454168797,0.2299330234527588,-0.09411226958036423,0.017905881628394127,0.126692995429039,0.03827673941850662,-0.002524393144994974,0.09607589989900589,-0.029493195936083794,0.02002716064453125
485,178.5,-1.9621024131774902,0.05059487745165825,0.04676824435591698,0.046111077889800074,0.04118391377152875,0.004927164118271321,-0.03214675188064575,-0.03496389463543892,0.021685168147087097,0.018304593861103058,0.03168505057692528,0.039634205400943756,-0.05059487745165825,-0.04105589538812637,0.03470747917890549,0.031733542680740356,-0.04319952055811882,-0.04676824435591698,0.09602509438991547,0.10616132616996765,-0.014168713241815567,-0.0020052341278642416,0.01896432600915432,0.016147179529070854,0.0027962438762187958,-0.0005843305843882263,0.0827961266040802,0.09074527770280838,0.0005161978770047426,0.010055182501673698,0.046111077889800074,0.046111074164509776,0.0,0.0,0.046111076027154925,0.046111072301864627,0.046111075328662994,0.046111077889800074,0.0,0.0,0.04099576443433762,0.04118391377152875,0.0,0.0,0.009684911118820309,0.00706041662953794,0.24508023262023926,-0.015983736142516136,0.0026546784210950136,0.23101340234279633,-0.09405289590358734,0.01825198531150818,0.12963177263736725,0.039296433329582214,-0.0017224802868440747,0.09770093858242035,-0.025841712951660156,0.019038036465644836
486,178.92,-1.9669779539108276,0.05181470513343811,0.051546428352594376,0.046111076609231534,0.04590688902419061,0.00020418758504092693,-0.03034178912639618,-0.029403066262602806,0.021792033687233925,0.018249385058879852,0.035648997873067856,0.043660733848810196,-0.05181470513343811,-0.04220062121748924,0.026135064661502838,0.023165442049503326,-0.04798288270831108,-0.051546428352594376,0.10255696624517441,0.11260689795017242,-0.01315508596599102,-0.0010951678268611431,0.014876989647746086,0.011924782767891884,0.0029031094163656235,-0.0006395393284037709,0.08676007390022278,0.09477180987596512,-0.0007036285242065787,0.00891045480966568,0.04021877877414227,0.03632784903049469,0.0,0.0,0.046111076027154925,0.046111076027154925,0.046111076609231534,0.046111076027154925,0.0,0.0,0.04588599212467671,0.04590688902419061,0.0,0.0,0.007451457441784441,0.005005622636526823,0.2417954057455063,-0.013498686254024506,0.0026739509776234627,0.23245054483413696,-0.09252181649208069,0.01881929114460945,0.13422048091888428,0.03946177288889885,-0.0006097946316003799,0.09747655689716339,-0.02143663540482521,0.01745559275150299
487,179.34,-1.9716506004333496,0.05256782844662666,0.05297829955816269,0.046111076027154925,0.044051000562030825,0.0020600754651241004,-0.031609635800123215,-0.03077578730881214,0.01851782016456127,0.014771807007491589,0.03903500363230705,0.047082267701625824,-0.05256782844662666,-0.042911116033792496,0.02660638652741909,0.0236428901553154,-0.04942210391163826,-0.05297829955816269,0.10854795575141907,0.11848720163106918,-0.011967514641582966,-4.042172076879069e-05,0.013251586817204952,0.010129908099770546,-0.00037110334960743785,-0.004117117263376713,0.09014607965946198,0.09819334000349045,-0.0014567539328709245,0.008199959062039852,0.03986122261732817,0.03590569540858269,0.0,0.0,0.046111076027154925,0.046111072301864627,0.04611107451375574,0.04611107509583235,0.0,0.0,0.044051000562030825,0.04386118229478598,0.0,0.0,0.005510760708712041,0.0032403807828086427,0.24014785885810852,-0.010989150032401085,0.0025917128659784794,0.23447079956531525,-0.09023228287696838,0.019610155373811722,0.139949768781662,0.03998366743326187,0.0010564796393737197,0.09765350818634033,-0.016061678528785706,0.015465157106518745
488,179.76,-1.9762749671936035,0.053071994334459305,0.0534258596599102,0.04611107975244522,0.0404704761505127,0.005640603601932526,-0.03680406138300896,-0.03611817955970764,0.014559883624315262,0.010604297742247581,0.04238414764404297,0.05044621229171753,-0.053071994334459305,-0.04339751601219177,0.029363293200731277,0.02634134143590927,-0.049799516797065735,-0.0534258596599102,0.11426869034767151,0.12411518394947052,-0.010582695715129375,0.001233095652423799,0.01231671404093504,0.009020392782986164,-0.0043290406465530396,-0.00828462652862072,0.09349522739648819,0.10155729204416275,-0.0019609176088124514,0.007713559549301863,0.044120775423944,0.04013857234269381,0.0,0.0,0.04611107975244522,0.04611107975244522,0.046111076725646856,0.04611107556149364,0.0,0.0,0.0404704761505127,0.040141233131289485,0.0,0.0,0.003621778106316924,0.0014804638968780636,0.23968622088432312,-0.009658673778176308,0.002556870225816965,0.23602664470672607,-0.08850085735321045,0.020223479717969894,0.14457185566425323,0.04088009148836136,0.002362375147640705,0.09886105358600616,-0.011589139699935913,0.013980873860418797
489,180.18,-1.9809162616729736,0.052485495805740356,0.052908264100551605,0.04611107975244522,0.037760327458381655,0.008350752294063568,-0.03890954330563545,-0.03894580900669098,0.012481190264225006,0.008366617374122143,0.0460968017578125,0.0541645772755146,-0.052485495805740356,-0.04280416667461395,0.03200943022966385,0.02889259345829487,-0.04916806146502495,-0.052908264100551605,0.11973915249109268,0.12952646613121033,-0.008500046096742153,0.0032447362318634987,0.012201531790196896,0.008772721514105797,-0.006407734006643295,-0.010522306896746159,0.09720788151025772,0.10527565330266953,-0.001374419778585434,0.008306908421218395,0.04611107509583235,0.04271853052079678,0.0,0.0,0.04611107975244522,0.046111076027154925,0.046111076027154925,0.04611107509583235,0.0,0.0,0.037760327458381655,0.03738595720380545,0.0,0.0,0.002125626318156719,6.217218935489644e-05,0.23983590304851532,-0.009547609835863113,0.002744699828326702,0.236921489238739,-0.08768226206302643,0.020620623603463173,0.14729182422161102,0.041935767978429794,0.0031024690251797438,0.10087747871875763,-0.008377473801374435,0.013115698471665382
490,180.6,-1.9855796098709106,0.05057232454419136,0.05127047374844551,0.046111077889800074,0.03629566159099341,0.009815416298806667,-0.03806444630026817,-0.038446489721536636,0.012769981287419796,0.008560876362025738,0.05021986365318298,0.05829079821705818,-0.05057232454419136,-0.04088720306754112,0.03444979712367058,0.031236572191119194,-0.04741460457444191,-0.05127047374844551,0.12499003857374191,0.13474537432193756,-0.0056182690896093845,0.006088139954954386,0.013046630658209324,0.0095390435308218,-0.006118942983448505,-0.010328047908842564,0.10133093595504761,0.1094018742442131,0.0005387531127780676,0.01022387482225895,0.0461110769584775,0.04298553325235844,0.0,0.0,0.046111072301864627,0.046111076027154925,0.04611107765696943,0.046111077889800074,0.0,0.0,0.03629566159099341,0.03594242583960295,0.0,0.0,0.001157022202387452,0.0,0.24052244424819946,-0.010201405733823776,0.0031318836845457554,0.23748689889907837,-0.08754317462444305,0.020885104313492775,0.14854589104652405,0.04297231510281563,0.0034353930968791246,0.10329306125640869,-0.006212481297552586,0.012676624581217766
491,181.01999999999998,-1.9902383089065552,0.048559896647930145,0.049445994198322296,0.04611107742413879,0.03473754541948438,0.011373532004654408,-0.03720840439200401,-0.03774493187665939,0.013170503079891205,0.008865711279213428,0.05441327020525932,0.06246739625930786,-0.048559896647930145,-0.03889494389295578,0.03713631629943848,0.0338112935423851,-0.045455966144800186,-0.049445994198322296,0.1302379071712494,0.13994456827640533,-0.002602011663839221,0.009045981802046299,0.01390267163515091,0.010315344668924809,-0.005718420725315809,-0.010023212991654873,0.10552434623241425,0.11357846856117249,0.002551180776208639,0.012216131202876568,0.046111076027154925,0.043060276545584204,0.0,0.0,0.046111076027154925,0.046111072301864627,0.04611107742413879,0.04611107509583235,0.0,0.0,0.03473754541948438,0.034422781206667426,0.0,0.0,0.00015319244004786004,0.0,0.24216121435165405,-0.011144440621137619,0.0034979814663529396,0.23829635977745056,-0.08769471943378448,0.021103618666529655,0.1496276557445526,0.04397248104214668,0.003666497766971588,0.10586398839950562,-0.004785093478858471,0.012447645887732506
492,181.44,-1.9948042631149292,0.04664183035492897,0.04806959629058838,0.046111076027154925,0.03489943396300078,0.011211642064154148,-0.033132683485746384,-0.032812267541885376,0.014908290468156338,0.010447772219777107,0.05827544257044792,0.06620213389396667,-0.04664183035492897,-0.03712980076670647,0.03755573183298111,0.034064460545778275,-0.04388006776571274,-0.04806959629058838,0.13475018739700317,0.1443115472793579,3.347313395352103e-05,0.011507106013596058,0.013996168971061707,0.01027907058596611,-0.003980633802711964,-0.008441152051091194,0.10938651859760284,0.1173132061958313,0.004469245206564665,0.013981273397803307,0.04212885245680809,0.03809133812785149,0.0,0.0,0.046111076027154925,0.046111072301864627,0.04611107556149364,0.046111074164509776,0.0,0.0,0.03489943396300078,0.03462844423949719,0.0,0.0,0.0,0.0,0.24405403435230255,-0.012365952134132385,0.00395051809027791,0.2389582395553589,-0.08822484314441681,0.021235518157482147,0.14990326762199402,0.044830966740846634,0.003759038867428899,0.1083359494805336,-0.003933865111321211,0.012400362640619278
493,181.85999999999999,-1.9993706941604614,0.04462183266878128,0.046644628047943115,0.04611107975244522,0.03505488706752658,0.011056192684918642,-0.028121398761868477,-0.027877312153577805,0.016676466912031174,0.012061013840138912,0.06222425401210785,0.07001186162233353,-0.04462183266878128,-0.03527670353651047,0.03802957385778427,0.034381840378046036,-0.042267344892024994,-0.046644628047943115,0.13935750722885132,0.1487523764371872,0.0028200175147503614,0.014093871228396893,0.014122644439339638,0.010276434011757374,-0.002212457824498415,-0.0068279108963906765,0.11333533376455307,0.12112294137477875,0.006489244289696217,0.015834372490644455,0.03724404320120812,0.03315374616533518,0.0,0.0,0.04611107975244522,0.04611107975244522,0.0461110769584775,0.046111076027154925,0.0,0.0,0.03505488706752658,0.03481671715155244,0.0,0.0,0.0,0.0,0.24591007828712463,-0.013474207371473312,0.00434838654473424,0.23975911736488342,-0.08874377608299255,0.02140258066356182,0.15051375329494476,0.04555059224367142,0.0038834335282444954,0.11059124767780304,-0.0034247280564159155,0.01235017366707325
494,182.28,-2.00390625,0.050158098340034485,0.050187624990940094,0.053888889849185946,0.03971479612402618,0.014174093725159764,-0.03022768162190914,-0.03012234903872013,0.010172526352107525,0.005397491157054901,0.05774352699518204,0.06512559205293655,-0.050158098340034485,-0.041299622505903244,0.036295875906944275,0.032517340034246445,-0.04565338417887688,-0.050187624990940094,0.13512855768203735,0.14410685002803802,-0.0026406131219118834,0.00813333224505186,0.016523003578186035,0.012543807737529278,-0.0009385880548506975,-0.005713623017072678,0.11663241684436798,0.1240144744515419,0.008730788715183735,0.0175892636179924,0.04175068520009518,0.03766615677624941,0.0,0.0,0.053888889849185946,0.05388888239860535,0.05388888705521822,0.05388888612389565,0.0,0.0,0.03971479612402618,0.03947400197386742,0.0,0.0,0.006371401837095618,0.00445593137294054,0.24902333319187164,-0.01414355169981718,0.004621022846549749,0.24049124121665955,-0.08812335878610611,0.021627893671393394,0.1521194875240326,0.04616991803050041,0.0044729867950081825,0.11195303499698639,-0.0023754118010401726,0.012053655460476875
495,182.7,-2.0084269046783447,0.04769102856516838,0.046021968126297,0.053888889849185946,0.037078351514646786,0.01681053833453916,-0.03584546968340874,-0.03590956702828407,0.011377232149243355,0.006442065350711346,0.0608314573764801,0.06767446547746658,-0.04769102856516838,-0.039479415863752365,0.0438198558986187,0.04031174257397652,-0.0418122336268425,-0.046021968126297,0.1412738710641861,0.14965789020061493,0.0009297588840126991,0.010990581475198269,0.020236093550920486,0.0161234550178051,0.0002661178878042847,-0.004669048823416233,0.11972034722566605,0.12656335532665253,0.011197857558727264,0.01940947026014328,0.051081563234329226,0.047033022046089175,0.0,0.0,0.053888889849185946,0.053888889849185946,0.05388888612389565,0.05388888612389565,0.0,0.0,0.037078351514646786,0.036352919302880767,0.0,0.0,0.005268098674714565,0.003418888784945011,0.2521533668041229,-0.008368466980755329,0.0032959794625639915,0.23649221658706665,-0.07738389819860458,0.023617170751094818,0.16155993938446045,0.04894029349088669,0.007335885427892208,0.11267457902431488,0.009213528595864773,0.00961464736610651
496,183.12,-2.0129284858703613,0.045435868203639984,0.041971445083618164,0.053888889849185946,0.03432744998019189,0.019561439868994057,-0.03603019565343857,-0.04025551676750183,0.012526165693998337,0.007455780170857906,0.06365450471639633,0.07001004368066788,-0.045435868203639984,-0.037809211760759354,0.050230205059051514,0.046847667545080185,-0.03791239857673645,-0.041971445083618164,0.1458752453327179,0.1537693589925766,0.003750084899365902,0.013223020359873772,0.022858692333102226,0.018633371219038963,0.0014150514034554362,-0.0036553337704390287,0.12254338711500168,0.12889893352985382,0.013453018851578236,0.021079672500491142,0.0538888879865408,0.0538888879865408,0.0,0.0,0.05388888239860535,0.053888889849185946,0.05388888705521822,0.0538888842612505,0.0,0.0,0.03432744998019189,0.03331611131317914,0.0,0.0,0.004702933952212334,0.0028566521406173705,0.2558421194553375,-0.005212289281189442,0.0025793311651796103,0.2341960370540619,-0.07039905339479446,0.024845998734235764,0.1660778820514679,0.05135900527238846,0.008935834281146526,0.11487829685211182,0.0168900303542614,0.008217094466090202
497,183.54,-2.017383575439453,0.044063929468393326,0.040098126977682114,0.05388888612389565,0.033108130684122446,0.020780755439773202,-0.03655318170785904,-0.040842778980731964,0.013111056759953499,0.007963537238538265,0.06547103822231293,0.07147766649723053,-0.044063929468393326,-0.036855969578027725,0.051699090749025345,0.04837414249777794,-0.03610818833112717,-0.040098126977682114,0.1486903876066208,0.1562790721654892,0.005498594604432583,0.014605007134377956,0.022335704416036606,0.018046105280518532,0.0019999423529952765,-0.003147577168419957,0.12435992062091827,0.13036654889583588,0.014824955724179745,0.02203291468322277,0.05388888612389565,0.0538888842612505,0.0,0.0,0.05388888239860535,0.05388888239860535,0.05388888519257307,0.0538888842612505,0.0,0.0,0.033108130684122446,0.03195054980926216,0.0,0.0,0.004326361119747162,0.002427907548844814,0.2579381763935089,-0.004008472431451082,0.0022928358521312475,0.23275163769721985,-0.0668460950255394,0.025594715029001236,0.16663280129432678,0.05334543436765671,0.009358620271086693,0.1181536465883255,0.021089650690555573,0.007671556435525417
498,183.95999999999998,-2.021838426589966,0.04264754429459572,0.03802068904042244,0.05388888612389565,0.03172319883480668,0.022165687289088964,-0.03698498383164406,-0.041337475180625916,0.013785677030682564,0.008562689647078514,0.06732890009880066,0.0729861855506897,-0.04264754429459572,-0.03585880249738693,0.053225327283144,0.04991528019309044,-0.03404863551259041,-0.03802068904042244,0.15107502043247223,0.15835756063461304,0.007064005825668573,0.01580304652452469,0.021903900429606438,0.01755141094326973,0.0026745633222162724,-0.0025484247598797083,0.126217782497406,0.13187506794929504,0.016241339966654778,0.023030083626508713,0.0538888842612505,0.05388888612389565,0.0,0.0,0.05388888239860535,0.05388888239860535,0.0538888842612505,0.05388888612389565,0.0,0.0,0.03172319883480668,0.03047226428054273,0.0,0.0,0.004177334140986204,0.002227037101984024,0.2596052289009094,-0.0034724432043731213,0.002178443130105734,0.23154553771018982,-0.06444427371025085,0.026050319895148277,0.16659392416477203,0.054877571761608124,0.0095998989418149,0.12089859694242477,0.02378198504447937,0.007377357222139835
499,184.38,-2.0262084007263184,0.04196888953447342,0.033757179975509644,0.053888889849185946,0.028484580693766474,0.025404309155419472,-0.03559146076440811,-0.04005058482289314,0.01485402975231409,0.009503083303570747,0.06351328641176224,0.0683981403708458,-0.04196888953447342,-0.03610707446932793,0.05792921409010887,0.054582953453063965,-0.029741665348410606,-0.033757179975509644,0.1453772485256195,0.15203475952148438,0.004062887746840715,0.012051898054778576,0.023297423496842384,0.01883830316364765,0.0037429153453558683,-0.0016080305213108659,0.12240217626094818,0.12728703022003174,0.016919994726777077,0.02278181165456772,0.0538888842612505,0.0538888879865408,0.0,0.0,0.053888889849185946,0.053888889849185946,0.0538888842612505,0.05388888612389565,0.0,0.0,0.028484580693766474,0.027149149454198777,0.0,0.0,0.00785710697993636,0.0057299135997891425,0.25974977016448975,-0.0032474356703460217,0.0021702097728848457,0.23019030690193176,-0.06243119388818741,0.02652914822101593,0.16644304990768433,0.055953219532966614,0.009811651892960072,0.12362906336784363,0.025306671857833862,0.007212426513433456
500,184.79999999999998,-2.030569314956665,0.038352854549884796,0.02920522168278694,0.0538888879865408,0.025196829698979854,0.028692058287560943,-0.033786918967962265,-0.038352854549884796,0.016178708523511887,0.010699587874114513,0.05958116427063942,0.06362292170524597,-0.03034740686416626,-0.029511388391256332,0.06277825683355331,0.05938160419464111,-0.025129234418272972,-0.02920522168278694,0.138580784201622,0.14455822110176086,0.0008085373556241393,0.007981467992067337,0.02510196715593338,0.020536033436655998,0.0050675952807068825,-0.0004115259216632694,0.11847005039453506,0.12251180410385132,0.018151532858610153,0.023001639172434807,0.05388888612389565,0.0538888879865408,0.0,0.0,0.05388888612389565,0.05388888239860535,0.043498939722776415,0.04751302756369114,0.0,0.0,0.025196829698979854,0.02379369576112367,0.0,0.0,0.012342995502986013,0.010020171180367469,0.25881969928741455,-0.00311324093490839,0.002005408750846982,0.22856351733207703,-0.06106409430503845,0.026698164641857147,0.1657118946313858,0.056634001433849335,0.009636376053094864,0.12518839538097382,0.025285815820097923,0.007443850859999657
501,185.22,-2.0349345207214355,0.03555557131767273,0.025230025872588158,0.05388888612389565,0.022185445185750722,0.03170344093814492,-0.030921483412384987,-0.03555557131767273,0.01717367023229599,0.011612765491008759,0.05952182784676552,0.06325116008520126,-0.01839526742696762,-0.017867717891931534,0.06868958473205566,0.06526696681976318,-0.0211228895932436,-0.025230025872588158,0.13611912727355957,0.14189650118350983,6.11943396506831e-05,0.006994036491960287,0.027967402711510658,0.023333314806222916,0.006062555592507124,0.0005016511422581971,0.11841071397066116,0.12214004248380661,0.0199760589748621,0.024451253935694695,0.05388888612389565,0.05388888612389565,0.0,0.0,0.05388888612389565,0.05388888239860535,0.03337132640182972,0.03731897182762623,0.0,0.0,0.022185445185750722,0.020731677014846354,0.0,0.0,0.014914864635211415,0.012457217443734406,0.26077812910079956,-0.0026902565732598305,0.001745510147884488,0.226729154586792,-0.05912674218416214,0.026259519159793854,0.16334375739097595,0.057125359773635864,0.009340877644717693,0.12405980378389359,0.02531641535460949,0.007815471850335598
502,185.64,-2.039303779602051,0.031860653311014175,0.021750276908278465,0.0538888879865408,0.019295750074088572,0.03459313791245222,-0.02719099633395672,-0.031860653311014175,0.017778530716896057,0.012174943462014198,0.06265579164028168,0.06657242774963379,-0.016132155433297157,-0.015752848237752914,0.0755327120423317,0.07209775596857071,-0.01762833446264267,-0.021750276908278465,0.13802266120910645,0.14405392110347748,0.0016671920893713832,0.008904702961444855,0.03169788792729378,0.02702823467552662,0.006667415611445904,0.0010638297535479069,0.12154467403888702,0.12546131014823914,0.0219203419983387,0.02662031352519989,0.0538888842612505,0.0538888879865408,0.0,0.0,0.05388888239860535,0.05388888239860535,0.03305249743163586,0.03737316176295281,0.0,0.0,0.019295750074088572,0.01781410666182637,0.0,0.0,0.015253149908967315,0.012715610563755034,0.26505187153816223,-0.0023763689678162336,0.001472697826102376,0.2250996232032776,-0.0569765567779541,0.025517502799630165,0.16022418439388275,0.057515546679496765,0.009007466956973076,0.1220226138830185,0.025272933766245842,0.008296938613057137
503,186.06,-2.043668746948242,0.03642553091049194,0.025927038863301277,0.061666636615991595,0.024240449890494346,0.037426186725497246,-0.03171834722161293,-0.03642553091049194,0.010819550603628159,0.005170926917344332,0.05678165331482887,0.06077698990702629,-0.011530735529959202,-0.011333297938108444,0.0738677829504013,0.07039047032594681,-0.02175426296889782,-0.025927038863301277,0.131371408700943,0.13756391406059265,-0.004787575453519821,0.002643423620611429,0.03494828939437866,0.0302411038428545,0.007486186921596527,0.0018375632353127003,0.12344828993082047,0.12744362652301788,0.023563705384731293,0.028358109295368195,0.061666636615991595,0.061666634753346446,0.0,0.0,0.061666636615991595,0.061666636615991595,0.030094440914690494,0.03469140723347664,0.0,0.0,0.024240449890494346,0.022764602098613976,0.0,0.0,0.023351280838251113,0.020714685674756764,0.2680360972881317,-0.002846289426088333,0.0013397082220762968,0.22428642213344574,-0.05621083080768585,0.025072673335671425,0.15791164338588715,0.057855211198329926,0.0084846131503582,0.12206986546516418,0.024042930454015732,0.009035264141857624
504,186.48,-2.0480074882507324,0.03646066412329674,0.023915056139230728,0.061666636615991595,0.026908334232866763,0.03475830238312483,-0.031696733087301254,-0.03646066412329674,0.012524589896202087,0.006807874422520399,0.05136078968644142,0.05476991832256317,0.007136493921279907,0.006974308751523495,0.07363098859786987,0.07014524936676025,-0.019732164219021797,-0.023915056139230728,0.12356345355510712,0.1292998194694519,-0.00843039434403181,-0.0015467529883608222,0.03496990352869034,0.030205972492694855,0.009191226214170456,0.0034745109733194113,0.11802742630243301,0.12143655121326447,0.023477939888834953,0.027568891644477844,0.061666636615991595,0.061666636615991595,0.0,0.0,0.061666636615991595,0.061666632890701296,0.011341445967555045,0.015594582892954349,0.0,0.0,0.023923390433192252,0.02238956711255014,0.0,0.0,0.026908334232866763,0.024115644632838665,0.26289066672325134,-0.0020938643720000982,0.0011866734130308032,0.22388899326324463,-0.05664004385471344,0.02524615451693535,0.15680178999900818,0.05736863613128662,0.007492870092391968,0.12341432273387909,0.021518424153327942,0.009742308408021927
505,186.9,-2.0523462295532227,0.036365266889333725,0.021929161623120308,0.061666636615991595,0.0308532452955842,0.030813391320407394,-0.03154286742210388,-0.036365266889333725,0.014363139867782593,0.00857626087963581,0.04622921720147133,0.04903292655944824,0.025801705196499825,0.025310685858130455,0.07329864799976349,0.06981220841407776,-0.017745431512594223,-0.021929161623120308,0.11539538204669952,0.12064255028963089,-0.012031911872327328,-0.005735302809625864,0.03512376919388771,0.030301367864012718,0.011029776185750961,0.005242897663265467,0.11289585381746292,0.11569955945014954,0.023821333423256874,0.027185780927538872,0.061666636615991595,0.061666634753346446,0.0,0.0,0.061666636615991595,0.061666632890701296,0.0,0.0,0.0,0.0,0.023775207698345183,0.022172059286385774,0.0,0.0,0.0308532452955842,0.027921083737164735,0.2577762305736542,-0.0010449347319081426,0.0009046226041391492,0.22290818393230438,-0.056772343814373016,0.025231339037418365,0.15537649393081665,0.056742653250694275,0.0066663105972111225,0.12313053011894226,0.01936202496290207,0.01027229055762291
506,187.32,-2.0566678047180176,0.0363708920776844,0.020760901272296906,0.061666636615991595,0.03545757278800011,0.026209063827991486,-0.03154376149177551,-0.0363708920776844,0.01549777202308178,0.009705212898552418,0.03941116854548454,0.041750770062208176,0.02642093040049076,0.02922845631837845,0.07355251908302307,0.07024919241666794,-0.016796914860606194,-0.020760901272296906,0.10508870333433151,0.10993418842554092,-0.017370006069540977,-0.011555425822734833,0.03512287512421608,0.03029574453830719,0.012164408341050148,0.006371849682182074,0.10607780516147614,0.10841740667819977,0.02308756671845913,0.025895092636346817,0.061666636615991595,0.061666636615991595,0.0,0.0,0.061666636615991595,0.061666636615991595,0.0,0.0,0.0,0.0,0.02396132320165634,0.022132750954478978,0.0,0.0,0.03545757278800011,0.03245051845908165,0.25800812244415283,0.0021619577892124653,-0.0005561699508689344,0.22006478905677795,-0.052224598824977875,0.025968262925744057,0.15776455402374268,0.056041765958070755,0.006689726375043392,0.11740999668836594,0.020774226635694504,0.009517350234091282
507,187.73999999999998,-2.0609841346740723,0.03638554736971855,0.0228390134871006,0.06166664034128189,0.04020160891115666,0.021465031430125237,-0.03156902268528938,-0.03638554736971855,0.016437361016869545,0.010657530277967453,0.03230585157871246,0.03421175107359886,0.025695959106087685,0.027983035892248154,0.07278915494680405,0.06964923441410065,-0.016559185460209846,-0.020327091217041016,0.0940084233880043,0.09848618507385254,-0.0228390134871006,-0.01746569387614727,0.03509761393070221,0.03028108924627304,0.013103998266160488,0.007324167061597109,0.09897249191999435,0.10087838768959045,0.022362595424056053,0.024649672210216522,0.061666636615991595,0.061666636615991595,0.0,0.0,0.06166664034128189,0.061666636615991595,0.0,0.0,0.0,0.0,0.024663183726370334,0.022651258278638123,0.0,0.0,0.04020160891115666,0.037115366086363795,0.2560791075229645,0.0052244942635297775,-0.00184357981197536,0.21679946780204773,-0.048231907188892365,0.026216989383101463,0.15806105732917786,0.055249281227588654,0.006388235837221146,0.11224786937236786,0.021409429609775543,0.009128397330641747
508,188.16,-2.0652995109558105,0.03623740002512932,0.028022922575473785,0.061666638478636744,0.04479733563959599,0.016869302839040756,-0.03142108768224716,-0.03623740002512932,0.017173444852232933,0.011393871158361435,0.025380747392773628,0.026938872411847115,0.02510777674615383,0.026977526023983955,0.07165687531232834,0.06866049766540527,-0.016698747873306274,-0.020294398069381714,0.08294890075922012,0.08712689578533173,-0.028022922575473785,-0.02300933189690113,0.03524554893374443,0.030429234728217125,0.013840082101523876,0.008060507476329803,0.09204738587141037,0.09360551089048386,0.0217744130641222,0.023644162341952324,0.061666636615991595,0.061666634753346446,0.0,0.0,0.061666638478636744,0.061666638478636744,0.0,0.0,0.0,0.0,0.02553882997483015,0.023354905545711516,0.0040984851121902465,0.00147861510515213,0.04479733563959599,0.04165349423885346,0.2524939477443695,0.008319459855556488,-0.0030727111734449863,0.21341931819915771,-0.04463090002536774,0.026165155693888664,0.1574576497077942,0.05429687723517418,0.005978996865451336,0.10737013816833496,0.021456237882375717,0.008939358405768871
509,188.57999999999998,-2.0696144104003906,0.03587746247649193,0.033131036907434464,0.061666638478636744,0.049204441606998446,0.012462196871638298,-0.031046653166413307,-0.03587746247649193,0.01752239651978016,0.011725427582859993,0.018523072823882103,0.019889812916517258,0.02440676838159561,0.026046857237815857,0.0705481469631195,0.06768069416284561,-0.017194127663969994,-0.02063506841659546,0.0718374252319336,0.07584533095359802,-0.033131036907434464,-0.02832154743373394,0.035619981586933136,0.030789176002144814,0.014189032837748528,0.008392063900828362,0.08518970757722855,0.08655644953250885,0.02107340469956398,0.022713493555784225,0.061666634753346446,0.061666638478636744,0.0,0.0,0.061666634753346446,0.061666636615991595,0.0,0.0,0.0,0.0,0.02638316050171852,0.02402713231742382,0.008352282345294951,0.0057111185789108275,0.049204441606998446,0.04603504098951817,0.24808138608932495,0.011527733877301216,-0.004247698001563549,0.2099483162164688,-0.041141659021377563,0.025882195681333542,0.15613378584384918,0.05319178104400635,0.005574088543653488,0.10245271027088165,0.021276894956827164,0.008824855089187622
510,189.0,-2.0739290714263916,0.035490043461322784,0.02117706835269928,0.061666638478636744,0.03576318442821503,0.025903454050421715,-0.030644094571471214,-0.035490043461322784,0.01789962500333786,0.012084485962986946,0.012006256729364395,0.013171161524951458,0.02414657548069954,0.025544460862874985,0.06898355484008789,0.06623832136392593,-0.017882781103253365,-0.02117706835269928,0.06103002279996872,0.0648469552397728,-0.016735922545194626,-0.018552087247371674,0.03602254390716553,0.031176593154668808,0.014566260389983654,0.008751122280955315,0.07867289334535599,0.07983779907226562,0.020813211798667908,0.022211097180843353,0.061666638478636744,0.061666636615991595,0.0,0.0,0.061666636615991595,0.06166663754731417,0.0,0.0,0.0,0.0,0.027449041493237018,0.024928190633654593,0.012642870545387267,0.009990843832492827,0.032549134343862536,0.03576318442821503,0.24227963387966156,0.014713607728481293,-0.0054003652185201645,0.20654457807540894,-0.038121096789836884,0.02551395446062088,0.15425552427768707,0.051908254623413086,0.005076673813164234,0.0978596955537796,0.02066725119948387,0.008799033239483833
511,189.42,-2.0782437324523926,0.03510540723800659,0.020742259919643402,0.061666636615991595,0.02716447215527296,0.03450216446071863,-0.03025403618812561,-0.03510540723800659,0.017952674999833107,0.012131030671298504,0.0038416720926761627,0.004857777152210474,0.023143382743000984,0.024362707510590553,0.06888765096664429,0.06622340530157089,-0.01754515990614891,-0.020742259919643402,0.04733772203326225,0.05100687965750694,0.009333563037216663,0.007294746581465006,0.03641260042786598,0.031561229377985,0.01461931224912405,0.008797667920589447,0.07050830870866776,0.07152441143989563,0.019810019060969353,0.021029343828558922,0.061666636615991595,0.061666636615991595,0.0,0.0,0.061666636615991595,0.06166663428768516,0.0,0.0,0.0,0.0,0.02716447215527296,0.024539927840232848,0.0181705866754055,0.015517531782388686,0.005476456023752689,0.008734597247093915,0.2385064661502838,0.01703263632953167,-0.006246908567845821,0.20241054892539978,-0.03518828749656677,0.025118034332990646,0.14742057025432587,0.050648994743824005,0.004805866163223982,0.09412483870983124,0.01960073411464691,0.008870145305991173
512,189.84,-2.0825586318969727,0.042413271963596344,0.02738773077726364,0.06944444671273231,0.03396593395620585,0.03547851275652646,-0.03755468130111694,-0.042413271963596344,0.010315573774278164,0.004485264420509338,-0.003180204425007105,-0.004683877341449261,0.014987708069384098,0.016015194356441498,0.06219867244362831,0.05954715982079506,-0.02420591376721859,-0.02738773077726364,0.02564621903002262,0.029142508283257484,0.01405517291277647,0.01825072057545185,0.03688976541161537,0.03203117474913597,0.014760020188987255,0.00892971083521843,0.06286796927452087,0.06372421234846115,0.019432155415415764,0.02045964077115059,0.06944444671273231,0.06944444671273231,0.0,0.0,0.06104817369952798,0.06340808968991041,0.0,0.0,0.0,0.0,0.03396593395620585,0.03131744161248207,0.032221750244498255,0.029581704065203666,0.00037698250263929357,0.0,0.23869425058364868,0.017993923276662827,-0.0069235386326909065,0.1969858705997467,-0.03211245685815811,0.024643531069159508,0.13499797880649567,0.04919758811593056,0.004889037925750017,0.0914178118109703,0.0165665652602911,0.009359197691082954
513,190.26,-2.086871385574341,0.04144024848937988,0.026739735156297684,0.06944444671273231,0.03803823318332434,0.03140621352940797,-0.03659862279891968,-0.04144024848937988,0.010324956849217415,0.004515004809945822,0.013523092493414879,0.012018676847219467,0.014207259751856327,0.015181958675384521,0.06279755383729935,0.06025809049606323,-0.02369237132370472,-0.026739735156297684,0.01290858630090952,0.01628565415740013,0.010051698423922062,0.014104180037975311,0.03784582391381264,0.03300419822335243,0.014769403263926506,0.0089594516903162,0.055946819484233856,0.0567590668797493,0.018651707097887993,0.019626405090093613,0.06944444671273231,0.06944444671273231,0.0,0.0,0.03742372699081898,0.03974039003252983,0.0,0.0,0.0,0.0,0.03346177458763123,0.030699186846613883,0.03803823318332434,0.03547341272234917,0.003600008673965931,0.0005222250521183013,0.23581023514270782,0.020706158131361008,-0.008015220984816551,0.19071407616138458,-0.027996189892292023,0.024061104282736778,0.12226548045873642,0.046886056661605835,0.0049975840374827385,0.08745020627975464,0.012596569955348969,0.009817707352340221
514,190.68,-2.0911829471588135,0.040089987218379974,0.02617005445063114,0.06944444671273231,0.0427607628563419,0.02668368385639041,-0.035280127078294754,-0.040089987218379974,0.010322430171072483,0.004550599958747625,0.028934966772794724,0.02748987264931202,0.013251745142042637,0.014259942807257175,0.06327669322490692,0.06085682660341263,-0.02326621674001217,-0.02617005445063114,0.0017861308297142386,0.005124296993017197,0.006754989270120859,0.010760788805782795,0.03916431963443756,0.03435445949435234,0.014766876585781574,0.008995046839118004,0.04954689368605614,0.05038705840706825,0.017696192488074303,0.018704388290643692,0.06944444671273231,0.06944444671273231,0.0,0.0,0.015611926913261413,0.017897185757756232,0.0,0.0,0.0,0.0,0.033033093325793746,0.030165101289749145,0.0427607628563419,0.04026276141405106,0.005941203217953443,0.002943599484860897,0.23074302077293396,0.023440249264240265,-0.009294615127146244,0.1848786622285843,-0.024565337225794792,0.023396266624331474,0.11242852360010147,0.04465791955590248,0.004744314588606358,0.08345187455415726,0.008584548719227314,0.010375002399086952
515,191.1,-2.095496654510498,0.039095427840948105,0.0261748805642128,0.06944444671273231,0.046701128482818606,0.022743318229913705,-0.03432752937078476,-0.039095427840948105,0.010320194065570831,0.004598715808242559,0.03936043754220009,0.04024215787649155,0.01250362116843462,0.013561686500906944,0.06266388297080994,0.06036869063973427,-0.02342064492404461,-0.0261748805642128,-0.007896244525909424,-0.004572855308651924,0.004244710318744183,0.008232777938246727,0.040116917341947556,0.03534901887178421,0.014764640480279922,0.009043162688612938,0.04380488395690918,0.04468660429120064,0.016948068514466286,0.018006132915616035,0.06944444671273231,0.06944444671273231,0.0,0.0,0.0,0.0,0.0,0.0,0.0,0.0,0.033185285404324534,0.030218043252825736,0.046701128482818606,0.044259459599852564,0.007703358195722103,0.004773354977369308,0.22445455193519592,0.025997942313551903,-0.010609288699924946,0.17965196073055267,-0.02183077298104763,0.022731725126504898,0.1045682281255722,0.04249532148241997,0.004286557901650667,0.0797009989619255,0.004609474912285805,0.010974500328302383
516,191.51999999999998,-2.099818706512451,0.039575349539518356,0.027687694877386093,0.06944444671273231,0.049612738080322745,0.019831708632409566,-0.03488561883568764,-0.039575349539518356,0.009973768144845963,0.004346090368926525,0.034757453948259354,0.035735804587602615,0.011361217126250267,0.01253523863852024,0.05938754230737686,0.05725933611392975,-0.02513384446501732,-0.027687694877386093,-0.015410837717354298,-0.012039178051054478,0.002164429984986782,0.006210420746356249,0.03955882787704468,0.03486909717321396,0.014418215490877628,0.008790536783635616,0.039201900362968445,0.040180254727602005,0.015805663540959358,0.016979685053229332,0.06944444671273231,0.06944444671273231,0.0,0.0,0.0,0.0,0.0,0.0,0.0,0.0,0.03455205995589495,0.03147823166102171,0.049612738080322745,0.047219432778656485,0.008641233555972575,0.005769264306873083,0.21756774187088013,0.028316598385572433,-0.011912187561392784,0.175237238407135,-0.019841382279992104,0.022111814469099045,0.09854163974523544,0.04040183126926422,0.0037392619997262955,0.0763641893863678,0.0006731061730533838,0.01158224418759346
517,191.94,-2.1041407585144043,0.04001472517848015,0.029117150232195854,0.06944444671273231,0.047334634587168696,0.022109812125563615,-0.03540429845452309,-0.04001472517848015,0.009666502475738525,0.004133990034461021,0.03034260869026184,0.03141595795750618,0.01041693240404129,0.011704952456057072,0.05621611699461937,0.05426253750920296,-0.02677285484969616,-0.029117150232195854,-0.014644859358668327,-0.016474230214953423,0.0003317098307888955,0.00441762013360858,0.03904014825820923,0.03442972153425217,0.014110948890447617,0.008578436449170113,0.03478705510497093,0.03586040437221527,0.014861378818750381,0.016149397939443588,0.06944444671273231,0.06944444671273231,0.0,0.0,0.0,0.0,0.0,0.0,0.0,0.0,0.03588380374014378,0.03269558668136597,0.04443191446363926,0.047334634587168696,0.009529668987961485,0.0067317778058350085,0.21060258150100708,0.0307229682803154,-0.013022998347878456,0.17125099897384644,-0.017944656312465668,0.021567463874816895,0.09322959184646606,0.03844672814011574,0.003340798895806074,0.07294642925262451,-0.0020744295325130224,0.01185890007764101
518,192.35999999999999,-2.1084952354431152,0.04050141200423241,0.028224673122167587,0.06944444671273231,0.034703008718788626,0.034741437993943684,-0.03591561317443848,-0.04050141200423241,0.009360549040138721,0.0038575902581214905,0.02563127502799034,0.0267142616212368,0.010339600034058094,0.011639184318482876,0.056271057575941086,0.054332174360752106,-0.02589801326394081,-0.028224673122167587,0.005291259381920099,0.0033190276008099318,-0.00044594917562790215,0.0034499233588576317,0.03852883353829384,0.03394303470849991,0.013804995454847813,0.008302036672830582,0.030075721442699432,0.031158708035945892,0.01478404738008976,0.01608363166451454,0.06944444671273231,0.06944444671273231,0.0,0.0,0.0,0.0,0.0,0.0,0.0,0.0,0.034703008718788626,0.03152670979499817,0.019784462060779332,0.02283968043513596,0.010229996555717661,0.00763370830565691,0.21022659540176392,0.030629891902208328,-0.01416221633553505,0.16950562596321106,-0.02005646750330925,0.02157740481197834,0.08931209146976471,0.03386596962809563,0.003326823003590107,0.06390015780925751,-0.010082707740366459,0.012098390609025955
519,192.78,-2.1128549575805664,0.04094531387090683,0.025095630437135696,0.06944444671273231,0.031248009651899337,0.03819643706083298,-0.036373384296894073,-0.04094531387090683,0.009107429534196854,0.003621112322434783,0.021140428259968758,0.022215725854039192,0.01068817637860775,0.01197853498160839,0.06024377793073654,0.05824419483542442,-0.022696133702993393,-0.025095630437135696,0.024248307570815086,0.022052912041544914,-0.0014471405884250998,0.002294807927682996,0.03807106241583824,0.033499132841825485,0.013551875948905945,0.008065558969974518,0.02558487467467785,0.026660172268748283,0.015132622793316841,0.016422981396317482,0.06944444671273231,0.06944444671273231,0.0,0.0,0.0,0.0,0.0,0.0,0.0,0.0,0.031248009651899337,0.028161189407110213,0.0,0.0,0.01157976338174194,0.009128173468634485,0.2173137068748474,0.02915727160871029,-0.013930434361100197,0.17105838656425476,-0.022287005558609962,0.021667419001460075,0.08671213686466217,0.03209938853979111,0.004010804928839207,0.05740457773208618,-0.01056409627199173,0.011165162548422813
520,193.2,-2.117250919342041,0.04096555709838867,0.0207598265260458,0.06944444671273231,0.02587005577981472,0.043574390932917595,-0.036400169134140015,-0.04096555709838867,0.00823733676224947,0.002758871531113982,0.01805233210325241,0.01927618496119976,0.0097127640619874,0.01118138711899519,0.06731781363487244,0.06517485529184341,-0.018188271671533585,-0.0207598265260458,0.02717854641377926,0.030401155352592468,-0.003549549961462617,0.00031758149270899594,0.0380442775785923,0.03347888961434364,0.012681784108281136,0.007203318178653717,0.022496778517961502,0.02372063137590885,0.014157211408019066,0.015625832602381706,0.06944444671273231,0.06944444671273231,0.0,0.0,0.0,0.0,0.0,0.0,0.0,0.0,0.02587005577981472,0.022963144704699515,0.0,0.0,0.012706761369481682,0.01030825110967271,0.22885891795158386,0.026072494685649872,-0.013177147135138512,0.1745474636554718,-0.024896735325455666,0.02172667905688286,0.08716188371181488,0.03241584822535515,0.004893658682703972,0.053537704050540924,-0.00778893893584609,0.010016454383730888
521,193.62,-2.1216869354248047,0.048288434743881226,0.024768659844994545,0.07722219720482826,0.028117844723165034,0.04910435248166323,-0.04372354969382286,-0.048288434743881226,-0.0010796369751915336,-0.006557500455528498,0.008486085571348667,0.010033107362687588,-0.0007458385080099106,0.0011105876183137298,0.0666772648692131,0.0643494501709938,-0.021975284442305565,-0.024768659844994545,0.017546474933624268,0.02113373391330242,-0.014379621483385563,-0.010074910707771778,0.0384986475110054,0.03393375873565674,0.01114256028085947,0.005664696916937828,0.02070828340947628,0.0222553052008152,0.011476358398795128,0.013332785107195377,0.07722219720482826,0.07722219347953796,0.007222197256051004,0.007222197372466326,0.007222197838127613,0.007222197838127613,0.007222196906805038,0.0072221974888816475,0.0,0.0,0.028117844723165034,0.025433356761932372,0.0,0.0,0.02085597988218069,0.018407695814967154,0.23864714801311493,0.022285478189587593,-0.012826727703213692,0.17734339833259583,-0.02764704078435898,0.021668357774615288,0.08986170589923859,0.033379927277565,0.0051834071055054665,0.05191715806722641,-0.006774905137717724,0.00972879771143198
522,194.04,-2.1261305809020996,0.047940533608198166,0.023230932652950287,0.07722219720482826,0.02508818719536066,0.0521340100094676,-0.04338902235031128,-0.047940533608198166,-0.0024997899308800697,-0.00796160101890564,0.006565420888364315,0.008427656255662441,-0.003416697960346937,-0.0011820156360045075,0.07006695866584778,0.06767933070659637,-0.020365780219435692,-0.023230932652950287,0.015404586680233479,0.019347108900547028,-0.017326483502984047,-0.012595457024872303,0.03883317485451698,0.034281663596630096,0.009722406975924969,0.004260595887899399,0.01878761686384678,0.020649852231144905,0.008805499412119389,0.01104018185287714,0.07722219720482826,0.07722219720482826,0.007222196906805038,0.007222196906805038,0.007222195975482464,0.007222195975482464,0.007222197372466326,0.0072221974888816475,0.0,0.0,0.02508818719536066,0.022491528540849685,0.0,0.0,0.021131982915103435,0.018635638877749442,0.24096298217773438,0.020939061418175697,-0.013118742033839226,0.17817670106887817,-0.028841085731983185,0.0215492881834507,0.09312868863344193,0.03350694105029106,0.004938206635415554,0.04979509860277176,-0.007380781229585409,0.009897777810692787
523,194.45999999999998,-2.1306498050689697,0.04930507019162178,0.023181233555078506,0.07722219720482826,0.02410203393548727,0.05312016326934099,-0.044882651418447495,-0.04930507019162178,-0.003512951312586665,-0.008819854818284512,0.0032060362864285707,0.005309210624545813,-0.006212115287780762,-0.0036883060820400715,0.06932432949542999,0.0670006275177002,-0.02039278857409954,-0.023181233555078506,0.011188019998371601,0.015409251675009727,-0.020471611991524696,-0.015406133607029915,0.03733954578638077,0.03291712701320648,0.00870924536138773,0.0034023418556898832,0.015428232960402966,0.01753140799701214,0.006010082084685564,0.008533891290426254,0.07722219720482826,0.07722219720482826,0.007222196673974395,0.007222196673974395,0.007222196673974395,0.007222197372466326,0.007222197372466326,0.007222197372466326,0.0,0.0,0.02410203393548727,0.02158357541076839,0.0,0.0,0.02148169407621026,0.018940024897456168,0.24120405316352844,0.019624443724751472,-0.012949454598128796,0.17685437202453613,-0.02980736270546913,0.021211033686995506,0.09283782541751862,0.03349761292338371,0.004294445738196373,0.04755852371454239,-0.007906856015324593,0.010247493162751198
524,194.88,-2.13516902923584,0.05063731223344803,0.02359810099005699,0.07722219720482826,0.023641000855714082,0.05358119634911418,-0.04634572193026543,-0.05063731223344803,-0.004495031666010618,-0.009644939564168453,-6.658572965534404e-05,0.0022776275873184204,-0.008921164087951183,-0.006108108442276716,0.06785865128040314,0.0656217634677887,-0.020913835614919662,-0.02359810099005699,0.0070648351684212685,0.011552664451301098,-0.023430118337273598,-0.01804472506046295,0.035876475274562836,0.031584884971380234,0.00772716524079442,0.0025772573426365852,0.01215561106801033,0.014499824494123459,0.003301032818853855,0.006114088464528322,0.07722219720482826,0.07722219720482826,0.007222196906805038,0.007222196906805038,0.007222196797665674,0.007222196906805038,0.007222196906805038,0.007222196906805038,0.0,0.0,0.023641000855714082,0.021175358332693576,9.077589958906163e-05,0.0,0.021731151156127452,0.019158813524991273,0.23995733261108398,0.018763892352581024,-0.012976666912436485,0.17510807514190674,-0.030431902036070824,0.020898297429084778,0.09224642068147659,0.0332508385181427,0.0036827647127211094,0.045450590550899506,-0.008828934282064438,0.010604644194245338
525,195.29999999999998,-2.1397221088409424,0.05095643922686577,0.025089511647820473,0.07722219720482826,0.022602594811469316,0.054619602393358946,-0.046697065234184265,-0.05095643922686577,-0.005930764134973288,-0.011042015627026558,-0.003412441583350301,-0.001006236532703042,-0.010086486116051674,-0.007199040614068508,0.06805317103862762,0.0658264234662056,-0.021311162039637566,-0.02398325689136982,0.002648633671924472,0.007194042205810547,-0.025089511647820473,-0.019635021686553955,0.035525131970644,0.031265757977962494,0.006291432771831751,0.001180181629024446,0.008809755556285381,0.01121596060693264,0.002135710557922721,0.005023156758397818,0.07722219720482826,0.07722219720482826,0.007222196906805038,0.007222197256051004,0.007222197139635682,0.007222197139635682,0.007222196673974395,0.007222197372466326,0.0,0.0,0.022602594811469316,0.020163438520394265,0.0011611218843609094,0.0,0.022225222205743193,0.01965817844495177,0.23891612887382507,0.01856691762804985,-0.0133005790412426,0.17339298129081726,-0.030052421614527702,0.020643290132284164,0.0917598232626915,0.03278464078903198,0.0033855063375085592,0.0430140346288681,-0.009572697803378105,0.010778171010315418
526,195.72,-2.144289255142212,0.05083687976002693,0.02606414444744587,0.07722219720482826,0.022720400248654186,0.054501796956174076,-0.04656988009810448,-0.05083687976002693,-0.007512010168284178,-0.012632409110665321,-0.006719347555190325,-0.004323443863540888,-0.010565941222012043,-0.0076908571645617485,0.06870868802070618,0.06645872443914413,-0.021764419972896576,-0.024464376270771027,-0.00180755031760782,0.0027147948276251554,-0.02606414444744587,-0.020637329667806625,0.035652317106723785,0.03138531744480133,0.004710187204182148,-0.00041021197102963924,0.005502849817276001,0.007898753508925438,0.0016562558012083173,0.00453133974224329,0.07722219720482826,0.07722219720482826,0.007222197372466326,0.007222197139635682,0.007222197372466326,0.007222197372466326,0.00722219702322036,0.007222196906805038,0.0,0.0,0.021474607177078723,0.019054164299741386,0.002310400134883821,0.00018395868130028237,0.022720400248654186,0.020168669410049914,0.2375590056180954,0.018623962998390198,-0.013728661462664604,0.17150868475437164,-0.029344145208597183,0.020366709679365158,0.09081274271011353,0.0322122797369957,0.0031149087008088827,0.04065645486116409,-0.010434300638735294,0.010974682867527008
527,196.14,-2.1488678455352783,0.05049041286110878,0.026914572343230247,0.07722219720482826,0.02289391134865582,0.05432828585617244,-0.0462150014936924,-0.05049041286110878,-0.008978721685707569,-0.014109218493103981,-0.009329552762210369,-0.006911530625075102,-0.01124285813421011,-0.008341231383383274,0.06940105557441711,0.06712734699249268,-0.02226000837981701,-0.024988457560539246,-0.005281062796711922,-0.0007473299046978354,-0.026914572343230247,-0.021474093198776245,0.036007195711135864,0.03173178434371948,0.0032434752210974693,-0.001887021353468299,0.0028926439117640257,0.005310666281729937,0.0009793390054255724,0.0038809659890830517,0.07722219720482826,0.07722219720482826,0.007222196906805038,0.007222197139635682,0.007222196673974395,0.007222196906805038,0.007222197139635682,0.007222197372466326,0.0,0.0,0.020503483600914477,0.018101436207070946,0.0031737067084759473,0.001057996186427772,0.02289391134865582,0.020355059187859296,0.23606619238853455,0.018732933327555656,-0.014251848682761192,0.1697121560573578,-0.028689712285995483,0.0200634952634573,0.08984002470970154,0.031578704714775085,0.0028122146613895893,0.03857969492673874,-0.01166137307882309,0.01128088217228651
528,196.56,-2.153470039367676,0.049751102924346924,0.02788308821618557,0.07722219720482826,0.02262051243917085,0.05460168476565741,-0.04546571522951126,-0.049751102924346924,-0.010279114358127117,-0.015421578660607338,-0.010716565884649754,-0.008210567757487297,-0.012484773062169552,-0.009477575309574604,0.07059541344642639,0.06829467415809631,-0.0225803442299366,-0.025341229513287544,-0.006982399616390467,-0.0023678522557020187,-0.02788308821618557,-0.022345632314682007,0.036756481975317,0.03247109428048134,0.0019430823158472776,-0.0031993817538022995,0.0015056311385706067,0.004011629149317741,-0.00026257577701471746,0.0027446215972304344,0.07722219720482826,0.07722219720482826,0.007222196673974395,0.007222196906805038,0.00722219702322036,0.007222196906805038,0.007222197285154834,0.007222196906805038,0.0,0.0,0.019523426545783876,0.017141847759485244,0.0034880307549610733,0.00137948140501976,0.02262051243917085,0.02009025391191244,0.2351388931274414,0.018817028030753136,-0.01489904336631298,0.16843107342720032,-0.028159666806459427,0.019774921238422394,0.08951983600854874,0.03094293549656868,0.002567464020103216,0.03688247874379158,-0.013190041296184063,0.011665395461022854
529,196.98,-2.1580722332000732,0.04898173734545708,0.02883504517376423,0.07722219720482826,0.02233865368645638,0.05488354351837188,-0.044686637818813324,-0.04898173734545708,-0.011545163579285145,-0.016699280589818954,-0.012093971483409405,-0.009500096552073956,-0.013718588277697563,-0.010605939663946629,0.07196631282567978,0.0696389228105545,-0.02275502309203148,-0.02554788999259472,-0.00862892810255289,-0.003932044841349125,-0.02883504517376423,-0.02319878526031971,0.03753555938601494,0.033240459859371185,0.0006770335603505373,-0.004477083683013916,0.00012822581629734486,0.0027221001219004393,-0.0014963914873078465,0.0016162575921043754,0.07722219720482826,0.07722219720482826,0.007222197139635682,0.007222196906805038,0.0072221972997067495,0.007222196673974395,0.0072221967903897165,0.007222197256051004,0.0,0.0,0.018432056652382015,0.016070806309580802,0.0037571539188502355,0.001654144963249564,0.02233865368645638,0.019815042852424084,0.2344621866941452,0.018828241154551506,-0.015366884879767895,0.1673468053340912,-0.027805250138044357,0.019518282264471054,0.08871187269687653,0.030425891280174255,0.0023226451594382524,0.03553631901741028,-0.01435765903443098,0.01200692355632782
530,197.4,-2.1628196239471436,0.05387881025671959,0.036208201199769974,0.0849999476969242,0.029525057533755898,0.05547489016316831,-0.049728382378816605,-0.05387881025671959,-0.01855015940964222,-0.02353067137300968,-0.019360747188329697,-0.01650850661098957,-0.021683091297745705,-0.018260404467582703,0.06801312416791916,0.06580417603254318,-0.028120359405875206,-0.030771099030971527,-0.01585972309112549,-0.010876118205487728,-0.036208201199769974,-0.03022787533700466,0.040271565318107605,0.03612113744020462,0.0014497879892587662,-0.003530724672600627,0.0006392010254785419,0.003491440787911415,-0.0016831436660140753,0.0017395439790561795,0.0849999476969242,0.0849999476969242,0.014999947398900985,0.014999946700409054,0.014999948213808238,0.014999947398900985,0.014999947631731628,0.014999948446638881,0.0,0.0,0.02457014739513397,0.0222403743583709,0.01149892411660403,0.009367558993399142,0.029525057533755898,0.02696741931606084,0.23358091711997986,0.018580639734864235,-0.015712736174464226,0.1666361689567566,-0.028089120984077454,0.019310075789690018,0.08758953213691711,0.030053697526454926,0.002003162167966366,0.03476410359144211,-0.015597812831401825,0.012413098476827145
531,197.82,-2.167574405670166,0.0508309043943882,0.0358717106282711,0.0849999476969242,0.029086554078385233,0.055913393618538976,-0.04683366417884827,-0.0508309043943882,-0.0176091268658638,-0.022405818104743958,-0.01873052306473255,-0.015609750524163246,-0.021785104647278786,-0.01804017648100853,0.0709674283862114,0.06897653639316559,-0.02643573097884655,-0.028824802488088608,-0.015207993797957897,-0.009965979494154453,-0.0358717106282711,-0.02958129532635212,0.04316628351807594,0.03916904330253601,0.0023908198345452547,-0.0024058714043349028,0.0012694241013377905,0.004390197340399027,-0.001785156549885869,0.0019597711507230997,0.0849999476969242,0.0849999476969242,0.014999946700409054,0.014999946700409054,0.014999947166070341,0.014999947864562272,0.014999948097392916,0.014999947631731628,0.0,0.0,0.023826550813391804,0.021418931083753704,0.011477417899295687,0.00935617683455348,0.029086554078385233,0.026541066477075218,0.2301698923110962,0.02027805894613266,-0.01630796119570732,0.16634905338287354,-0.027256488800048828,0.019187644124031067,0.0877435952425003,0.029138963669538498,0.0018034972017630935,0.03307177871465683,-0.01637306809425354,0.012504196725785732
532,198.23999999999998,-2.1722798347473145,0.04800162836909294,0.03543730825185776,0.0849999476969242,0.02861948183737695,0.05638046585954726,-0.043972328305244446,-0.04800162836909294,-0.017165886238217354,-0.02200104296207428,-0.01697540655732155,-0.01382578257471323,-0.021817773580551147,-0.018038224428892136,0.07507051527500153,0.0731005072593689,-0.02464211918413639,-0.027006128802895546,-0.013079468160867691,-0.007821827195584774,-0.03543730825185776,-0.029128139838576317,0.046027619391679764,0.04199831932783127,0.002834061160683632,-0.002001096261665225,0.0030245401430875063,0.006174164824187756,-0.0018178264144808054,0.0019617232028394938,0.0849999476969242,0.0849999476969242,0.014999947398900985,0.014999946700409054,0.014999946700409054,0.014999947398900985,0.014999947166070341,0.014999947631731628,0.0,0.0,0.02247618034482002,0.02000503254123032,0.011104008303955196,0.008995992019772529,0.02861948183737695,0.02608986304141581,0.23034238815307617,0.021387945860624313,-0.017020080238580704,0.16711725294589996,-0.026272926479578018,0.019108150154352188,0.08903446048498154,0.02852928824722767,0.0018941815942525864,0.03210795670747757,-0.017113948240876198,0.012596946209669113
533,198.66,-2.176948070526123,0.04534684866666794,0.0348474383354187,0.08500000730156898,0.02809367608744651,0.056906331214122474,-0.04114806279540062,-0.04534684866666794,-0.017102720215916634,-0.022141264751553535,-0.014328510500490665,-0.011330935172736645,-0.021753769367933273,-0.01815667934715748,0.07975541800260544,0.07765671610832214,-0.022879552096128464,-0.02539798989892006,-0.009762642905116081,-0.004661374259740114,-0.0348474383354187,-0.028725916519761086,0.048851944506168365,0.04465315863490105,0.0028972874861210585,-0.0021412568166851997,0.005671496503055096,0.008669071830809116,-0.0017537622479721904,0.001843328238464892,0.08500000730156898,0.08500000730156898,0.015000007702037691,0.015000007934868335,0.01500000700354576,0.01500000700354576,0.015000007119961082,0.01500000758562237,0.0,0.0,0.02077683958224952,0.01825673308223486,0.010434139408171176,0.00833044609054923,0.02809367608744651,0.025569244758225976,0.232688307762146,0.021870654076337814,-0.017683640122413635,0.16848981380462646,-0.025468260049819946,0.019065966829657555,0.0909644290804863,0.02824225276708603,0.0020825089886784554,0.031947243958711624,-0.017877494916319847,0.012784871272742748
534,199.07999999999998,-2.181614875793457,0.04257084056735039,0.03373268246650696,0.08500000730156898,0.02785074437735602,0.05714926292421296,-0.03823443502187729,-0.04257084056735039,-0.01655554212629795,-0.02175923064351082,-0.012485274113714695,-0.009621623903512955,-0.02088194526731968,-0.01744556427001953,0.08466792851686478,0.0824473425745964,-0.020426446571946144,-0.023091144859790802,-0.0076126353815197945,-0.002631783951073885,-0.03373268246650696,-0.02775566093623638,0.051765572279691696,0.0474291667342186,0.003444465110078454,-0.0017592237563803792,0.0075147333554923534,0.010378384031355381,-0.0008819380891509354,0.002554442500695586,0.08500000730156898,0.08500000730156898,0.015000007236376404,0.015000006887130438,0.015000007469207047,0.015000007934868335,0.015000007178168743,0.015000006770715116,0.0,0.0,0.018870911682024597,0.016331921103410422,0.010127368737012147,0.008010167982429265,0.02785074437735602,0.025310103436931967,0.23518511652946472,0.02177361398935318,-0.017767537385225296,0.16951137781143188,-0.02524569444358349,0.019033223390579224,0.09115615487098694,0.028330331668257713,0.0020273474510759115,0.03236905112862587,-0.018074912950396538,0.013028156943619251
535,199.5,-2.186272382736206,0.03937326371669769,0.030458979308605194,0.0849999476969242,0.028809975953772663,0.056189971743151546,-0.035024356096982956,-0.03937326371669769,-0.014078138396143913,-0.01929682493209839,-0.014129109680652618,-0.011322589591145515,-0.016648951917886734,-0.013281128369271755,0.08876027166843414,0.08649995923042297,-0.016738923266530037,-0.01945129595696926,-0.010833890177309513,-0.005906147416681051,-0.030458979308605194,-0.024545688182115555,0.054975591599941254,0.05062668398022652,0.00592180946841836,0.0007031220593489707,0.005870838183909655,0.00867735780775547,0.00335099664516747,0.006718819495290518,0.0849999476969242,0.0849999476969242,0.014999947864562272,0.014999946991447358,0.014999947864562272,0.014999947398900985,0.014999948563054203,0.014999947864562272,0.0,0.0,0.017660732734948396,0.01515441801631823,0.011704728361219167,0.00958350522443652,0.028809975953772663,0.02626450767740607,0.23516947031021118,0.021366147324442863,-0.01663999818265438,0.16798895597457886,-0.02522723563015461,0.018839329481124878,0.08587174117565155,0.02859278954565525,0.0013576705241575837,0.03226504102349281,-0.01685677096247673,0.013152539730072021
536,199.92,-2.190929889678955,0.03613978624343872,0.026579461991786957,0.08500000730156898,0.029556169994175433,0.05544383730739355,-0.03177811577916145,-0.03613978624343872,-0.011563422158360481,-0.016797427088022232,-0.01538336742669344,-0.0126351835206151,-0.011416330002248287,-0.008725478313863277,0.09294325858354568,0.09063109010457993,-0.012995419092476368,-0.015770023688673973,-0.013638349249958992,-0.008765114471316338,-0.026579461991786957,-0.020731579512357712,0.05822189152240753,0.053860221058130264,0.00843658484518528,0.0032025803811848164,0.004616640042513609,0.0073648239485919476,0.007976708002388477,0.011274528689682484,0.08500000730156898,0.08500000730156898,0.01500000700354576,0.015000007469207047,0.015000007469207047,0.015000007469207047,0.014393038004636764,0.01500000700354576,0.0,0.0,0.016432003937661647,0.013972604069858788,0.0132549892924726,0.011129938419908284,0.029556169994175433,0.027006108202040194,0.23529335856437683,0.020846471190452576,-0.015995575115084648,0.16643138229846954,-0.024994686245918274,0.018589504063129425,0.08160426467657089,0.028507325798273087,0.0007319279247894883,0.031904950737953186,-0.017359796911478043,0.01353774406015873
537,200.34,-2.195434093475342,0.031508781015872955,0.025204898789525032,0.0849999476969242,0.0287073877453804,0.05629255995154381,-0.02698044665157795,-0.031508781015872955,-0.011354024522006512,-0.016788024455308914,-0.013680064119398594,-0.010962467640638351,-0.011497458443045616,-0.00823634210973978,0.10170681029558182,0.09923706203699112,-0.009164873510599136,-0.012128573842346668,-0.011591573245823383,-0.0067388624884188175,-0.025204898789525032,-0.019381646066904068,0.06301949918270111,0.058491166681051254,0.008645923808217049,0.0032119222451001406,0.006319883279502392,0.009037479758262634,0.00850248895585537,0.011763605289161205,0.08499994583427906,0.0849999476969242,0.01499994833022356,0.014999946700409054,0.014999947398900985,0.014999947398900985,0.014999947398900985,0.014999947398900985,0.0,0.0,0.012810797318816184,0.010340496087446808,0.012911456525325774,0.01077634224668145,0.0287073877453804,0.026145251356065272,0.24211084842681885,0.020482633262872696,-0.01673096790909767,0.16706034541130066,-0.023174777626991272,0.018179897218942642,0.0821877270936966,0.028133518993854523,0.0009812107309699059,0.03053966909646988,-0.019547872245311737,0.014087006449699402
538,200.76,-2.199902296066284,0.026388805359601974,0.024308420717716217,0.0849999476969242,0.02747602842748165,0.05752391926944256,-0.021669136360287666,-0.026388805359601974,-0.011488569900393486,-0.017152173444628716,-0.011177302338182926,-0.008483129553496838,-0.011832339689135551,-0.00859933253377676,0.11121673882007599,0.10856126248836517,-0.005179443396627903,-0.008366020396351814,-0.008183673024177551,-0.0033091860823333263,-0.024308420717716217,-0.018459035083651543,0.0683308094739914,0.06361114233732224,0.0085113774985075,0.002847774187102914,0.00882264506071806,0.011516817845404148,0.008167607709765434,0.011400614865124226,0.08499994583427906,0.0849999476969242,0.014999947398900985,0.014999947631731628,0.014999947398900985,0.014999947398900985,0.014999947398900985,0.014999947398900985,0.0,0.0,0.008690820895135402,0.006213794583454728,0.01200631808489561,0.009826003927737473,0.02747602842748165,0.024859649948775767,0.24962812662124634,0.01934763602912426,-0.017395971342921257,0.1681136041879654,-0.022120801731944084,0.01780753955245018,0.08330423384904861,0.028018079698085785,0.0010749412467703223,0.030225582420825958,-0.022190401330590248,0.014938290230929852
539,201.17999999999998,-2.204272985458374,0.01993342489004135,0.02309105359017849,0.08500001102685928,0.026218854710459708,0.058781156316399574,-0.015056281350553036,-0.01993342489004135,-0.01071126852184534,-0.016563840210437775,-0.007783077657222748,-0.005186910275369883,-0.011872205883264542,-0.008756804279983044,0.12220416963100433,0.11937510222196579,0.00039993852260522544,-0.002994943642988801,-0.003570685163140297,0.0012742369435727596,-0.02309105359017849,-0.017277147620916367,0.07494372874498367,0.07006658613681793,0.00928873848170042,0.003436166327446699,0.012216929346323013,0.014813097193837166,0.00812780112028122,0.011243202723562717,0.0850000100955367,0.08500001102685928,0.01500000700354576,0.015000006537884473,0.01500000700354576,0.015000007469207047,0.01500000700354576,0.01500000700354576,0.0,0.0,0.003888799959095195,0.0014311099704355,0.01078761450946331,0.008538860250264405,0.026218854710459708,0.023520350344479083,0.2560851573944092,0.017384197562932968,-0.017824538052082062,0.16971509158611298,-0.02253515087068081,0.017646970227360725,0.08504291623830795,0.028182901442050934,0.0008821160299703479,0.03151572495698929,-0.025393743067979813,0.01606784760951996
540,201.6,-2.208514451980591,0.014761068858206272,0.021274369210004807,0.08499994955956935,0.02478319115936756,0.0602167584002018,-0.006771567277610302,-0.01176491193473339,-0.00876905582845211,-0.014761068858206272,-0.003174940124154091,-0.0007796499994583428,-0.011491125449538231,-0.008616777136921883,0.13508914411067963,0.13217094540596008,0.007875644601881504,0.004373799078166485,0.002428735839203,0.007104792166501284,-0.021274369210004807,-0.01566310226917267,0.08322837948799133,0.07823503762483597,0.01123089250177145,0.005238879006356001,0.016825007274746895,0.019220298156142235,0.008508821949362755,0.011383170261979103,0.08499994676560163,0.08499994955956935,0.01499994833022356,0.014999947864562272,0.014999947398900985,0.014999948155600577,0.014999947398900985,0.014999947398900985,0.0,0.0,0.0,0.0,0.009396271435543894,0.007115505989640951,0.02478319115936756,0.02204627253115177,0.26420527696609497,0.015750529244542122,-0.017144594341516495,0.16742655634880066,-0.022520791739225388,0.017752280458807945,0.08316685259342194,0.028866618871688843,0.0014084110734984279,0.03342506289482117,-0.02556460350751877,0.01671649143099785
541,202.01999999999998,-2.212747812271118,0.012622791342437267,0.019006840884685516,0.08499994851183146,0.02329122543334961,0.06170872307848185,0.0016915156738832593,-0.003401384921744466,-0.006511310581117868,-0.012622791342437267,0.0016357763670384884,0.0038465808611363173,-0.010715562850236893,-0.00806259736418724,0.14874614775180817,0.14572013914585114,0.01629258506000042,0.012661367654800415,0.00861713383346796,0.013169429264962673,-0.019006840884685516,-0.013544087298214436,0.09169146418571472,0.08659856021404266,0.013488637283444405,0.007377156522125006,0.02163572423160076,0.023846527561545372,0.009284384548664093,0.011937350034713745,0.08499994851183146,0.08499994513578712,0.014999947864562272,0.014999947864562272,0.014999947864562272,0.014999946700409054,0.014999947398900985,0.014999947398900985,0.0,0.0,0.0,0.0,0.0080185903981328,0.005677098296582699,0.02329122543334961,0.02048143733292818,0.2727580666542053,0.013099406845867634,-0.016443369910120964,0.16651542484760284,-0.02308512106537819,0.017785124480724335,0.08161744475364685,0.029595892876386642,0.0014758757315576077,0.035884931683540344,-0.027026845142245293,0.01767796277999878
542,202.44,-2.2168238162994385,0.009212303906679153,0.015023228712379932,0.08499995002523064,0.022225288562476634,0.06277466146275401,0.010868776589632034,0.005693511571735144,-0.0030019860714673996,-0.009212303906679153,0.004879023879766464,0.007300425320863724,-0.007797887548804283,-0.004892205819487572,0.16289444267749786,0.159790500998497,0.025732574984431267,0.022007830440998077,0.012187113054096699,0.017030885443091393,-0.015023228712379932,-0.009210702031850815,0.10086872428655624,0.09569346159696579,0.016997961327433586,0.010787643492221832,0.02487897127866745,0.02730037271976471,0.012202059850096703,0.015107741579413414,0.0849999476969242,0.08499995002523064,0.014999947398900985,0.014999947398900985,0.014999947398900985,0.014999947398900985,0.014999947398900985,0.014999947398900985,0.0,0.0,0.0,0.0,0.007691858224570751,0.005269487276673317,0.022225288562476634,0.019318443611264228,0.2822202444076538,0.009846730157732964,-0.015049596317112446,0.164677232503891,-0.023156408220529556,0.017495067790150642,0.07673468440771103,0.03042973205447197,0.0010366338538005948,0.03724594786763191,-0.027991004288196564,0.018691658973693848
543,202.85999999999999,-2.220899820327759,0.005532580427825451,0.010920919477939606,0.0849999514222145,0.021101374067366122,0.06389857735484838,0.020174361765384674,0.01493276096880436,0.0007573418552055955,-0.005532580427825451,0.00818807352334261,0.010817385278642178,-0.004819492343813181,-0.0016643184935674071,0.17700956761837006,0.17382383346557617,0.03548486530780792,0.031661972403526306,0.01588892936706543,0.021035533398389816,-0.010920919477939606,-0.004744995851069689,0.11017431318759918,0.10493271052837372,0.020757289603352547,0.014467366971075535,0.02818802185356617,0.03081733174622059,0.015180454589426517,0.018335629254579544,0.0849999514222145,0.08499994955956935,0.01499994774814695,0.014999947398900985,0.01499994833022356,0.01499994646757841,0.014999946933239697,0.01499994774814695,0.0,0.0,0.0,0.0,0.00729909248650074,0.004781798347830772,0.021101374067366122,0.018080625105649232,0.2909751236438751,0.0059316144324839115,-0.013945132493972778,0.16356191039085388,-0.023811545222997665,0.017217202112078667,0.07320079207420349,0.03101629763841629,0.0003401937719900161,0.039198264479637146,-0.030894292518496513,0.020060330629348755
544,203.28,-2.224876880645752,0.003622343996539712,0.007474376354366541,0.08500000916421413,0.019763830471783875,0.06523617869243026,0.02591627836227417,0.02055690623819828,0.0028089010156691074,-0.003622343996539712,0.010690112598240376,0.013475275598466396,-0.002710553817451,0.0006316415965557098,0.1858595311641693,0.18250858783721924,0.04138663411140442,0.037365496158599854,0.018825054168701172,0.024218127131462097,-0.007474376354366541,-0.0010026887757703662,0.11591628193855286,0.11055691540241241,0.02280890755355358,0.016377663239836693,0.030690118670463562,0.03347528353333473,0.017289454117417336,0.02063164860010147,0.08500000357627868,0.08500000916421413,0.015000006537884473,0.015000007236376404,0.015000006072223186,0.015000007934868335,0.015000007934868335,0.01500000700354576,0.0,0.0,0.0,0.0,0.00686506450176239,0.004257156401872635,0.019763830471783875,0.016634337375871836,0.2995113134384155,0.0015251580625772476,-0.01290395762771368,0.16260884702205658,-0.0248882956802845,0.016859617084264755,0.07003432512283325,0.031205303966999054,-0.0005999424611218274,0.040928915143013,-0.035054296255111694,0.021658118814229965
545,203.7,-2.228804588317871,0.002525951247662306,0.00438189459964633,0.08500000543892383,0.018420638870447873,0.06657936656847596,0.029956748709082603,0.024458108469843864,0.004072416108101606,-0.002525951247662306,0.012861862778663635,0.015772458165884018,-0.0009612636058591306,0.002531450940296054,0.1916888952255249,0.18815605342388153,0.045028313994407654,0.04078890383243561,0.02148950658738613,0.027084140107035637,-0.00438189459964633,0.002331664552912116,0.11995675414800644,0.1144581139087677,0.024072423577308655,0.017474055290222168,0.032861869782209396,0.03577246516942978,0.019038744270801544,0.022531457245349884,0.08500000543892383,0.08500000543892383,0.015000007469207047,0.015000006537884473,0.01500000700354576,0.01500000700354576,0.015000007876660674,0.01500000630505383,0.0,0.0,0.0,0.0,0.006372363194823265,0.003688325062394142,0.018420638870447873,0.015199792692437767,0.30699267983436584,-0.0027084616012871265,-0.011966635473072529,0.16192731261253357,-0.026233267039060593,0.01655418798327446,0.06761205941438675,0.031161107122898102,-0.00152290565893054,0.04241971671581268,-0.03942658752202988,0.023190613836050034
546,204.12,-2.2327029705047607,0.001002391567453742,0.0015871425857767463,0.08500001102685928,0.01735197031404823,0.06764804071281105,0.035001643002033234,0.029360884800553322,0.005766517017036676,-0.001002391567453742,0.01480344869196415,0.017812537029385567,0.0007648207829333842,0.004375725518912077,0.19847196340560913,0.19480551779270172,0.04941872879862785,0.0450190007686615,0.02390608936548233,0.029659748077392578,-0.0015871425857767463,0.005317247938364744,0.12500165402889252,0.11936089396476746,0.02576652355492115,0.018997615203261375,0.03480345755815506,0.03781254217028618,0.020764827728271484,0.024375732988119125,0.08500001102685928,0.08500000916421413,0.015000006537884473,0.015000006770715116,0.01500000886619091,0.015000005140900611,0.0150000069453381,0.015000007469207047,0.0,0.0,0.0,0.0,0.005897368192672729,0.0031527940928936004,0.01735197031404823,0.01405848504975438,0.31324082612991333,-0.006423558574169874,-0.011161175556480885,0.16171173751354218,-0.027615737169981003,0.016394242644309998,0.06631730496883392,0.031105153262615204,-0.0022486145608127117,0.04392002895474434,-0.04340590536594391,0.02449643984436989
547,204.54,-2.2365293502807617,0.0,0.0,0.0849999476969242,0.0167389258032199,0.06826102189370431,0.04232792183756828,0.036525215953588486,0.008313207887113094,0.0013499596389010549,0.0159386545419693,0.018989814445376396,0.0022020756732672453,0.005863467697054148,0.2083149403333664,0.2045733630657196,0.0561896488070488,0.05169975757598877,0.02531648427248001,0.031160641461610794,0.0004630965704564005,0.007476085796952248,0.1323278695344925,0.1265251636505127,0.028313156217336655,0.02134990692138672,0.035938601940870285,0.03898976370692253,0.0222020223736763,0.025863414630293846,0.0849999476969242,0.0849999476969242,0.01499994833022356,0.014999947282485663,0.014999947398900985,0.014999949261546134,0.014999946700409054,0.014999946933239697,0.0,0.0,0.0,0.0,0.005622117668390274,0.002829122245311737,0.0167389258032199,0.013387328833341598,0.31848451495170593,-0.009714627638459206,-0.010469098575413227,0.1618213951587677,-0.0288400836288929,0.016352295875549316,0.0660431981086731,0.031124697998166084,-0.0027962392196059227,0.04551714286208153,-0.04700682684779167,0.02560100331902504
548,204.95999999999998,-2.2403552532196045,0.0,0.0,0.07499995723366737,0.0060905971378088,0.06890936009585857,0.05977686867117882,0.05383346602320671,0.0211123526096344,0.01398027315735817,0.027094511315226555,0.030183449387550354,0.013661155477166176,0.017367880791425705,0.22797375917434692,0.22418563067913055,0.07304809242486954,0.06850232928991318,0.03664548695087433,0.04257087782025337,0.012570515275001526,0.01968098245561123,0.1397768259048462,0.13383342325687408,0.03111230954527855,0.02398023009300232,0.037094466388225555,0.040183406323194504,0.023661112412810326,0.027367839589715004,0.07499995723366737,0.07499995723366737,0.00499995693564415,0.00499995693564415,0.0049999550729990004,0.00499995693564415,0.00499995693564415,0.004999958798289299,0.0,0.0,0.0,0.0,0.0,0.0,0.0060905971378088,0.002686857134103775,0.3233111500740051,-0.013030510395765305,-0.00984919536858797,0.1618933528661728,-0.0301194004714489,0.016257494688034058,0.06555519998073578,0.030986599624156952,-0.0034445589408278465,0.046724833548069,-0.050827573984861374,0.02672690525650978
549,205.38,-2.2441351413726807,0.0,0.0,0.07499996095895767,0.005000782087445259,0.06999917887151241,0.06397166103124619,0.0580819807946682,0.022356020286679268,0.01528839860111475,0.027780961245298386,0.03086283802986145,0.014797831885516644,0.018496083095669746,0.23373004794120789,0.2298734188079834,0.07710792124271393,0.0724799782037735,0.03750896453857422,0.043509017676115036,0.014797007665038109,0.02199706807732582,0.14397162199020386,0.13808193802833557,0.03235597535967827,0.025288356468081474,0.037780918180942535,0.0408627949655056,0.024797789752483368,0.028496040031313896,0.07499996095895767,0.07499995723366737,0.0049999550729990004,0.004999957866966724,0.00499995693564415,0.00499995693564415,0.004999957866966724,0.00499995693564415,0.0,0.0,0.0,0.0,0.0,0.0,0.005000782087445259,0.0014989719539880752,0.32982027530670166,-0.019047070294618607,-0.008659720420837402,0.16062015295028687,-0.03280351310968399,0.015980791300535202,0.06220363825559616,0.031100410968065262,-0.004513264633715153,0.04896272346377373,-0.05544145032763481,0.028149142861366272
550,205.79999999999998,-2.2479100227355957,0.0,0.0,0.07499996095895767,0.003983379229903221,0.07101658172905445,0.06792052835226059,0.06211170181632042,0.02357487566769123,0.016604283824563026,0.028475314378738403,0.031540483236312866,0.01595623791217804,0.019634438678622246,0.2384720742702484,0.23461587727069855,0.08037055283784866,0.07574310153722763,0.0383722148835659,0.044414371252059937,0.016972815617918968,0.02422340400516987,0.14792048931121826,0.1421116590499878,0.03357483446598053,0.026604240760207176,0.03847527131438255,0.041540440171957016,0.02595619484782219,0.029634397476911545,0.07499996095895767,0.07499995723366737,0.004999958798289299,0.00499995693564415,0.00499995693564415,0.00499995693564415,0.00499995693564415,0.004999958798289299,0.0,0.0,0.0,0.0,0.0,0.0,0.003983379229903221,0.0004109934717416762,0.3349406123161316,-0.02396072819828987,-0.007713953964412212,0.15962931513786316,-0.035106584429740906,0.015770383179187775,0.05984684079885483,0.030923958867788315,-0.005439430475234985,0.05038163438439369,-0.05982677638530731,0.029418449848890305
551,206.22,-2.251657009124756,0.0,0.0,0.07499995350837707,0.002985847070813179,0.0720141064375639,0.0723046362400055,0.06652238965034485,0.0249603521078825,0.018021659925580025,0.029349351301789284,0.03237428888678551,0.016322309151291847,0.019952232018113136,0.24348002672195435,0.23965907096862793,0.08381160348653793,0.07922646403312683,0.03957809507846832,0.0456167533993721,0.018336419016122818,0.025582807138562202,0.15230458974838257,0.14652234315872192,0.0349603109061718,0.028021616861224174,0.039349306374788284,0.04237424582242966,0.026322266086935997,0.029952188953757286,0.07499995350837707,0.07499995350837707,0.004999958798289299,0.00499995693564415,0.0049999550729990004,0.00499995693564415,0.00499995693564415,0.00499995693564415,0.0,0.0,0.0,0.0,0.0,0.0,0.002985847070813179,0.0,0.33941519260406494,-0.02790611982345581,-0.006991011556237936,0.15919840335845947,-0.03703582286834717,0.015623562037944794,0.05874636024236679,0.03061591647565365,-0.006173312198370695,0.05128905177116394,-0.06380413472652435,0.030484843999147415
552,206.64,-2.255378484725952,0.0,0.0,0.07499996095895767,0.001992213428020477,0.0730077475309372,0.07710438966751099,0.07130392640829086,0.02654588222503662,0.019585328176617622,0.03042837604880333,0.033389825373888016,0.016015224158763885,0.01956896297633648,0.24879997968673706,0.24504469335079193,0.08752933889627457,0.08302298933267593,0.04113883152604103,0.047133855521678925,0.019022967666387558,0.02621699683368206,0.15710434317588806,0.15130388736724854,0.03654583916068077,0.029585285112261772,0.04042833298444748,0.043389782309532166,0.026015181094408035,0.029568921774625778,0.07499995350837707,0.07499996095895767,0.00499995693564415,0.00499995693564415,0.00499995693564415,0.00499995693564415,0.00499995693564415,0.004999958798289299,0.0,0.0,0.0,0.0,0.0,0.0,0.001992213428020477,0.0,0.3434494435787201,-0.031166797503829002,-0.006418704986572266,0.15923644602298737,-0.03869756683707237,0.01552983932197094,0.05850902944803238,0.030245661735534668,-0.006765777710825205,0.051868095993995667,-0.06734225898981094,0.03137611597776413
553,207.06,-2.259092330932617,0.0,0.0,0.07499995350837707,0.0010837119817733764,0.0739162415266037,0.08172465115785599,0.07568375766277313,0.028139101341366768,0.021143794059753418,0.03141861408948898,0.03432301804423332,0.015872715041041374,0.019357997924089432,0.2533291280269623,0.24963879585266113,0.09073904901742935,0.08631065487861633,0.04258416220545769,0.048532500863075256,0.019788959994912148,0.02692696452140808,0.16151313483715057,0.1556837111711502,0.03813905641436577,0.031143750995397568,0.04141857475042343,0.04432297497987747,0.025872671976685524,0.02935795485973358,0.07478848367929458,0.07499995350837707,0.0049999550729990004,0.00499995693564415,0.004999960660934448,0.00499995693564415,0.00499995693564415,0.00499995693564415,0.0,0.0,0.0,0.0,0.0,0.0,0.0010837119817733764,0.0,0.3468722403049469,-0.03402427211403847,-0.005884277634322643,0.15945717692375183,-0.04025712236762047,0.015490315854549408,0.058411598205566406,0.02981441840529442,-0.00731058930978179,0.05226443335413933,-0.07048086822032928,0.03215939924120903
554,207.48,-2.262761354446411,0.0,0.0,0.074615518450737,0.00039820827543735494,0.07421731017529964,0.08436553180217743,0.07736650109291077,0.028703130781650543,0.021506888791918755,0.031298279762268066,0.034222010523080826,0.016106126829981804,0.019614603370428085,0.25373905897140503,0.24988922476768494,0.09077595174312592,0.08615615218877792,0.04268047958612442,0.0486573688685894,0.0207078754901886,0.027880141511559486,0.1629788875579834,0.15698201954364777,0.03870308771729469,0.031506843864917755,0.041298236697912216,0.044221967458724976,0.026106083765625954,0.029614560306072235,0.07361335575580596,0.074615518450737,0.00499995693564415,0.0049999550729990004,0.00499995693564415,0.00499995693564415,0.00499995693564415,0.00499995693564415,0.0,0.0,0.0,0.0,0.0,0.0,0.00039820827543735494,0.0,0.349109411239624,-0.03669518604874611,-0.00523367989808321,0.1595248579978943,-0.04204988852143288,0.015516063198447227,0.057923756539821625,0.029256455600261688,-0.007948940619826317,0.052681539207696915,-0.0733872577548027,0.03295068442821503
555,207.9,-2.266430377960205,0.0,0.0,0.07321863889694213,0.0,0.07321863889694213,0.08806438744068146,0.08017711341381073,0.02938692457973957,0.021993670612573624,0.031222546473145485,0.034161292016506195,0.016384152695536613,0.019910646602511406,0.2542269825935364,0.2502615749835968,0.09087216854095459,0.08611371368169785,0.04282233119010925,0.04880932345986366,0.02158225327730179,0.02876664698123932,0.16455680131912231,0.15839575231075287,0.03938687965273857,0.03199362754821777,0.041222505271434784,0.044161248952150345,0.026384111493825912,0.029910603538155556,0.07149241387844085,0.07321863889694213,0.0049999550729990004,0.00499995693564415,0.004999958798289299,0.00499995693564415,0.004999958798289299,0.00499995693564415,0.0,0.0,0.0,0.0,0.0,0.0,0.0,0.0,0.35122400522232056,-0.03859952837228775,-0.004715353716164827,0.1598181277513504,-0.0434027835726738,0.015561508946120739,0.057675864547491074,0.028735041618347168,-0.008356810547411442,0.0526779368519783,-0.07554557919502258,0.03350193053483963
556,208.32,-2.2700865268707275,0.0,0.0,0.07104163140058517,0.0,0.07104163140058517,0.09151358157396317,0.0829850360751152,0.029849953949451447,0.022369183599948883,0.031556323170661926,0.03448420390486717,0.016299819573760033,0.019813276827335358,0.2537465989589691,0.24969178438186646,0.09030773490667343,0.085441954433918,0.04370095580816269,0.049660541117191315,0.02214975655078888,0.02930125966668129,0.16526064276695251,0.15902666747570038,0.039849910885095596,0.03236914053559303,0.041556280106306076,0.04448416084051132,0.026299776509404182,0.029813233762979507,0.06874706119298934,0.07104163140058517,0.00499995693564415,0.00499995693564415,0.00499995693564415,0.00499995693564415,0.00499995693564415,0.00499995693564415,0.0,0.0,0.0,0.0,0.0,0.0,0.0,0.0,0.35214632749557495,-0.04015795886516571,-0.004383035935461521,0.16058753430843353,-0.04503420740365982,0.015735357999801636,0.05874059721827507,0.02819441258907318,-0.008639880456030369,0.05307827889919281,-0.07778303325176239,0.03402313217520714
557,208.73999999999998,-2.2737386226654053,0.0,0.0,0.06816496968269348,0.0,0.06816496968269348,0.09532592445611954,0.08629661798477173,0.030292216688394547,0.022756947204470634,0.032046426087617874,0.034952957183122635,0.01613253355026245,0.019620371982455254,0.25320449471473694,0.24909049272537231,0.08973543345928192,0.08479861915111542,0.04481096193194389,0.05072438344359398,0.022592341527342796,0.02968844771385193,0.1657409816980362,0.1594615876674652,0.040292173624038696,0.032756902277469635,0.042046383023262024,0.044952914118766785,0.0261324904859066,0.029620328918099403,0.06541505724191665,0.06816496968269348,0.00499995693564415,0.0049999550729990004,0.00499995693564415,0.00499995693564415,0.00499995693564415,0.00499995693564415,0.0,0.0,0.0,0.0,0.0,0.0,0.0,0.0,0.35310474038124084,-0.04125676304101944,-0.0041014086455106735,0.16159029304981232,-0.046447403728961945,0.015933126211166382,0.05995188653469086,0.027763301506638527,-0.008773285895586014,0.05337132513523102,-0.07934242486953735,0.03436163812875748
558,209.16,-2.2773921489715576,0.0,0.0,0.06443482160568237,0.0,0.06443482160568237,0.0995442271232605,0.09011422097682953,0.030412988737225533,0.022873645648360252,0.032333776354789734,0.035222653299570084,0.015788765624165535,0.019255416467785835,0.25230827927589417,0.24819977581501007,0.08878641575574875,0.08385620266199112,0.04566645622253418,0.05153340473771095,0.022815391421318054,0.02985573187470436,0.16583183407783508,0.1595490425825119,0.04041294753551483,0.03287360072135925,0.042333733290433884,0.04522261023521423,0.025788722559809685,0.029255373403429985,0.06128760695457459,0.06443482160568237,0.004999958798289299,0.0049999550729990004,0.00499995693564415,0.00499995693564415,0.00499995693564415,0.00499995693564415,0.0,0.0,0.0,0.0,0.0,0.0,0.0,0.0,0.3545076251029968,-0.04197382926940918,-0.003807058557868004,0.16259035468101501,-0.047470659017562866,0.01608835905790329,0.06065802276134491,0.02745687961578369,-0.008804944343864918,0.05334289371967316,-0.08011334389448166,0.0345110222697258
559,209.57999999999998,-2.281048059463501,0.0,0.0,0.05107486516237259,0.0,0.05107486516237259,0.11250238120555878,0.10295706242322922,0.03997264429926872,0.03251039609313011,0.042279478162527084,0.0451577864587307,0.025144580751657486,0.02859855256974697,0.2605700194835663,0.256549209356308,0.09700235724449158,0.0921773910522461,0.056138813495635986,0.061964258551597595,0.03272641450166702,0.03971695154905319,0.16525046527385712,0.1590319275856018,0.039972610771656036,0.032510366290807724,0.0422794446349144,0.04515775293111801,0.0251445472240448,0.028598519042134285,0.04774808406829834,0.05107486516237259,0.0,0.0,0.0,0.0,0.0,0.0,0.0,0.0,0.0,0.0,0.0,0.0,0.0,0.0,0.3561471700668335,-0.0424044132232666,-0.0035080730449408293,0.16349376738071442,-0.04817410558462143,0.016197923570871353,0.06088615581393242,0.02723642811179161,-0.00877599697560072,0.05303869768977165,-0.08030005544424057,0.03452764078974724
560,210.0,-2.2847039699554443,0.0,0.0,0.04606000602245331,0.0,0.04606000602245331,0.11734273284673691,0.10755027830600739,0.03963072970509529,0.03224337473511696,0.0422871969640255,0.0451495386660099,0.0245648380368948,0.027999650686979294,0.25903022289276123,0.2549978494644165,0.09547543525695801,0.09063658118247986,0.05676601454615593,0.06257855892181396,0.03275023400783539,0.03972528874874115,0.16476641595363617,0.1586102843284607,0.039630696177482605,0.03224334120750427,0.04228716343641281,0.04514950513839722,0.024564804509282112,0.027999617159366608,0.042423683106899264,0.04606000602245331,0.0,0.0,0.0,0.0,0.0,0.0,0.0,0.0,0.0,0.0,0.0,0.0,0.0,0.0,0.358853280544281,-0.04479881003499031,-0.0027997710276395082,0.1632181704044342,-0.04966805875301361,0.016250673681497574,0.059885215014219284,0.027532294392585754,-0.00890207290649414,0.05435355007648468,-0.08066464215517044,0.03462053835391998
561,210.42,-2.2882654666900635,0.0,0.0,0.03843334585428238,0.0,0.03843334585428238,0.12069644778966904,0.11067458242177963,0.037259332835674286,0.02975987270474434,0.040567442774772644,0.04335852339863777,0.02276787720620632,0.026117173954844475,0.25255507230758667,0.24828264117240906,0.08986064791679382,0.08473372459411621,0.05542535334825516,0.06117354705929756,0.031461697071790695,0.03835953027009964,0.16035747528076172,0.154107928276062,0.0372592993080616,0.029759839177131653,0.04056740924715996,0.043358489871025085,0.022767843678593636,0.02611714042723179,0.034661027491092684,0.03843334585428238,0.0,0.0,0.0,0.0,0.0,0.0,0.0,0.0,0.0,0.0,0.0,0.0,0.0,0.0,0.36039018630981445,-0.04663797840476036,-0.001992307836189866,0.16289281845092773,-0.05125419795513153,0.016307232901453972,0.05847853794693947,0.027596227824687958,-0.009175542742013931,0.05513320490717888,-0.08090634644031525,0.03477027639746666
562,210.84,-2.2918264865875244,0.0,0.0,0.029673385322093963,0.0,0.029673385322093963,0.1251543015241623,0.11504878848791122,0.0350375697016716,0.027431728318333626,0.03891344740986824,0.04162989929318428,0.021038256585597992,0.02429799921810627,0.24593210220336914,0.24147237837314606,0.08413407951593399,0.07878240942955017,0.054159101098775864,0.05982222035527229,0.030167775228619576,0.03696351870894432,0.1560603827238083,0.1497221738100052,0.035037536174058914,0.02743169479072094,0.038913413882255554,0.041629865765571594,0.021038223057985306,0.024297965690493584,0.025906081199645995,0.029673385322093963,0.0,0.0,0.0,0.0,0.0,0.0,0.0,0.0,0.0,0.0,0.0,0.0,0.0,0.0,0.3613183796405792,-0.047462716698646545,-0.0014356720494106412,0.16274462640285492,-0.052268702536821365,0.016391264274716377,0.05781381577253342,0.02758210338652134,-0.009182887151837349,0.0551714152097702,-0.08063007146120071,0.034748561680316925
563,211.26,-2.2953641414642334,0.0,0.0,0.02075499564409256,0.0,0.02075499564409256,0.12964849174022675,0.11962362378835678,0.033146556466817856,0.025442220270633698,0.03799884766340256,0.04066631570458412,0.019599013030529022,0.02279997244477272,0.23935218155384064,0.23470807075500488,0.07867168635129929,0.07309874892234802,0.05391483008861542,0.05951080098748207,0.029168860986828804,0.03588402643799782,0.15179890394210815,0.14537861943244934,0.03314652293920517,0.02544218674302101,0.03799881413578987,0.040666282176971436,0.019598979502916336,0.022799938917160034,0.017150412201881408,0.02075499564409256,0.0,0.0,0.0,0.0,0.0,0.0,0.0,0.0,0.0,0.0,0.0,0.0,0.0,0.0,0.360812783241272,-0.04771193116903305,-0.0011290947441011667,0.16316863894462585,-0.05346269905567169,0.016618037596344948,0.058601297438144684,0.027550021186470985,-0.009054223075509071,0.05551622062921524,-0.08040222525596619,0.03469017893075943
564,211.67999999999998,-2.29888653755188,0.0,0.0,0.01159659296274185,0.0,0.01159659296274185,0.13429459929466248,0.12446879595518112,0.03148527070879936,0.023692671209573746,0.03754275664687157,0.04017752781510353,0.018342558294534683,0.02150428295135498,0.23296883702278137,0.22815872728824615,0.07354918867349625,0.06777705997228622,0.05426035821437836,0.05979898199439049,0.0283167976886034,0.03496314585208893,0.14755922555923462,0.14106538891792297,0.031485240906476974,0.02369263954460621,0.03754272311925888,0.040177494287490845,0.018342524766921997,0.021504249423742294,0.008264626264572143,0.01159659296274185,0.0,0.0,0.0,0.0,0.0,0.0,0.0,0.0,0.0,0.0,0.0,0.0,0.0,0.0,0.3598549962043762,-0.04747950658202171,-0.000938420882448554,0.1639508754014969,-0.05455693602561951,0.01690732315182686,0.060004398226737976,0.02756669372320175,-0.008781325072050095,0.055889397859573364,-0.07978411763906479,0.03450781852006912
565,212.1,-2.3024351596832275,0.0,0.0,0.001968468427658081,0.0,0.001968468427658081,0.13968142867088318,0.1301160454750061,0.030015813186764717,0.02216177247464657,0.037207040935754776,0.03982891887426376,0.017273368313908577,0.020419621840119362,0.22709381580352783,0.22217711806297302,0.06885766983032227,0.06295763701200485,0.054685574024915695,0.06017817556858063,0.027588659897446632,0.03417978435754776,0.1436295509338379,0.13708451390266418,0.03001577965915203,0.022161738947033882,0.03720700740814209,0.03982888534665108,0.01727333664894104,0.020419588312506676,0.0,0.001968468427658081,0.0,0.0,0.0,0.0,0.0,0.0,0.0,0.0,0.0,0.0,0.0,0.0,0.0,0.0,0.359403133392334,-0.04678772762417793,-0.0007921118522062898,0.16479694843292236,-0.055134035646915436,0.017166346311569214,0.06122777611017227,0.027656715363264084,-0.008350364863872528,0.05585407465696335,-0.07844781875610352,0.0341382697224617
566,212.51999999999998,-2.3060669898986816,0.0,0.0,0.0,0.0,0.0,0.14055924117565155,0.13401465117931366,0.028899848461151123,0.02104635164141655,0.03717532753944397,0.03984885290265083,0.016718894243240356,0.019927121698856354,0.22079752385616302,0.2157018780708313,0.06396174430847168,0.05784696340560913,0.054318446666002274,0.059897832572460175,0.02732180431485176,0.03401706740260124,0.14055919647216797,0.13401462137699127,0.028899816796183586,0.021046318113803864,0.037175294011831284,0.03984881937503815,0.01671886071562767,0.019927088171243668,0.0,0.0,0.0,0.0,0.0,0.0,0.0,0.0,0.0,0.0,0.0,0.0,0.0,0.0,0.0,0.0,0.3584863543510437,-0.047751523554325104,0.0009701365488581359,0.16239675879478455,-0.0586305670440197,0.016199816018342972,0.05611240118741989,0.027537617832422256,-0.010969918221235275,0.056939415633678436,-0.07840598374605179,0.034469328820705414
567,212.94,-2.3096988201141357,0.0,0.0,0.0,0.0,0.0,0.1375458687543869,0.13100595772266388,0.027867157012224197,0.02001926116645336,0.037189532071352005,0.03991144895553589,0.016212178394198418,0.019478481262922287,0.21527139842510223,0.2100684493780136,0.06007007881999016,0.05343811586499214,0.054259225726127625,0.05988888069987297,0.027079159393906593,0.03383474797010422,0.13754583895206451,0.1310059279203415,0.02786712348461151,0.020019227638840675,0.03718949854373932,0.0399114154279232,0.01621214486658573,0.0194784477353096,0.0,0.0,0.0,0.0,0.0,0.0,0.0,0.0,0.0,0.0,0.0,0.0,0.0,0.0,0.0,0.0,0.3582673668861389,-0.04791950061917305,0.0021887063048779964,0.16134339570999146,-0.060857415199279785,0.01567242294549942,0.05292864143848419,0.027394048869609833,-0.012443102896213531,0.05737588554620743,-0.07784536480903625,0.034475892782211304
568,213.35999999999999,-2.313462257385254,0.0,0.0,0.0,0.0,0.0,0.13091737031936646,0.12440168112516403,0.025696543976664543,0.017877724021673203,0.038162827491760254,0.040892764925956726,0.01611139439046383,0.019387317821383476,0.2042706310749054,0.19887247681617737,0.05612483248114586,0.04691976308822632,0.05554705858230591,0.06117993965744972,0.02743106707930565,0.034190524369478226,0.13091732561588287,0.12440164387226105,0.025696510449051857,0.017877690494060516,0.03816279396414757,0.04089273139834404,0.016111360862851143,0.01938728429377079,0.0,0.0,0.0,0.0,0.0,0.0,0.0,0.0,0.0,0.0,0.0,0.0,0.0,0.0,0.0,0.0,0.35716256499290466,-0.0479966439306736,0.003092167666181922,0.1610771119594574,-0.06303402781486511,0.015463681891560555,0.051037877798080444,0.027163289487361908,-0.013448992744088173,0.058100439608097076,-0.0775427371263504,0.03447546809911728
569,213.78,-2.3172478675842285,0.0,0.0,0.0,0.0,0.0,0.1239146739244461,0.1174510046839714,0.023695344105362892,0.01593893952667713,0.039363499730825424,0.042094264179468155,0.016146918758749962,0.01942383497953415,0.1928901970386505,0.18734700977802277,0.05813270062208176,0.04752446711063385,0.057436972856521606,0.06303491443395615,0.027951555326581,0.03466908633708954,0.12391464412212372,0.11745096743106842,0.023695310577750206,0.015938905999064445,0.03936346620321274,0.04209423065185547,0.016146885231137276,0.019423801451921463,0.0,0.0,0.0,0.0,0.0,0.0,0.0,0.0,0.0,0.0,0.0,0.0,0.0,0.0,0.0,0.0,0.356200248003006,-0.047629620879888535,0.003785623237490654,0.16192302107810974,-0.06496811658143997,0.015602638944983482,0.05089297890663147,0.02694115974009037,-0.013850193470716476,0.05858021229505539,-0.07661774009466171,0.034088484942913055
570,214.2,-2.3211047649383545,0.0,0.0,0.0,0.0,0.0,0.12696149945259094,0.1206132024526596,0.03188829869031906,0.024270344525575638,0.04989654943346977,0.05258449167013168,0.02603289484977722,0.029258428141474724,0.19207359850406647,0.18643952906131744,0.07153234630823135,0.06108362227678299,0.06900471448898315,0.07448451220989227,0.03835919126868248,0.0449349507689476,0.11696147173643112,0.11061318218708038,0.02188827469944954,0.014270320534706116,0.03989652544260025,0.04258446767926216,0.0160328708589077,0.0192584041506052,0.0,0.0,0.0,0.0,0.0,0.0,0.0,0.0,0.0,0.0,0.0,0.0,0.0,0.0,0.0,0.0,0.354367196559906,-0.04774394631385803,0.004359121434390545,0.16404113173484802,-0.06770257651805878,0.01621861755847931,0.05297002196311951,0.026560667902231216,-0.014018365181982517,0.05915415659546852,-0.07614649832248688,0.03336038812994957
571,214.62,-2.325040340423584,0.0,0.0,0.0,0.0,0.0,0.11997517198324203,0.11380745470523834,0.030187226831912994,0.022785963490605354,0.04963749274611473,0.0522344596683979,0.02569734863936901,0.02881370671093464,0.18179211020469666,0.17600281536579132,0.08007518947124481,0.07025374472141266,0.06994786858558655,0.07527492195367813,0.03858538717031479,0.04497784748673439,0.10997515171766281,0.10380742698907852,0.020187202841043472,0.012785939499735832,0.03963746875524521,0.04223443567752838,0.01569732464849949,0.018813682720065117,0.0,0.0,0.0,0.0,0.0,0.0,0.0,0.0,0.0,0.0,0.0,0.0,0.0,0.0,0.0,0.0,0.3529101014137268,-0.050673387944698334,0.005281300283968449,0.1657184511423111,-0.07201651483774185,0.0170493982732296,0.05517984926700592,0.02654118463397026,-0.014246825128793716,0.0612877756357193,-0.07669326663017273,0.03261333331465721
572,215.04,-2.328996181488037,0.0,0.0,0.0,0.0,0.0,0.11319689452648163,0.10722046345472336,0.028818856924772263,0.021647140383720398,0.0494823083281517,0.05200524255633354,0.025417955592274666,0.028445476666092873,0.17164921760559082,0.16572053730487823,0.09123869240283966,0.08242703974246979,0.07114478200674057,0.0762910395860672,0.03910752758383751,0.04528304189443588,0.10319686681032181,0.09722044318914413,0.01881883293390274,0.011647115461528301,0.03948228433728218,0.04200521856546402,0.015417931601405144,0.01844545267522335,0.0,0.0,0.0,0.0,0.0,0.0,0.0,0.0,0.0,0.0,0.0,0.0,0.0,0.0,0.0,0.0,0.35077983140945435,-0.05386987701058388,0.005985947325825691,0.16822601854801178,-0.07678422331809998,0.01817324385046959,0.0593014657497406,0.025978147983551025,-0.014507603831589222,0.062203384935855865,-0.07837125658988953,0.031703054904937744
573,215.45999999999998,-2.333144187927246,0.0,0.0,0.0,0.0,0.0,0.10687248408794403,0.10099352151155472,0.02141963131725788,0.02097548544406891,0.05025206133723259,0.052872348576784134,0.025586754083633423,0.028731096535921097,0.16203857958316803,0.15586130321025848,0.09716492891311646,0.08975781500339508,0.07345781475305557,0.0785694569349289,0.0404423363506794,0.04657630994915962,0.09687245637178421,0.0909935012459755,0.018030215054750443,0.010975462384521961,0.04025203734636307,0.04287232458591461,0.015586731024086475,0.018731072545051575,0.0,0.0,0.0,0.0,0.0,0.0,0.0,0.0,0.0,0.0,0.0,0.0,0.0,0.0,0.0,0.0,0.34814441204071045,-0.05749446898698807,0.00662646908313036,0.171373188495636,-0.08214879035949707,0.019495464861392975,0.06438407301902771,0.02500181458890438,-0.014925651252269745,0.06218615919351578,-0.08095917105674744,0.03066582977771759
574,215.88,-2.337292194366455,0.0,0.0,0.0071664898470044135,0.0,0.0071664898470044135,0.10073935985565186,0.09497537463903427,0.005376688204705715,0.009419589303433895,0.05106602981686592,0.053783830255270004,0.025799931958317757,0.029061291366815567,0.15289174020290375,0.14627067744731903,0.09206902980804443,0.08442487567663193,0.07189907133579254,0.0786418691277504,0.04191720485687256,0.047995444387197495,0.09073933959007263,0.08497534692287445,0.01754317805171013,0.01062639057636261,0.0410660058259964,0.04378380626440048,0.015799907967448235,0.019061267375946045,0.0,0.0,0.0071664898470044135,0.0,0.0,0.0,0.0,0.0,0.0,0.0,0.0,0.0,0.0,0.0,0.0,0.0,0.34538784623146057,-0.06080584228038788,0.007164785638451576,0.17458507418632507,-0.08718850463628769,0.020843280479311943,0.07021044194698334,0.023970354348421097,-0.015190868638455868,0.06180544197559357,-0.08338101208209991,0.02955910935997963
575,216.29999999999998,-2.3415729999542236,0.011896139942109585,0.0,0.022845499105751513,0.0,0.022845499105751513,0.09369129687547684,0.08821258693933487,-0.011896139942109585,-0.008302684873342514,0.052228160202503204,0.054963309317827225,0.025456061586737633,0.028738241642713547,0.14305266737937927,0.1362549215555191,0.0851798728108406,0.07761576771736145,0.06732255220413208,0.07432304322719574,0.042969878762960434,0.048925310373306274,0.08369126915931702,0.07821256667375565,0.01594935916364193,0.009374912828207016,0.04222813621163368,0.0449632853269577,0.015456036664545536,0.018738217651844025,0.0,0.0,0.022845499105751513,0.012677597701549529,0.0,0.0,0.0,0.0,0.0,0.0,0.0,0.0,0.0,0.0,0.0,0.0,0.3427364230155945,-0.06264165788888931,0.0073658982291817665,0.17731991410255432,-0.09089882671833038,0.02194458246231079,0.07586051523685455,0.02329191565513611,-0.015193860977888107,0.06178216636180878,-0.08489126712083817,0.02868087962269783
576,216.72,-2.345906972885132,0.02969351038336754,0.0,0.03884137783199549,0.0,0.03884137783199549,0.08647030591964722,0.08135578036308289,-0.02969351038336754,-0.026472115889191628,0.0535866804420948,0.056306421756744385,0.02494950219988823,0.028213191777467728,0.1337217092514038,0.12699353694915771,0.07740925997495651,0.07011616975069046,0.06310416758060455,0.07035928219556808,0.04389965906739235,0.04971592128276825,0.0764702782034874,0.07135575264692307,0.014147867448627949,0.00801044050604105,0.04358665645122528,0.04630639776587486,0.014949478209018707,0.018213167786598206,0.0,0.0,0.03884137783199549,0.029482556395232676,0.0,0.0,0.0,0.0,0.0,0.0,0.0,0.0,0.0,0.0,0.0,0.0,0.3393787443637848,-0.06312546133995056,0.007246607914566994,0.17925527691841125,-0.09341540187597275,0.022843502461910248,0.08085060119628906,0.02271948754787445,-0.015095253475010395,0.061943329870700836,-0.08600630611181259,0.0280601903796196
577,217.14,-2.3503129482269287,0.045922234654426575,0.0,0.053389502577483657,0.0,0.053389502577483657,0.0798085406422615,0.07502883672714233,-0.045922234654426575,-0.04304605722427368,0.05410926416516304,0.05681275203824043,0.024126943200826645,0.027371129021048546,0.12660320103168488,0.12012527883052826,0.07007721066474915,0.06309795379638672,0.06058777868747711,0.06800995767116547,0.04422587901353836,0.049925755709409714,0.06980852037668228,0.06502881646156311,0.01246726792305708,0.006731624715030193,0.04410924017429352,0.04681272804737091,0.014126920141279697,0.017371105030179024,0.0,0.0,0.053389502577483657,0.04477768193930388,0.0,0.0,0.0,0.0,0.0,0.0,0.0,0.0,0.0,0.0,0.0,0.0,0.33562618494033813,-0.06246721372008324,0.0069928476586937904,0.1803039312362671,-0.09479467570781708,0.02354748174548149,0.08481968939304352,0.022309355437755585,-0.014900457113981247,0.0621890127658844,-0.08635112643241882,0.027561049908399582
578,217.56,-2.354863166809082,0.05897275730967522,0.0,0.06450279604643583,0.0,0.06450279604643583,0.07386860251426697,0.06934326887130737,-0.05897275730967522,-0.05643117055296898,0.05283987522125244,0.05552636459469795,0.02254674583673477,0.025770535692572594,0.12203522771596909,0.11590985953807831,0.06366833299398422,0.05695614591240883,0.060363080352544785,0.06782954931259155,0.04325684905052185,0.048869937658309937,0.06386858224868774,0.05934324860572815,0.010530038736760616,0.005099640227854252,0.04283985123038292,0.04552634060382843,0.012546722777187824,0.01577051170170307,0.0,0.0,0.06450279604643583,0.05653081078082323,0.0,0.0,0.0,0.0,0.0,0.0,0.0,0.0,0.0,0.0,0.0,0.0,0.3319101631641388,-0.061047155410051346,0.006734886206686497,0.1804257035255432,-0.09518609941005707,0.024027938023209572,0.08761468529701233,0.022205762565135956,-0.014621268957853317,0.06251168996095657,-0.08563271164894104,0.027104942128062248
579,217.98,-2.3594133853912354,0.07124119251966476,0.0,0.07499997958540916,0.0,0.07499997958540916,0.0680612102150917,0.06379829347133636,-0.07124119251966476,-0.06979657709598541,0.05158920958638191,0.054258186370134354,0.02098642662167549,0.02418919838964939,0.1191711500287056,0.11353631317615509,0.057368770241737366,0.05094281584024429,0.06067080423235893,0.06817231327295303,0.04209168627858162,0.047649454325437546,0.05806118622422218,0.05379826948046684,0.0087587870657444,0.0036432871129363775,0.04158918559551239,0.04425816237926483,0.010986401699483395,0.014189174398779869,0.0,0.0,0.07499997958540916,0.06843986420892179,0.0,0.0,0.0,0.0,0.0,0.0,0.0,0.0,0.0,0.0,0.0,0.0,0.3286013603210449,-0.059461645781993866,0.00650042062625289,0.17981544137001038,-0.0951291024684906,0.0242473054677248,0.08930809795856476,0.022455941885709763,-0.014305726625025272,0.06290711462497711,-0.08395122736692429,0.026716839522123337
580,218.4,-2.3641371726989746,0.06713171303272247,0.0,0.06499998446553945,0.0,0.06499998446553945,0.07178083062171936,0.06779105216264725,-0.062343984842300415,-0.06713171303272247,0.0622866190969944,0.06500224769115448,0.029459942132234573,0.03271869942545891,0.1260755956172943,0.12098421156406403,0.06059303507208824,0.05447320640087128,0.06238683685660362,0.07022994011640549,0.051351841539144516,0.0569656677544117,0.051780812442302704,0.04779103770852089,0.00765599962323904,0.002868269570171833,0.04228660464286804,0.04500223696231842,0.00945992860943079,0.01271868497133255,0.0,0.0,0.06499998446553945,0.0649999826028943,0.0,0.0,0.0,0.0,0.0,0.0,0.0,0.0,0.0,0.0,0.0,0.0,0.326151579618454,-0.05788903683423996,0.00628690654411912,0.1784631311893463,-0.09473513066768646,0.024134013801813126,0.08987779915332794,0.022994372993707657,-0.014015484601259232,0.06323164701461792,-0.08164630085229874,0.026508968323469162
581,218.82,-2.3688695430755615,0.06761368364095688,0.0,0.06499998423270881,0.0,0.06499998423270881,0.06112709641456604,0.06197475641965866,-0.06316500157117844,-0.06761368364095688,0.06318420171737671,0.06594988703727722,0.028043104335665703,0.03136192634701729,0.12736213207244873,0.12294358760118484,0.05381455272436142,0.04790078476071358,0.061287734657526016,0.06926614791154861,0.050766102969646454,0.05652623623609543,0.04568197578191757,0.0419747419655323,0.006834980566054583,0.002386300591751933,0.04318418726325035,0.045949868857860565,0.00804309081286192,0.011361910030245781,0.0,0.0,0.06499998213723301,0.06499998423270881,0.0,0.0,0.0,0.0,0.0,0.0,0.0,0.0,0.0,0.0,0.0,0.0,0.32310914993286133,-0.05808992683887482,0.0061517395079135895,0.17470014095306396,-0.0945473462343216,0.023663461208343506,0.08790867030620575,0.023919034749269485,-0.01412388775497675,0.06586817651987076,-0.08106765151023865,0.02708389237523079
582,219.23999999999998,-2.3736236095428467,0.06912381201982498,0.0,0.06499998859828338,0.0,0.06499998859828338,0.0515751838684082,0.052879225462675095,-0.06481055170297623,-0.06912381201982498,0.06310071051120758,0.06588010489940643,0.02598860301077366,0.029323874041438103,0.1303325593471527,0.12640467286109924,0.048510465770959854,0.042685795575380325,0.06219654530286789,0.07025839388370514,0.04945959150791168,0.055356934666633606,0.0408383347094059,0.037243954837322235,0.005189431365579367,0.0008761765784583986,0.04310069605708122,0.045880090445280075,0.005988588090986013,0.009323859587311745,0.0,0.0,0.06499998306855559,0.06499998859828338,0.0,0.0,0.0,0.0,0.0,0.0,0.0,0.0,0.0,0.0,0.0,0.0,0.31851208209991455,-0.05758531019091606,0.00565797183662653,0.17066022753715515,-0.09403598308563232,0.023131070658564568,0.08746311068534851,0.02519341930747032,-0.014144529588520527,0.06974250823259354,-0.08053083717823029,0.027965694665908813
583,219.66,-2.3783938884735107,0.07152808457612991,0.0,0.06499998679384589,0.0,0.06499998679384589,0.04612097516655922,0.04738057404756546,-0.06719290465116501,-0.07152808457612991,0.062252916395664215,0.06501723825931549,0.023425692692399025,0.026742879301309586,0.13345281779766083,0.12980614602565765,0.04430830478668213,0.03845147415995598,0.06496685743331909,0.07305914163589478,0.047335535287857056,0.0533595085144043,0.036837879568338394,0.033225227147340775,0.0028070821426808834,-0.0015281022060662508,0.04225290194153786,0.04501722380518913,0.003425678936764598,0.00674286438152194,0.0,0.0,0.06499998679384589,0.06499998237006366,0.0,0.0,0.0,0.0,0.0,0.0,0.0,0.0,0.0,0.0,0.0,0.0,0.3135315179824829,-0.056876569986343384,0.00513121485710144,0.16636893153190613,-0.09336163103580475,0.022482648491859436,0.08710427582263947,0.02673443779349327,-0.014103345572948456,0.0739581361413002,-0.07948757708072662,0.028913842514157295
584,220.07999999999998,-2.3831429481506348,0.0735902413725853,0.0,0.06499998574610799,0.0,0.06499998574610799,0.039589788764715195,0.040781524032354355,-0.06928974390029907,-0.0735902413725853,0.061902325600385666,0.0646149069070816,0.02104404754936695,0.02429914101958275,0.131112739443779,0.1262265294790268,0.040036603808403015,0.034173134714365005,0.06797738373279572,0.0760846808552742,0.04508788511157036,0.05119853839278221,0.032616063952445984,0.029032312333583832,0.0007102418458089232,-0.003590259002521634,0.04190231114625931,0.04461488872766495,0.0010440329788252711,0.004299125634133816,0.0,0.0,0.06499998574610799,0.06499998237006366,0.0,0.0,0.0,0.0,0.0,0.0,0.0,0.0,0.0,0.0,0.0,0.0,0.309366911649704,-0.05631842464208603,0.0049171457067132,0.16179117560386658,-0.09264654666185379,0.02164774388074875,0.08505916595458984,0.028338123112916946,-0.014122224412858486,0.0774453654885292,-0.07753649353981018,0.029736198484897614
585,220.5,-2.3878018856048584,0.07421240955591202,0.0,0.06499998741957824,0.0,0.06499998741957824,0.02845778502523899,0.029474932700395584,-0.07018663734197617,-0.07421240955591202,0.06358229368925095,0.0660938248038292,0.019352082163095474,0.022365912795066833,0.12166979163885117,0.11693701148033142,0.03524526208639145,0.029565926641225815,0.06944147497415543,0.07753563672304153,0.0436096154153347,0.04957686737179756,0.027435163035988808,0.024080349132418633,-0.000186649922397919,-0.004212426021695137,0.04358227923512459,0.04609380662441254,-0.0006479325820691884,0.00236589927226305,0.0,0.0,0.06499998741957824,0.06499998353421688,0.0,0.0,0.0,0.0,0.0,0.0,0.0,0.0,0.0,0.0,0.0,0.0,0.3061872124671936,-0.05583571642637253,0.00507896114140749,0.15811187028884888,-0.09235576540231705,0.020903781056404114,0.08193140476942062,0.029597748070955276,-0.014112433418631554,0.07968270033597946,-0.0748821571469307,0.030107814818620682
586,220.92,-2.3924612998962402,0.0746915265917778,0.0,0.06499998725950717,0.0,0.06499998725950717,0.017250122502446175,0.018109949305653572,-0.07094495743513107,-0.0746915265917778,0.06535191088914871,0.06766114383935928,0.01776713877916336,0.020538216456770897,0.11295601725578308,0.1084233745932579,0.030951986089348793,0.02551281452178955,0.070546455681324,0.07857402414083481,0.042422715574502945,0.04816846549510956,0.022374706342816353,0.019252566620707512,-0.0009449704666621983,-0.004691539332270622,0.045351896435022354,0.047661129385232925,-0.00223287520930171,0.0005382024683058262,0.00012458384037017812,0.0,0.06499998696846887,0.06499998725950717,0.0,0.0,0.0,0.0,0.0,0.0,0.0,0.0,0.0,0.0,0.0,0.0,0.3034951090812683,-0.05500456690788269,0.005252357572317123,0.15632364153862,-0.09231909364461899,0.020614203065633774,0.08050817996263504,0.030333364382386208,-0.01375788077712059,0.08102700114250183,-0.07223151624202728,0.02991418167948723
587,221.34,-2.3971056938171387,0.07666924595832825,0.0,0.06499998865649104,0.0,0.06499998865649104,0.012418682686984539,0.013274658471345901,-0.07297933846712112,-0.07666924595832825,0.0672316774725914,0.06950690597295761,0.015490426681935787,0.018220698460936546,0.10861729085445404,0.1041836142539978,0.02838066779077053,0.023060262203216553,0.07217821478843689,0.08016941696405411,0.04112585261464119,0.04679945856332779,0.01877470314502716,0.015699783340096474,-0.002979353303089738,-0.006669257301837206,0.04723166301846504,0.049506887793540955,-0.0045095873065292835,-0.0017793155275285244,0.0013560204580426215,0.0,0.06499998516403138,0.06499998865649104,0.0,0.0,0.0,0.0,0.0,0.0,0.0,0.0,0.0,0.0,0.0,0.0,0.30090415477752686,-0.05390232056379318,0.0051239123567938805,0.15643411874771118,-0.0925070196390152,0.020757002755999565,0.08262550830841064,0.03093278408050537,-0.013007476925849915,0.08249027281999588,-0.06994444876909256,0.029394296929240227
588,221.76,-2.4017457962036133,0.0690024122595787,0.0,0.05499999446794391,0.0,0.05499999446794391,0.009100016206502914,0.009989611804485321,-0.06531716138124466,-0.0690024122595787,0.07922139018774033,0.08149540424346924,0.02316262014210224,0.025891439989209175,0.11537143588066101,0.11099981516599655,0.03624894842505455,0.031003005802631378,0.08069837093353271,0.08861979097127914,0.049901332706213,0.055531468242406845,0.015519018284976482,0.012447974644601345,-0.005317166913300753,-0.00900241918861866,0.04922138527035713,0.05149540305137634,-0.006837384309619665,-0.0041085644625127316,0.0014190020784735679,0.0,0.05499999446794391,0.05499999307096005,0.0,0.0,0.0,0.0,0.0,0.0,0.0,0.0,0.0,0.0,0.0,0.0,0.29856303334236145,-0.053003378212451935,0.004981786012649536,0.15697813034057617,-0.09280964732170105,0.020995331928133965,0.08515970408916473,0.03147793933749199,-0.012320280075073242,0.08392708003520966,-0.06790457665920258,0.028846202418208122
589,222.17999999999998,-2.406405210494995,0.07075118273496628,0.0,0.05499999772757292,0.0,0.05499999772757292,0.006774451583623886,0.007716436870396137,-0.06708753108978271,-0.07075118273496628,0.08119652420282364,0.0835094079375267,0.021332083269953728,0.024107545614242554,0.11374887824058533,0.10895986109972,0.03706342354416847,0.0313166007399559,0.08511162549257278,0.09321244060993195,0.04901423305273056,0.054729610681533813,0.01296824961900711,0.009915203787386417,-0.007087533362209797,-0.010751187801361084,0.051196519285440445,0.05350940302014351,-0.00866792257875204,-0.005892459768801928,0.0011937980353832244,0.0,0.05499999772757292,0.0549999949336052,0.0,0.0,0.0,0.0,0.0,0.0,0.0,0.0,0.0,0.0,0.0,0.0,0.2930029034614563,-0.05997541546821594,0.0063802096992731094,0.1618746668100357,-0.10345152020454407,0.018973302096128464,0.07962703704833984,0.02918905019760132,-0.01479107141494751,0.08724924921989441,-0.08040210604667664,0.03114023059606552
590,222.6,-2.4110889434814453,0.07171544432640076,0.0,0.05499999400228262,0.0,0.05499999400228262,0.005775144323706627,0.006793479900807142,-0.0680963397026062,-0.07171544432640076,0.08308044075965881,0.08548910170793533,0.020070869475603104,0.022961260750889778,0.11359003186225891,0.10852896422147751,0.03875546157360077,0.032682180404663086,0.0900343656539917,0.09832070767879486,0.04843785986304283,0.05427822843194008,0.011362383142113686,0.008346461690962315,-0.008096345700323582,-0.011715451255440712,0.05308043956756592,0.05548909679055214,-0.00992913544178009,-0.007038744166493416,0.0005872388184070586,0.0,0.05499999400228262,0.05499999307096005,0.0,0.0,0.0,0.0,0.0,0.0,0.0,0.0,0.0,0.0,0.0,0.0,0.2890067398548126,-0.06519965827465057,0.007578275166451931,0.16536742448806763,-0.11153850704431534,0.017733952030539513,0.07677040249109268,0.02770419605076313,-0.01632208377122879,0.08927468955516815,-0.08834665268659592,0.03251606971025467
591,223.01999999999998,-2.4157674312591553,0.07261517643928528,0.0,0.05499999586492777,0.0,0.05499999586492777,0.004808877594769001,0.005907438229769468,-0.0690334364771843,-0.07261517643928528,0.0852188840508461,0.08770442008972168,0.01897447556257248,0.021957114338874817,0.1137743815779686,0.10851884633302689,0.0403108224272728,0.034004174172878265,0.09476542472839355,0.10319371521472931,0.04806359112262726,0.05399221554398537,0.009882699698209763,0.006897917483001947,-0.009033442474901676,-0.01261518057435751,0.055218879133462906,0.05770441144704819,-0.01102552842348814,-0.008042889647185802,7.382210344076146e-05,0.0,0.05499999400228262,0.05499999586492777,0.0,0.0,0.0,0.0,0.0,0.0,0.0,0.0,0.0,0.0,0.0,0.0,0.28661924600601196,-0.0692610889673233,0.008538609370589256,0.16811440885066986,-0.11769178509712219,0.01699693873524666,0.07581634074449539,0.026850678026676178,-0.01727725751698017,0.09072485566139221,-0.09336385875940323,0.0333312451839447
592,223.44,-2.4203364849090576,0.07289092242717743,0.0,0.05499999772757292,0.0,0.05499999772757292,0.004456732887774706,0.005624169949442148,-0.06916490942239761,-0.07289092242717743,0.09148011356592178,0.09379942715167999,0.019785210490226746,0.022568389773368835,0.1163928285241127,0.11086373031139374,0.04292670264840126,0.03629178926348686,0.10043135285377502,0.10866349935531616,0.05040855333209038,0.05612732842564583,0.01024306658655405,0.007138057611882687,-0.009164913557469845,-0.012890924699604511,0.06148011237382889,0.0637994259595871,-0.010214794427156448,-0.007431615609675646,0.0007863336987793445,0.0,0.05499999586492777,0.05499999772757292,0.0,0.0,0.0,0.0,0.0,0.0,0.0,0.0,0.0,0.0,0.0,0.0,0.28558143973350525,-0.07244478166103363,0.008978689089417458,0.17111679911613464,-0.12249904870986938,0.016702724620699883,0.07781738042831421,0.026513485237956047,-0.01776781678199768,0.09249575436115265,-0.09695908427238464,0.03385757654905319
593,223.85999999999999,-2.424905776977539,0.07312461733818054,0.0,0.05499999772757292,0.0,0.05499999772757292,0.0041071451269090176,0.0053464979864656925,-0.06925562024116516,-0.07312461733818054,0.0979204848408699,0.10005740076303482,0.020857905969023705,0.023422207683324814,0.1191091313958168,0.11334481090307236,0.04542919993400574,0.03851202502846718,0.10663668811321259,0.11464713513851166,0.05306360870599747,0.05855575203895569,0.010647142305970192,0.007422983180731535,-0.009255629032850266,-0.013124619610607624,0.06792047619819641,0.07005739212036133,-0.009142098017036915,-0.00657779723405838,0.0015399971790611743,0.0,0.0549999912083149,0.05499999772757292,0.0,0.0,0.0,0.0,0.0,0.0,0.0,0.0,0.0,0.0,0.0,0.0,0.28522783517837524,-0.0750913918018341,0.009367415681481361,0.17354638874530792,-0.12609261274337769,0.016620302572846413,0.08003413677215576,0.02645084634423256,-0.018126582726836205,0.09463408589363098,-0.09969073534011841,0.034302420914173126
594,224.28,-2.429396390914917,0.07222863286733627,0.0,0.054999998658895495,0.0,0.054999998658895495,0.005828517489135265,0.007206447422504425,-0.06820157170295715,-0.07222863286733627,0.10401111841201782,0.10603342950344086,0.02248348854482174,0.02491025999188423,0.12386268377304077,0.11789725720882416,0.04969193413853645,0.042533427476882935,0.11427536606788635,0.12210765480995178,0.05602756887674332,0.06138076260685921,0.012317336164414883,0.008961452171206474,-0.00820157304406166,-0.01222863420844078,0.07401111721992493,0.07603342831134796,-0.0075165159069001675,-0.005089744459837675,0.0014888186752796172,0.0,0.054999998658895495,0.054999998658895495,0.0,0.0,0.0,0.0,0.0,0.0,0.0,0.0,0.0,0.0,0.0,0.0,0.28534549474716187,-0.07731824368238449,0.00974359828978777,0.1754651516675949,-0.1286894679069519,0.01667846366763115,0.082342728972435,0.026563245803117752,-0.018299628049135208,0.09689387679100037,-0.10164213180541992,0.03463314473628998
595,224.7,-2.433847427368164,0.07070020586252213,0.0,0.05499999633058906,0.0,0.05499999633058906,0.008570541627705097,0.010122168809175491,-0.06651029735803604,-0.07070020586252213,0.10997071862220764,0.11190619319677353,0.024449288845062256,0.02677186019718647,0.12989255785942078,0.12374386191368103,0.05496857315301895,0.047590140253305435,0.12268595397472382,0.13037170469760895,0.05917283520102501,0.06443075090646744,0.01468729693442583,0.011195704340934753,-0.006510301027446985,-0.01070021279156208,0.07997071743011475,0.08190619200468063,-0.0055507151409983635,-0.0032281442545354366,0.0011167553067207335,0.0,0.05499999633058906,0.05499999307096005,0.0,0.0,0.0,0.0,0.0,0.0,0.0,0.0,0.0,0.0,0.0,0.0,0.2863222062587738,-0.07938086986541748,0.010155981406569481,0.17712852358818054,-0.13061490654945374,0.01679207570850849,0.08446560800075531,0.02689380943775177,-0.01841011829674244,0.09932925552129745,-0.1030196100473404,0.03489905968308449
596,225.12,-2.4382736682891846,0.06917357444763184,0.0,0.054999998658895495,0.0,0.054999998658895495,0.010064334608614445,0.011778036132454872,-0.06481420993804932,-0.06917357444763184,0.11603157967329025,0.1179044246673584,0.026703055948019028,0.028950469568371773,0.135403111577034,0.1290665715932846,0.05981137976050377,0.05220754072070122,0.13127917051315308,0.13886727392673492,0.06259051710367203,0.06779181957244873,0.01681189052760601,0.01317908987402916,-0.004814215004444122,-0.009173575788736343,0.08603157848119736,0.0879044234752655,-0.0032969494350254536,-0.001049534766934812,0.0017475559189915656,0.0,0.0549999949336052,0.054999998658895495,0.0,0.0,0.0,0.0,0.0,0.0,0.0,0.0,0.0,0.0,0.0,0.0,0.2880014181137085,-0.08142313361167908,0.010610772296786308,0.17866459488868713,-0.13219204545021057,0.016918377950787544,0.08620361983776093,0.027441171929240227,-0.01858937367796898,0.10211113840341568,-0.10413485020399094,0.035183537751436234
597,225.54,-2.4426376819610596,0.05783871188759804,0.0,0.04500000633299351,0.0,0.04500000633299351,0.008478386327624321,0.010320606641471386,-0.0532866008579731,-0.05783871188759804,0.13215160369873047,0.13404245674610138,0.03938306123018265,0.04165209084749222,0.1489860862493515,0.14243991672992706,0.07325703650712967,0.06540164351463318,0.14738698303699493,0.1549069732427597,0.07642489671707153,0.08167009055614471,0.018138227984309196,0.014344803057610989,-0.0032865956891328096,-0.00783870555460453,0.09215160459280014,0.09404245764017105,-0.0006169331027194858,0.0016520950011909008,0.004659841656684875,0.0,0.04500000516884029,0.04500000633299351,0.0,0.0,0.0,0.0,0.0,0.0,0.0,0.0,0.0,0.0,0.0,0.0,0.2898881733417511,-0.08340364694595337,0.01110384613275528,0.18008799850940704,-0.1336066722869873,0.017051640897989273,0.08745864033699036,0.028143491595983505,-0.018861357122659683,0.10526193678379059,-0.10509854555130005,0.035499438643455505
598,225.95999999999998,-2.4470014572143555,0.05646958202123642,0.0,0.04500000505242497,0.0,0.04500000505242497,0.006894994061440229,0.008869780227541924,-0.05172721669077873,-0.05646958202123642,0.13837748765945435,0.14027059078216553,0.04222271591424942,0.04449445754289627,0.15261997282505035,0.14581283926963806,0.07677364349365234,0.06860507279634476,0.15641029179096222,0.16397348046302795,0.0802210122346878,0.08551871031522751,0.019501281902194023,0.015549308620393276,-0.001727211638353765,-0.0064695789478719234,0.09837748855352402,0.1002705991268158,0.002222722163423896,0.004494461230933666,0.007606287840753794,0.0016795283928513526,0.04500000505242497,0.0450000030733645,0.0,0.0,0.0,0.0,0.0,0.0,0.0,0.0,0.0,0.0,0.0,0.0,0.29267486929893494,-0.08641958236694336,0.01185862347483635,0.17986267805099487,-0.134459987282753,0.01703668013215065,0.0871289074420929,0.02916433848440647,-0.019200995564460754,0.10908643901348114,-0.10608220100402832,0.03589789569377899
599,226.38,-2.451303482055664,0.05483492836356163,0.0,0.04500000586733222,0.0,0.04500000586733222,0.010301363654434681,0.012426717206835747,-0.049767039716243744,-0.05483492836356163,0.14333251118659973,0.14517955482006073,0.04506732523441315,0.047283776104450226,0.15988799929618835,0.1527622938156128,0.08255711942911148,0.07400628179311752,0.16643060743808746,0.17401841282844543,0.08366711437702179,0.08894523233175278,0.022713156417012215,0.018489915877580643,0.00023296565632335842,-0.00483492249622941,0.10333251953125,0.105179563164711,0.005067328456789255,0.007283782120794058,0.007411792762577534,0.0010631986707448958,0.045000005372567105,0.04500000586733222,0.0,0.0,0.0,0.0,0.0,0.0,0.0,0.0,0.0,0.0,0.0,0.0,0.2951221764087677,-0.0886712297797203,0.01246072817593813,0.18011696636676788,-0.1349598467350006,0.017166048288345337,0.08806341141462326,0.03008870966732502,-0.019238276407122612,0.11256957054138184,-0.10662347823381424,0.03607186675071716
600,226.79999999999998,-2.4555985927581787,0.05305764824151993,0.0,0.04500000633299351,0.0,0.04500000633299351,0.014217313379049301,0.01650131307542324,-0.04765377193689346,-0.05305764824151993,0.14829716086387634,0.1500834822654724,0.04807298630475998,0.05021658167243004,0.16638152301311493,0.15880629420280457,0.08527084439992905,0.07940828055143356,0.1775796264410019,0.18530671298503876,0.08609062433242798,0.09142439067363739,0.026231810450553894,0.021728578954935074,0.0023462343961000443,-0.003057642839848995,0.10829716175794601,0.11008349061012268,0.008072989992797375,0.010216585360467434,0.007014497071504593,0.0002272658795118331,0.04500000633299351,0.045000005401670935,0.0,0.0,0.0,0.0,0.0,0.0,0.0,0.0,0.0,0.0,0.0,0.0,0.29297080636024475,-0.09196891635656357,0.014239327050745487,0.18020357191562653,-0.1379220187664032,0.015984144061803818,0.08152270317077637,0.03095177561044693,-0.02018546685576439,0.11790585517883301,-0.10844498127698898,0.03702867403626442
601,227.22,-2.4598801136016846,0.05077388882637024,0.0,0.045000006624031814,0.0,0.045000006624031814,0.01671822927892208,0.019178034737706184,-0.04516923800110817,-0.05077388882637024,0.15346282720565796,0.15525157749652863,0.051631662994623184,0.05377814918756485,0.17278051376342773,0.16492702066898346,0.0874892994761467,0.08484483510255814,0.18832051753997803,0.19611449539661407,0.0891413614153862,0.09458179026842117,0.029624927788972855,0.024954386055469513,0.0048307678662240505,-0.0007738822023384273,0.11346283555030823,0.1152515783905983,0.011631667613983154,0.013778154738247395,0.007906698510050773,0.0007763513177633284,0.04500000586733222,0.045000006624031814,0.0,0.0,0.0,0.0,0.0,0.0,0.0,0.0,0.0,0.0,0.0,0.0,0.29306185245513916,-0.09454019367694855,0.01570316217839718,0.1803131401538849,-0.13979072868824005,0.015114578418433666,0.07653504610061646,0.0318283885717392,-0.02073826640844345,0.12155646830797195,-0.10892949998378754,0.03755816072225571
602,227.64,-2.464149236679077,0.04806629568338394,0.0,0.04499994661193341,0.0,0.04499994661193341,0.017944982275366783,0.02059345878660679,-0.04238446429371834,-0.04806629568338394,0.1587674915790558,0.16061563789844513,0.053285833448171616,0.04826030135154724,0.17883343994617462,0.17084813117980957,0.08969832956790924,0.09019377082586288,0.19860312342643738,0.20640727877616882,0.09275127947330475,0.0983523279428482,0.03286712244153023,0.028132261708378792,0.007615481503307819,0.0019336509285494685,0.11876744031906128,0.12061559408903122,0.01564416103065014,0.01786193996667862,0.009922140166163444,0.002538802921772003,0.04499994579702616,0.04499994661193341,0.0,0.0,0.0,0.0,0.0,0.0,0.0,0.0,0.0,0.0,0.0,0.0,0.2944313883781433,-0.09653561562299728,0.016897451132535934,0.18035557866096497,-0.14081905782222748,0.01444951444864273,0.07266993820667267,0.03271777182817459,-0.021046316251158714,0.12422087043523788,-0.10861478000879288,0.03783973306417465
603,228.06,-2.4684131145477295,0.04548162594437599,0.0,0.04499994719401002,0.0,0.04499994719401002,0.019196834415197372,0.02203817293047905,-0.039712294936180115,-0.04548162594437599,0.16379587352275848,0.1656719297170639,0.04570562392473221,0.040866296738386154,0.18491627275943756,0.17683033645153046,0.09255318343639374,0.0954417735338211,0.20873385667800903,0.21649819612503052,0.09638082981109619,0.1020861268043518,0.036000560969114304,0.031192786991596222,0.010287649929523468,0.0045183212496340275,0.12379582226276398,0.1256718784570694,0.01952175609767437,0.02177302911877632,0.01180372655391693,0.004154614061117172,0.044999944865703585,0.04499994719401002,0.0,0.0,0.0,0.0,0.0,0.0,0.0,0.0,0.0,0.0,0.0,0.0,0.29630520939826965,-0.09804506599903107,0.017844308167696,0.1804480105638504,-0.14129450917243958,0.01397541631013155,0.07020316272974014,0.03363379091024399,-0.021187391132116318,0.12653927505016327,-0.10794920474290848,0.03797044977545738
604,228.48,-2.472644090652466,0.043920885771512985,0.0,0.04500000447034836,0.0,0.04500000447034836,0.02060609497129917,0.023655641824007034,-0.037979621440172195,-0.043920885771512985,0.16678008437156677,0.16854746639728546,0.03571687638759613,0.031037239357829094,0.18996335566043854,0.18174435198307037,0.09547006338834763,0.0988217368721962,0.21522819995880127,0.21993090212345123,0.09853564202785492,0.10079645365476608,0.03820858150720596,0.03325752913951874,0.012020383030176163,0.006079117301851511,0.12678009271621704,0.12854745984077454,0.022134030237793922,0.024254878982901573,0.01260248653590679,0.004601887315511703,0.04500000447034836,0.0450000030733645,0.0,0.0,0.0,0.0,0.0,0.0,0.0,0.0,0.0,0.0,0.0,0.0,0.2978707253932953,-0.09917531907558441,0.018643515184521675,0.18042385578155518,-0.14146044850349426,0.013664769008755684,0.06857933849096298,0.034581784158945084,-0.02125617302954197,0.12881088256835938,-0.10707395523786545,0.037977732717990875
605,228.9,-2.4768753051757812,0.042280737310647964,0.0,0.04499994579702616,0.0,0.04499994579702616,0.02201703004539013,0.02527950331568718,-0.03617364168167114,-0.042280737310647964,0.16987214982509613,0.17152398824691772,0.02574066072702408,0.021214982494711876,0.19451899826526642,0.18547818064689636,0.09818492829799652,0.10153482109308243,0.2181077003479004,0.22274532914161682,0.0976310446858406,0.09175530076026917,0.04049394279718399,0.035404693335294724,0.013826304115355015,0.007719206623733044,0.12987209856510162,0.13152393698692322,0.024855606257915497,0.02683781459927559,0.01347691275179386,0.005125190019607544,0.04499994579702616,0.04499994393438101,0.0,0.0,0.0,0.000622832104563713,0.0,0.0,0.0,0.0,0.0,0.0,0.0,0.0,0.29897284507751465,-0.10000084340572357,0.0191591028124094,0.18024539947509766,-0.14138364791870117,0.013422626070678234,0.0677415207028389,0.03541864454746246,-0.021299533545970917,0.13060998916625977,-0.10642920434474945,0.038035888224840164
606,229.32,-2.4811031818389893,0.03128395229578018,0.0,0.034999953471124175,0.0,0.034999953471124175,0.028241025283932686,0.0306050106883049,-0.025051146745681763,-0.03128395229578018,0.1700441986322403,0.16780424118041992,0.008077726699411869,0.0036546033807098866,0.20290781557559967,0.19346031546592712,0.10714847594499588,0.10936088114976883,0.22542862594127655,0.23008319735527039,0.08323469758033752,0.07859332859516144,0.04348665475845337,0.03829265013337135,0.01494880672544241,0.00871600117534399,0.128067746758461,0.12966656684875488,0.025523683056235313,0.02744225598871708,0.010245629474520682,0.002687639445066452,0.034999953471124175,0.034999953471124175,0.0,0.0,0.012445956356823443,0.01878765260800719,0.0,0.0,0.0,0.0,0.0,0.0,0.0,0.0,0.2988722622394562,-0.10035310685634613,0.019367903470993042,0.17973893880844116,-0.14073409140110016,0.013233808800578117,0.06753838807344437,0.03610849007964134,-0.021227745339274406,0.1316760927438736,-0.10566452145576477,0.03800134360790253
607,229.73999999999998,-2.4853298664093018,0.030346345156431198,0.0,0.035000014007091525,0.0,0.035000014007091525,0.035185087472200394,0.03722704201936722,-0.023997345939278603,-0.030346345156431198,0.1536695510149002,0.15161417424678802,-0.01200826745480299,-0.012252887710928917,0.20484642684459686,0.19515050947666168,0.11352381110191345,0.11556895077228546,0.22125612199306488,0.22595065832138062,0.06510137021541595,0.06120891496539116,0.04683970659971237,0.041548874229192734,0.01600266806781292,0.009653668850660324,0.12499753385782242,0.1265619993209839,0.02586977183818817,0.027747126296162605,0.006654619127511978,0.0,0.035000014007091525,0.035000014007091525,0.0,0.0,0.032878039292991164,0.035000014007091525,0.0,0.0,0.0,0.0,0.0,0.0,0.0,0.0,0.29805389046669006,-0.10066543519496918,0.019499819725751877,0.17907944321632385,-0.14033068716526031,0.013004666194319725,0.06857912242412567,0.03692248463630676,-0.021220847964286804,0.13145069777965546,-0.10408782958984375,0.037803761661052704
608,230.16,-2.4895577430725098,0.029357874765992165,0.0,0.034999955333769324,0.0,0.034999955333769324,0.03906700387597084,0.04096492379903793,-0.023017846047878265,-0.029357874765992165,0.1399836540222168,0.13817450404167175,-0.013591662049293518,-0.011700299568474293,0.2068314105272293,0.19704300165176392,0.11684626340866089,0.11874285340309143,0.2177625298500061,0.2171361744403839,0.05020468682050705,0.04732191935181618,0.048936545848846436,0.04365319013595581,0.01698210835456848,0.010642079636454582,0.12257477641105652,0.12415090948343277,0.02640829235315323,0.02829965576529503,0.004869541972875595,0.0,0.03499995440244675,0.03499995440244675,0.0,0.0,0.03499995440244675,0.034999955333769324,0.0,0.0,0.0,0.0,0.0,0.0,0.0,0.0,0.2965856194496155,-0.10084666311740875,0.019367199391126633,0.17940853536128998,-0.14060115814208984,0.012888079509139061,0.07073268294334412,0.03729679435491562,-0.021471641957759857,0.12977853417396545,-0.10323867201805115,0.037668030709028244
609,230.57999999999998,-2.4937877655029297,0.0284861009567976,0.0,0.035000015869736674,0.0,0.035000015869736674,0.037879619747400284,0.03984345495700836,-0.02236242964863777,-0.0284861009567976,0.1302255243062973,0.1287323385477066,-0.013174328953027725,-0.011178766377270222,0.20829664170742035,0.1986367553472519,0.11481185257434845,0.1166137084364891,0.2090166062116623,0.20798493921756744,0.03960457816720009,0.037945568561553955,0.048796601593494415,0.04369354248046875,0.0176375862210989,0.011513913050293922,0.12083429843187332,0.12249726802110672,0.026825685054063797,0.028821248561143875,0.005916981846094131,0.0,0.035000015869736674,0.035000014007091525,0.0,0.0,0.035000014007091525,0.0350000149384141,0.0,0.0,0.0,0.0,0.0,0.0,0.0,0.0,0.2942540645599365,-0.10077440738677979,0.019047312438488007,0.1797802746295929,-0.14116418361663818,0.012726450338959694,0.07265817373991013,0.037412986159324646,-0.021959085017442703,0.12746143341064453,-0.10288351029157639,0.03775060921907425
610,231.0,-2.4980180263519287,0.027562547475099564,0.0,0.0350000149384141,0.0,0.0350000149384141,0.036711759865283966,0.03873832896351814,-0.02165720798075199,-0.027562547475099564,0.12073338776826859,0.11957717686891556,-0.012648270465433598,-0.010553151369094849,0.20980697870254517,0.2003108561038971,0.11189214140176773,0.11358507722616196,0.19991371035575867,0.1992456167936325,0.030018914490938187,0.03014860861003399,0.04870615899562836,0.04378504306077957,0.01834280602633953,0.012437467463314533,0.11917813867330551,0.12092407047748566,0.0273517444729805,0.029446862637996674,0.006994399130344391,4.671409726142873e-05,0.035000014007091525,0.0350000149384141,0.0,0.0,0.0350000149384141,0.035000014007091525,0.0,0.0,0.0,0.0,0.0,0.0,0.0,0.0,0.2906818687915802,-0.10018524527549744,0.018392417579889297,0.17971238493919373,-0.14147880673408508,0.0125001585111022,0.07480353116989136,0.037527844309806824,-0.022509824484586716,0.12582504749298096,-0.10301992297172546,0.03813685104250908
611,231.42,-2.5022730827331543,0.027370044961571693,0.0,0.0350000149384141,0.0059429312869906424,0.029057083651423458,0.037712398916482925,0.039666347205638885,-0.021338874474167824,-0.027370044961571693,0.10448146611452103,0.1036539152264595,-0.013623103499412537,-0.011530752293765545,0.21216465532779694,0.20255987346172333,0.11041756719350815,0.11207275092601776,0.18293623626232147,0.1826353222131729,0.015433979220688343,0.0199459008872509,0.05002725124359131,0.04500127583742142,0.0186611395329237,0.012629969045519829,0.11232908070087433,0.11407271027565002,0.026376910507678986,0.028469262644648552,0.007314852327108383,0.00033492863178253163,0.035000014007091525,0.035000014007091525,0.002847614586353302,0.005418795049190521,0.035000014007091525,0.0350000149384141,0.0,0.0,0.0,0.0,0.0,0.0,0.0059429312869906424,0.0035233617573976516,0.28702038526535034,-0.0989559143781662,0.01773063838481903,0.17845049500465393,-0.1405530571937561,0.012034360319375992,0.07537060230970383,0.03757471218705177,-0.02288764715194702,0.12361093610525131,-0.10252958536148071,0.03846761956810951
612,231.84,-2.50652813911438,0.027131658047437668,0.0,0.03499995440244675,0.01001862984150648,0.02498132456094027,0.03875045105814934,0.040627285838127136,-0.020976414903998375,-0.027131658047437668,0.08865503966808319,0.08819778263568878,-0.014166707172989845,-0.012093733996152878,0.2146381288766861,0.2049846351146698,0.1072864830493927,0.10891009867191315,0.16643725335597992,0.1665595918893814,0.01081461738795042,0.01714710146188736,0.05139179527759552,0.04626242816448212,0.019023539498448372,0.012868296355009079,0.10576803982257843,0.10749551653862,0.0258332472294569,0.02790622040629387,0.007641344219446182,0.0006351423263549804,0.03499995440244675,0.03499995440244675,0.012113000154495238,0.014297733902931212,0.03499995440244675,0.03499995440244675,0.0,0.0,0.0,0.0,0.0,0.0,0.01001862984150648,0.005759118944406509,0.2809176743030548,-0.09638150036334991,0.016939546912908554,0.17679204046726227,-0.13828027248382568,0.011336514726281166,0.07534617930650711,0.03880278393626213,-0.023332614451646805,0.12357860803604126,-0.09962201118469238,0.03893323242664337
613,232.26,-2.5107994079589844,0.026977043598890305,0.0,0.034999955333769324,0.012078346572816371,0.022921608760952953,0.04207783564925194,0.04385538771748543,-0.020703498274087906,-0.026977043598890305,0.07420066744089127,0.07424411177635193,-0.01480113621801138,-0.012597303837537766,0.21682395040988922,0.20711815357208252,0.10633169859647751,0.10788601636886597,0.1498289853334427,0.15042857825756073,0.00812047254294157,0.01474033948034048,0.05338669940829277,0.04815874248743057,0.01929645612835884,0.013022910803556442,0.09980247914791107,0.10163900256156921,0.025198819115757942,0.02740265056490898,0.006308863759040832,0.0,0.03499995440244675,0.03499995440244675,0.020601811707019805,0.022394890785217284,0.034999955333769324,0.03499995440244675,0.0,0.0,0.0,0.0,0.0,0.0,0.012078346572816371,0.0076623110845685,0.27521735429763794,-0.09407682716846466,0.015917034819722176,0.17455235123634338,-0.1361282616853714,0.010586821474134922,0.07425010204315186,0.03941017761826515,-0.023879414424300194,0.12317860126495361,-0.09865224361419678,0.03972945362329483
614,232.67999999999998,-2.515080690383911,0.02679857797920704,0.0,0.0350000149384141,0.013929119687527417,0.021070895250886682,0.04681558907032013,0.04848619922995567,-0.020409606397151947,-0.02679857797920704,0.061402417719364166,0.06212693452835083,-0.01540230680257082,-0.012973768636584282,0.21886789798736572,0.20910610258579254,0.10673744976520538,0.10818977653980255,0.13314205408096313,0.13429556787014008,0.005668588448315859,0.012649355456233025,0.055841147899627686,0.0505170039832592,0.019590407609939575,0.013201435096561909,0.0942879170179367,0.09631169587373734,0.024597708135843277,0.02702624537050724,0.004025558829307556,0.0,0.035000014007091525,0.03500001307576895,0.02788549929857254,0.029184761345386504,0.0350000149384141,0.035000014007091525,0.0,0.0,0.0,0.0,0.0,0.0,0.013929119687527417,0.009376889914274215,0.2697148323059082,-0.0921221524477005,0.01472003199160099,0.17206808924674988,-0.13419818878173828,0.009890152141451836,0.07242518663406372,0.039388954639434814,-0.024524429813027382,0.12240709364414215,-0.09949737787246704,0.040727026760578156
615,233.1,-2.519376039505005,0.026596400886774063,0.0,0.0349999562650919,0.015914032822474836,0.019085923442617062,0.051117029041051865,0.05269462615251541,-0.020115068182349205,-0.026596400886774063,0.049745574593544006,0.05129307135939598,-0.016165414825081825,-0.013586628250777721,0.22042088210582733,0.21064522862434387,0.10643415153026581,0.10771388560533524,0.1146218404173851,0.11640025675296783,0.0029205086175352335,0.010183305479586124,0.05776561424136162,0.05236450582742691,0.019884886220097542,0.013403554446995258,0.08803562819957733,0.09018462151288986,0.02383454144001007,0.0264133270829916,0.0016485852003097533,0.0,0.03499995440244675,0.034999955333769324,0.03329005360603333,0.033891550153493884,0.0349999562650919,0.034999955333769324,0.0,0.0,0.0,0.0,0.0,0.0,0.015914032822474836,0.011230021603405475,0.26382166147232056,-0.09047193825244904,0.013488344848155975,0.16918224096298218,-0.13255822658538818,0.009262541308999062,0.06927774101495743,0.03875543177127838,-0.02533753775060177,0.12112687528133392,-0.10170847177505493,0.04183293879032135
616,233.51999999999998,-2.523716688156128,0.016576720401644707,0.0,0.02499996766448021,0.008458610512316226,0.016541357152163982,0.05853110924363136,0.05908570438623428,-0.010069694370031357,-0.016576720401644707,0.04898892715573311,0.051069457083940506,-0.008004369214177132,-0.0055077350698411465,0.2275538593530655,0.21785593032836914,0.1089545339345932,0.10896303504705429,0.09889288246631622,0.10175761580467224,0.008536984212696552,0.015864182263612747,0.05775822326540947,0.0523357018828392,0.019930269569158554,0.013423243537545204,0.07898889482021332,0.08106941729784012,0.02199559472501278,0.024492228403687477,0.0,0.0,0.02499996393918991,0.02499996393918991,0.02499996766448021,0.02499996021389961,0.02499996393918991,0.024999963473528623,0.0,0.0,0.0,0.0,0.0,0.0,0.008458610512316226,0.00362804614007473,0.25624990463256836,-0.08883786201477051,0.012344473972916603,0.16497504711151123,-0.13103121519088745,0.008587395772337914,0.06329315900802612,0.037547361105680466,-0.02642975188791752,0.1190372109413147,-0.10458491742610931,0.043018072843551636
617,233.94,-2.52805757522583,0.016437888145446777,0.0,0.024999964870512485,0.010628057532012462,0.014371907338500023,0.061289433389902115,0.061785440891981125,-0.009894473478198051,-0.016437888145446777,0.04045455902814865,0.04245084896683693,-0.009211824275553226,-0.006816278211772442,0.22744254767894745,0.21784205734729767,0.10592509806156158,0.1055346131324768,0.0762689933180809,0.08014315366744995,0.005160083062946796,0.012545320205390453,0.05787673592567444,0.05242389068007469,0.02010549046099186,0.013562075793743134,0.07045452296733856,0.07245080918073654,0.02078814059495926,0.023183686658740044,0.0,0.0,0.02499996393918991,0.02499996393918991,0.02499996393918991,0.02499996021389961,0.024999964870512485,0.024999964870512485,0.0,0.0,0.0,0.0,0.0,0.0,0.010628057532012462,0.00563836645334959,0.24915280938148499,-0.08794189244508743,0.01118738204240799,0.1589866578578949,-0.12917126715183258,0.007707469630986452,0.05587630346417427,0.03633447363972664,-0.027568060904741287,0.1174013763666153,-0.10836171358823776,0.04448354244232178
618,234.35999999999999,-2.532496690750122,0.017207181081175804,0.0,0.02499996766448021,0.011938607674092053,0.013061359990388155,0.06353791803121567,0.06416963040828705,-0.010775888338685036,-0.017207181081175804,0.03419264033436775,0.03621269762516022,-0.009881100617349148,-0.007457032799720764,0.22811485826969147,0.21866929531097412,0.10142271220684052,0.10098180174827576,0.05972430109977722,0.06477373093366623,0.0031802565790712833,0.010702014900743961,0.05828998610377312,0.052930574864149094,0.019224075600504875,0.012792781926691532,0.06419260799884796,0.06621266156435013,0.020118864253163338,0.022542931139469147,0.0,0.0,0.02499996393918991,0.024999963007867335,0.02499996766448021,0.02499996393918991,0.024999964870512485,0.02499996393918991,0.0,0.0,0.0,0.0,0.0,0.0,0.011938607674092053,0.006840916238725185,0.24111546576023102,-0.08644359558820724,0.009500019252300262,0.1532876342535019,-0.12717768549919128,0.006764725316315889,0.05070038139820099,0.034828685224056244,-0.02860652282834053,0.11553606390953064,-0.11335927248001099,0.04610888287425041
619,234.78,-2.536952257156372,0.018060915172100067,0.0,0.02499996580183506,0.013014943809248506,0.011985021992586553,0.06573180109262466,0.06652191281318665,-0.011768541298806667,-0.018060915172100067,0.028536591678857803,0.03059876151382923,-0.01020203810185194,-0.007727435324341059,0.22682586312294006,0.2186180204153061,0.09666984528303146,0.09625103324651718,0.047855254262685776,0.054233402013778687,0.001782981096766889,0.009446150623261929,0.05881420150399208,0.05357055738568306,0.01823142170906067,0.011939049698412418,0.058536555618047714,0.06059872731566429,0.019797924906015396,0.02227252908051014,0.0,0.0,0.024999963007867335,0.024999964870512485,0.02499996393918991,0.02499996580183506,0.024999963007867335,0.024999964404851197,0.0,0.0,0.0,0.0,0.005681301355361938,0.0013653253018856048,0.013014943809248506,0.00782637845724821,0.232966810464859,-0.08452942967414856,0.007846638560295105,0.14758171141147614,-0.12506498396396637,0.005781815852969885,0.045363932847976685,0.033302441239356995,-0.029537098482251167,0.11359114944934845,-0.11780844628810883,0.047633469104766846
620,235.2,-2.5414798259735107,0.019009539857506752,8.753732254263014e-05,0.02499996580183506,0.014052235860726795,0.010947729941108264,0.06506361067295074,0.06584757566452026,-0.012746392749249935,-0.019009539857506752,0.022183144465088844,0.024282827973365784,-0.011035265401005745,-0.008515643887221813,0.22237074375152588,0.21419699490070343,0.08988917618989944,0.08924911171197891,0.03841402754187584,0.044898178428411484,-8.753732254263014e-05,0.007693440653383732,0.05803054943680763,0.052811261266469955,0.01725357212126255,0.010990425013005733,0.052183110266923904,0.054282791912555695,0.018964698538184166,0.021484320983290672,0.0,0.0,0.024999964870512485,0.024999964870512485,0.02499996580183506,0.02499996393918991,0.02499996393918991,0.024999964870512485,0.0,0.0,0.0,0.0,0.008769082725048064,0.004384613484144211,0.014052235860726795,0.00879088032990694,0.22576278448104858,-0.08241234719753265,0.006673650350421667,0.14186155796051025,-0.12291161715984344,0.004729568026959896,0.03799329325556755,0.03180787339806557,-0.030413269996643066,0.11098632216453552,-0.12067726999521255,0.04881932586431503
621,235.62,-2.546085834503174,0.020103732123970985,0.0023727715015411377,0.02499996580183506,0.01498046040534973,0.010019505396485329,0.061219047755002975,0.06182681396603584,-0.013744151219725609,-0.020103732123970985,0.01510909665375948,0.017238030210137367,-0.012392275035381317,-0.009837555699050426,0.21615636348724365,0.2079014778137207,0.08099609613418579,0.07983303815126419,0.028233947232365608,0.03478635102510452,-0.0023727715015411377,0.005490111652761698,0.05577126145362854,0.05047161132097244,0.016255812719464302,0.0098962327465415,0.045109059661626816,0.04723799601197243,0.017607688903808594,0.02016240917146206,0.0,0.0,0.02499996393918991,0.024999964870512485,0.024999963007867335,0.02499996580183506,0.02499996393918991,0.024999964870512485,0.0,0.0,0.0,0.0,0.011875112429261207,0.0074516449868679046,0.01498046040534973,0.00967229751870036,0.21957169473171234,-0.07998368889093399,0.0059810723178088665,0.13644815981388092,-0.1207861602306366,0.0036485162563622,0.029099240899086,0.030382277444005013,-0.031147148460149765,0.10770817846059799,-0.12190765887498856,0.04959215223789215
622,236.04,-2.5507090091705322,0.021148212254047394,0.004044623114168644,0.02499996580183506,0.015691226236522197,0.009308739565312862,0.058011844754219055,0.05846857652068138,-0.014694836921989918,-0.021148212254047394,0.008523868396878242,0.010680015198886395,-0.013353360816836357,-0.010765983723104,0.21060439944267273,0.20230308175086975,0.07304856181144714,0.07138694077730179,0.019008055329322815,0.025609219446778297,-0.004044623114168644,0.0038767752703279257,0.05379094183444977,0.04841313138604164,0.015305127948522568,0.008851752616465092,0.0385238341987133,0.04067998006939888,0.016646603122353554,0.019233981147408485,0.0,0.0,0.024999964870512485,0.024999964870512485,0.02499996580183506,0.024999964870512485,0.02499996393918991,0.024999964870512485,0.0,0.0,0.0,0.0,0.014515778869390487,0.010070760622620582,0.015691226236522197,0.010357205877080559,0.2136295735836029,-0.07708965241909027,0.005336647387593985,0.13163340091705322,-0.11867567896842957,0.0026217533741146326,0.021019188687205315,0.02911844663321972,-0.03160431981086731,0.10454533994197845,-0.122374527156353,0.0501280352473259
623,236.45999999999998,-2.555497884750366,0.022023895755410194,0.005586498882621527,0.024999964870512485,0.016476143039762973,0.008523821830749512,0.06084468588232994,0.061364639550447464,-0.015550450421869755,-0.022023895755410194,0.0030360533855855465,0.005244448781013489,-0.014374579302966595,-0.011724504642188549,0.2092500925064087,0.20102588832378387,0.07094454765319824,0.06931989639997482,0.011559872888028622,0.018220510333776474,-0.005586498882621527,0.002406266750767827,0.054155316203832626,0.04876077547669411,0.01444951444864273,0.007976068183779716,0.033036015927791595,0.0352444127202034,0.01562538370490074,0.018275458365678787,0.0,0.0,0.024999964870512485,0.02499996393918991,0.024999962542206048,0.02499996393918991,0.024999963007867335,0.024999963007867335,0.0,0.0,0.0,0.0,0.016476143039762973,0.012023902386426925,0.016211882587522267,0.01086919161491096,0.20801353454589844,-0.07394231855869293,0.0045515671372413635,0.12790951132774353,-0.11671753227710724,0.0017558438703417778,0.015128589235246181,0.02812984399497509,-0.03172034025192261,0.10201422870159149,-0.1226022019982338,0.050488028675317764
624,236.88,-2.5602867603302,0.012791574001312256,0.0,0.014999974407255649,0.008223078101873397,0.006776896305382252,0.06859050691127777,0.06838579475879669,-0.006295481231063604,-0.012791574001312256,0.007886985316872597,0.010145825333893299,-0.005047212820500135,-0.0023366049863398075,0.21838811039924622,0.2102220356464386,0.07634227722883224,0.07365382462739944,0.014663880690932274,0.021372774615883827,0.003395730396732688,0.011446402408182621,0.054627858102321625,0.0492144450545311,0.013704492710530758,0.007208399940282106,0.02788695879280567,0.03014579974114895,0.014952761121094227,0.017663368955254555,0.0,0.0,0.014999973941594361,0.014999973941594361,0.014999973475933074,0.014999974407255649,0.014999973941594361,0.014999973941594361,0.0,0.0,0.0,0.0,0.008223078101873397,0.0037730251252651214,0.006557030724361539,0.0012169665470719336,0.2030945122241974,-0.07130689918994904,0.003847816726192832,0.12461327016353607,-0.11495080590248108,0.0010062053333967924,0.009609186090528965,0.0271387230604887,-0.031854048371315,0.09943808615207672,-0.12288302183151245,0.050728075206279755
625,237.29999999999998,-2.565200090408325,0.01358591765165329,0.0,0.014999974640086292,0.009369390904903411,0.005630583735182881,0.07437475025653839,0.07427971065044403,-0.0070884511806070805,-0.01358591765165329,0.003751080483198166,0.005940841976553202,-0.005480585154145956,-0.0028528713155537844,0.22110626101493835,0.21293959021568298,0.07968293130397797,0.07729877531528473,0.009381663054227829,0.01605658233165741,0.0027112509123981,0.010721154510974884,0.056385140866041183,0.05097058415412903,0.012911522760987282,0.00641405675560236,0.02375105395913124,0.02594081498682499,0.014519388787448406,0.01714710332453251,0.0,0.0,0.014999973941594361,0.014999974407255649,0.014999973475933074,0.014999973010271787,0.014999973941594361,0.014999974640086292,0.0,0.0,0.0,0.0,0.009369390904903411,0.0048842326551675795,0.006808137875050306,0.0014259488135576247,0.2016804814338684,-0.07081213593482971,0.003404737450182438,0.12162268161773682,-0.11367155611515045,0.00040402982267551124,0.004935889039188623,0.027033261954784393,-0.03190043196082115,0.09898273646831512,-0.12315744161605835,0.05103650689125061
626,237.72,-2.5701634883880615,0.01421226467937231,0.0,0.014999974407255649,0.010420990996062755,0.004578983411192894,0.08143352717161179,0.08143696933984756,-0.007720724679529667,-0.01421226467937231,0.00018494708638172597,0.0022570660803467035,-0.005653355270624161,-0.003166812239214778,0.22483661770820618,0.2166658192873001,0.08427020162343979,0.08221138268709183,0.004763930104672909,0.011342575773596764,0.0023500616662204266,0.01024443656206131,0.0588240809738636,0.05341446399688721,0.012279248796403408,0.005787709262222052,0.020184921100735664,0.022257039323449135,0.014346619136631489,0.016833161935210228,0.0,0.0,0.014999973475933074,0.014999973941594361,0.014999974014353937,0.01499997324310243,0.014999974407255649,0.014999974174425005,0.0,0.0,0.0,0.0,0.010420990996062755,0.005914463549852371,0.006996557470411062,0.001588725373148918,0.20005038380622864,-0.0707133412361145,0.0028391489759087563,0.11928015947341919,-0.1127183586359024,1.6391277313232422e-06,0.0017046808497980237,0.02667282149195671,-0.03204749897122383,0.09822116792201996,-0.12434318661689758,0.051343102008104324
627,238.14,-2.575176477432251,0.015264340676367283,0.0,0.014999973941594361,0.011359660890884696,0.003640313050709665,0.08502274751663208,0.08507628738880157,-0.008844807744026184,-0.015264340676367283,-0.0032603309955447912,-0.0012714603217318654,-0.006363157648593187,-0.00397651270031929,0.22658659517765045,0.21843604743480682,0.08609890192747116,0.0841967761516571,0.00037998135667294264,0.0068866172805428505,0.001790510257706046,0.009598474018275738,0.059810739010572433,0.05446112900972366,0.011155165731906891,0.004735632799565792,0.01673964224755764,0.01872851327061653,0.013636816293001175,0.016023460775613785,0.0,0.0,0.014999973475933074,0.014999973475933074,0.01499997324310243,0.014999973592348396,0.014999973941594361,0.014999973475933074,0.0,0.0,0.0,0.0,0.011359660890884696,0.006841895990073681,0.006846306035295129,0.001424986757338047,0.19890891015529633,-0.07104526460170746,0.002340372884646058,0.11711195111274719,-0.111941397190094,-0.0003603341174311936,-0.0016221761470660567,0.026042314246296883,-0.03238699957728386,0.09672127664089203,-0.12603622674942017,0.05166534334421158
628,238.56,-2.580289363861084,0.017546257004141808,0.0039487574249506,0.014999974407255649,0.012048961482942103,0.0029510129243135452,0.0815681591629982,0.08161945641040802,-0.011332415975630283,-0.017546257004141808,-0.006899769883602858,-0.004923922009766102,-0.008587085641920567,-0.00621606782078743,0.22373566031455994,0.21568402647972107,0.08168844878673553,0.07969355583190918,-0.0039487574249506,0.0025480377953499556,0.00022835860727354884,0.00802451279014349,0.057540494948625565,0.052362293004989624,0.008667558431625366,0.0024537169374525547,0.013100204057991505,0.015076051466166973,0.011412887834012508,0.013783905655145645,0.0,0.0,0.014999974407255649,0.014999973941594361,0.014999973941594361,0.014999973475933074,0.014999973475933074,0.014999973475933074,0.0,0.0,0.0,0.0,0.012048961482942103,0.0075280136708170175,0.0061845292267389594,0.0007593928650021552,0.19830116629600525,-0.07143964618444443,0.0019620952662080526,0.11480027437210083,-0.1111675351858139,-0.0008049817406572402,-0.005807478912174702,0.025221312418580055,-0.03286896273493767,0.094445139169693,-0.12767556309700012,0.05199621617794037
629,238.98,-2.585402250289917,0.019793769344687462,0.008057232946157455,0.014999973941594361,0.012603849992156028,0.0023961239494383335,0.07813575118780136,0.07817914336919785,-0.013782471418380737,-0.019793769344687462,-0.010453356429934502,-0.008491075597703457,-0.010727903805673122,-0.008373167365789413,0.22049295902252197,0.2125607132911682,0.07671328634023666,0.07460970431566238,-0.008057232946157455,-0.0015734907938167453,-0.001352342194877565,0.006428148131817579,0.055309705436229706,0.05030028894543648,0.006217502523213625,0.00020620375289581716,0.009546617045998573,0.011508897878229618,0.009272069670259953,0.011626806110143661,0.0,0.0,0.014999973941594361,0.014999973097583278,0.014999973475933074,0.014999973475933074,0.014999973475933074,0.014999973475933074,0.0,0.0,0.0,0.0,0.012603849992156028,0.008082388672046362,0.005624411865137517,0.00019865797832608213,0.19683796167373657,-0.07129503786563873,0.0016066997777670622,0.11242787539958954,-0.11039979755878448,-0.0012392865028232336,-0.00953877717256546,0.024533603340387344,-0.03322592377662659,0.09246189147233963,-0.12868951261043549,0.052260059863328934
630,239.39999999999998,-2.590498685836792,0.02058112993836403,0.009321587160229683,0.014999974407255649,0.012756471410393714,0.0022435029968619347,0.08294302970170975,0.08293205499649048,-0.014404963701963425,-0.02058112993836403,-0.011565089225769043,-0.009614554233849049,-0.01322841178625822,-0.010887769982218742,0.2250339239835739,0.21700993180274963,0.0800582692027092,0.07814422249794006,-0.009321587160229683,-0.0028575859032571316,-0.0038631365168839693,0.003893665038049221,0.058481182903051376,0.05333437770605087,0.00559500977396965,-0.0005811568116769195,0.008434884250164032,0.010385420173406601,0.006771561689674854,0.009112204425036907,0.0,0.0,0.014999973475933074,0.014999973126687108,0.014999973475933074,0.014999974407255649,0.014999973475933074,0.014999974407255649,0.0,0.0,0.0,0.0,0.012756471410393714,0.008243006076663732,0.0056346982065588235,0.00021853938698768605,0.1960562765598297,-0.07053476572036743,0.0007617389783263206,0.11164222657680511,-0.10951447486877441,-0.0014608391793444753,-0.008204687386751175,0.024191956967115402,-0.03308769315481186,0.09151937812566757,-0.12997519969940186,0.05248551815748215
631,239.82,-2.5955941677093506,0.02111312933266163,0.010430007241666317,0.014999974407255649,0.012879341728985309,0.00212063267827034,0.08815445005893707,0.08808925002813339,-0.014758208766579628,-0.02111312933266163,-0.012550639919936657,-0.010611390694975853,-0.015743304044008255,-0.01341620460152626,0.23037520051002502,0.22223229706287384,0.08426996320486069,0.08254192024469376,-0.010430007241666317,-0.0039820061065256596,-0.006354001350700855,0.001383599592372775,0.06206982582807541,0.05677406117320061,0.005241765175014734,-0.0011131560895591974,0.007449334487318993,0.009388583712279797,0.0042566703632473946,0.006583769340068102,0.0,0.0,0.014999973941594361,0.01499997324310243,0.014999974407255649,0.014999974407255649,0.014999974407255649,0.014999973941594361,0.0,0.0,0.0,0.0,0.012879341728985309,0.008370589818805455,0.00561067171394825,0.0002001697476953267,0.19569891691207886,-0.07034120708703995,0.0001015130546875298,0.11120489239692688,-0.10888800024986267,-0.0015832975041121244,-0.007106103003025055,0.023878127336502075,-0.03307931497693062,0.09067905694246292,-0.13115917146205902,0.052671682089567184
632,240.23999999999998,-2.6007440090179443,0.02261325716972351,0.012716804631054401,0.014999973708763718,0.01312247186899185,0.0018775018397718668,0.08913261443376541,0.08898009359836578,-0.016153333708643913,-0.02261325716972351,-0.014594306237995625,-0.012662136927247047,-0.01592092402279377,-0.012415080331265926,0.23270080983638763,0.22445718944072723,0.08473362773656845,0.08307426422834396,-0.012716804631054401,-0.0062749991193413734,-0.008250978775322437,-0.0005208115326240659,0.0634758472442627,0.05809257924556732,0.0038466400001198053,-0.002613283460959792,0.00540566723793745,0.0073378365486860275,0.0019482753705233335,0.004266878589987755,0.0,0.0,0.014999973708763718,0.014999973708763718,0.014999973475933074,0.014999973475933074,0.012869199393317102,0.01168195892125368,0.0,0.0,0.0,0.0,0.01312247186899185,0.0086128356680274,0.005199254145845771,0.0,0.19580674171447754,-0.07066074013710022,-0.00019928038818761706,0.11020852625370026,-0.1082056313753128,-0.0017941902624443173,-0.008966045454144478,0.023493453860282898,-0.03335519880056381,0.08921781927347183,-0.13177593052387238,0.05280408263206482
633,240.66,-2.6059353351593018,0.024914732202887535,0.01602405682206154,0.014999973475933074,0.013639124697074293,0.0013608487788587809,0.08694794774055481,0.08667995035648346,-0.018402617424726486,-0.024914732202887535,-0.017384905368089676,-0.015454348176717758,-0.009423577226698399,-0.006231985054910183,0.2325667142868042,0.22416312992572784,0.08170384913682938,0.07985316962003708,-0.01602405682206154,-0.009567923843860626,-0.010194488801062107,-0.0024471301585435867,0.06318448483943939,0.05775772035121918,0.001597355934791267,-0.0049147591926157475,0.0026150678750127554,0.004545625299215317,-0.00015339814126491547,0.002163270954042673,0.0,0.0,0.014999973359517752,0.014999973010271787,0.01499997324310243,0.014999973475933074,0.004270179085433483,0.003395256008952856,0.0,0.0,0.0,0.0,0.013639124697074293,0.009113549143075942,0.0050410906597971915,0.0,0.19303759932518005,-0.07221172749996185,-0.0012796700466424227,0.11291953921318054,-0.10933148115873337,-0.0022254525683820248,-0.007183975540101528,0.02247595600783825,-0.0347413495182991,0.08733050525188446,-0.13576412200927734,0.053596388548612595
634,241.07999999999998,-2.6111505031585693,0.02706959843635559,0.0189707912504673,0.014999974567326716,0.014038521844777278,0.0009614527225494385,0.0854819044470787,0.08509621024131775,-0.02052825689315796,-0.02706959843635559,-0.01993224397301674,-0.017941398546099663,-0.00290309963747859,7.887741958256811e-05,0.23276863992214203,0.22427093982696533,0.07900317013263702,0.07705837488174438,-0.0189707912504673,-0.012445756234228611,-0.011952132917940617,-0.0041220905259251595,0.06348670274019241,0.05803558975458145,-0.0005282838828861713,-0.007069624960422516,6.773059430997819e-05,0.002058575628325343,-0.002057773293927312,0.00033124058973044157,0.0,0.0,0.014999973010271787,0.014999973475933074,0.014999974567326716,0.014999974174425005,0.0,0.0,0.0,0.0,0.0,0.0,0.014038521844777278,0.009504331862553953,0.004894359624013305,0.0,0.19065576791763306,-0.07294456660747528,-0.0020831169094890356,0.11408042907714844,-0.10984629392623901,-0.0026348214596509933,-0.006195398513227701,0.02172483690083027,-0.0356711745262146,0.0854734405875206,-0.13828623294830322,0.05417626351118088
635,241.5,-2.6164708137512207,0.028641948476433754,0.020921984687447548,0.014999973941594361,0.014250998739153146,0.0007489752024412155,0.08703740686178207,0.08654090017080307,-0.022171666845679283,-0.028641948476433754,-0.021670959889888763,-0.01936924457550049,0.0038019081111997366,0.006988994311541319,0.23616962134838104,0.22770734131336212,0.07945346087217331,0.0776464119553566,-0.020921984687447548,-0.014088460244238377,-0.013303239829838276,-0.005103010218590498,0.06626919656991959,0.06087729334831238,-0.002171693369746208,-0.008641975000500679,-0.0016709859482944012,0.0006307284929789603,-0.0033779980149120092,-0.000615940720308572,0.0,0.0,0.014999973475933074,0.014999973475933074,0.014999973941594361,0.014999973068479448,0.0,0.0,0.0,0.0,0.0,0.0,0.014250998739153146,0.009719188737217336,0.0049252418149262666,0.0,0.18934616446495056,-0.0730314552783966,-0.002858358435332775,0.11467805504798889,-0.10964657366275787,-0.002983557991683483,-0.004198920447379351,0.021239006891846657,-0.03611914440989494,0.08384182304143906,-0.14002585411071777,0.0545458123087883
636,241.92,-2.621791124343872,0.030070390552282333,0.022771934047341347,0.014999973766971379,0.014401109078899025,0.0005988646880723536,0.0886274203658104,0.08803047239780426,-0.023677373304963112,-0.030070390552282333,-0.02337079867720604,-0.02075870707631111,0.010501286946237087,0.013894325122237206,0.239881694316864,0.23146840929985046,0.08038860559463501,0.07874713838100433,-0.022771934047341347,-0.015629583969712257,-0.009371249005198479,-0.004971707239747047,0.06914001703262329,0.0638125017285347,-0.003677399829030037,-0.010070417076349258,-0.003370824968442321,-0.0007587333093397319,-0.004668230190873146,-0.0015337204094976187,0.0,0.0,0.014999973475933074,0.014999973475933074,0.014999973708763718,0.014999973766971379,0.0,0.0,0.0,0.0,0.0,0.0,0.014401109078899025,0.009870850660372524,0.0,0.0,0.18878665566444397,-0.07317207753658295,-0.0034006733912974596,0.11499693989753723,-0.10940470546483994,-0.003250128822401166,-0.0031983910594135523,0.020848853513598442,-0.0364852212369442,0.08246371895074844,-0.1411861628293991,0.05483682081103325
637,242.34,-2.6270315647125244,0.03002360835671425,0.022403866052627563,0.014999974640086292,0.014381608115509151,0.0006183665245771408,0.0926429033279419,0.09187212586402893,-0.0235749538987875,-0.03002360835671425,-0.023022232577204704,-0.020628489553928375,0.011055054143071175,0.014450755901634693,0.2478349804878235,0.2393985539674759,0.08531613647937775,0.08386127650737762,-0.022403866052627563,-0.015490017831325531,-0.009239946492016315,-0.004745383281260729,0.07486072927713394,0.06948685646057129,-0.0035749792587012053,-0.010023634880781174,-0.003022257937118411,-0.0006285152048803866,-0.005982719827443361,-0.00311022880487144,0.0,0.0,0.014999974640086292,0.014999973475933074,0.014999974640086292,0.014999974349047988,0.0,0.0,0.0,0.0,0.0,0.0,0.014381608115509151,0.009861502626445143,0.0,0.0,0.19042831659317017,-0.07338443398475647,-0.00403949711471796,0.11588896811008453,-0.10880834609270096,-0.003375142114236951,-0.001801684033125639,0.020496588200330734,-0.03660454973578453,0.08129832148551941,-0.14235931634902954,0.05504441261291504
638,242.76,-2.632253646850586,0.029410967603325844,0.02141423523426056,0.014999973475933074,0.014275353988632559,0.0007246194873005152,0.0973547026515007,0.09641595184803009,-0.022890813648700714,-0.029410967603325844,-0.02213885448873043,-0.020087163895368576,0.010150021873414516,0.013489579781889915,0.2570577561855316,0.24858278036117554,0.09154314547777176,0.09027636796236038,-0.02141423523426056,-0.014849137514829636,-0.010660400614142418,-0.006110157817602158,0.08135794848203659,0.07592448592185974,-0.0028908406384289265,-0.009410994127392769,-0.0021388812456279993,-8.719044126337394e-05,-0.007248115725815296,-0.004786086734384298,0.0,0.0,0.014999973010271787,0.014999973475933074,0.01499997324310243,0.014999973454105201,0.0,0.0,0.0,0.0,0.0,0.0,0.014275353988632559,0.00976194707356626,0.0,0.0,0.19293531775474548,-0.07408186793327332,-0.004534045234322548,0.11684982478618622,-0.10829615592956543,-0.0033881112467497587,-0.000434764486271888,0.020211154595017433,-0.036730676889419556,0.0805620551109314,-0.1436641365289688,0.055276624858379364
639,243.17999999999998,-2.6374189853668213,0.028680166229605675,0.019921474158763885,0.014999974407255649,0.014145396130625158,0.000854578276630491,0.09968094527721405,0.09849552065134048,-0.022040080279111862,-0.028680166229605675,-0.02077605202794075,-0.018965154886245728,0.008132558315992355,0.011484909802675247,0.26493650674819946,0.25651484727859497,0.09547019749879837,0.09424358606338501,-0.019921474158763885,-0.0136027866974473,-0.012590994127094746,-0.007912403903901577,0.08713807910680771,0.08160467445850372,-0.0020401058718562126,-0.0086801927536726,-0.000776078028138727,0.0010348187061026692,-0.008220328949391842,-0.006047253031283617,0.0,0.0,0.014999974407255649,0.014999973475933074,0.014999973999802022,0.014999973592348396,0.0,0.0,0.0,0.0,0.0,0.0,0.014145396130625158,0.009637605403549968,0.0,0.0,0.19593468308448792,-0.07513763010501862,-0.004795095417648554,0.11734737455844879,-0.107725128531456,-0.0034391118679195642,0.00012226708349771798,0.01993638649582863,-0.036962419748306274,0.07965242862701416,-0.14480504393577576,0.05551980435848236
640,243.6,-2.642509698867798,0.040196094661951065,0.029963314533233643,0.027222205772995948,0.026209637760184704,0.0010125680128112435,0.09036079049110413,0.08937598019838333,-0.033364664763212204,-0.040196094661951065,-0.030975880101323128,-0.02927328832447529,0.004621323198080063,0.008087918162345886,0.25719568133354187,0.250316321849823,0.08848388493061066,0.08837460726499557,-0.029963314533233643,-0.023759737610816956,-0.015371247194707394,-0.01046180259436369,0.09187213331460953,0.08617927879095078,-0.0011424623662605882,-0.007973888888955116,0.0012463232269510627,0.002948915818706155,-0.00878297071903944,-0.006739859469234943,0.0,0.0,0.027222202396951615,0.027222205772995948,0.02722220332827419,0.027222204143181442,0.0,0.0,0.0,0.0,0.0,0.0,0.026209637760184704,0.02170865342952311,0.0015882764756679534,0.0,0.19923102855682373,-0.07617399096488953,-0.0048543354496359825,0.11738096177577972,-0.10697842389345169,-0.0035925847478210926,-0.00018064407049678266,0.0197143517434597,-0.037233252078294754,0.07853282243013382,-0.14546218514442444,0.05574950575828552
641,244.01999999999998,-2.6475915908813477,0.03925735875964165,0.027780339121818542,0.0272222039103508,0.02624105744063854,0.0009811464697122574,0.08965873718261719,0.0882360190153122,-0.03226543217897415,-0.03925735875964165,-0.0287614855915308,-0.027156643569469452,0.0014400227228179574,0.005011389032006264,0.25661200284957886,0.2548184394836426,0.08792689442634583,0.08766762912273407,-0.027780339121818542,-0.021723680198192596,-0.01751101203262806,-0.01236809603869915,0.09674946218729019,0.09092286229133606,-4.3229640141362324e-05,-0.00703515624627471,0.0034607183188199997,0.00506555987522006,-0.009024505503475666,-0.007098695263266563,0.002090725004673004,0.0,0.02722220253883279,0.027222202513366937,0.0272222039103508,0.02722220344468951,0.0,0.0,0.0,0.0,0.0,0.0,0.02624105744063854,0.021789240073412656,0.0034865065291523932,0.00026940077543258657,0.20055362582206726,-0.07568587362766266,-0.005139589309692383,0.11830156296491623,-0.1061980202794075,-0.0036065662279725075,-0.0005150357610546052,0.01864638738334179,-0.037423886358737946,0.07671990990638733,-0.14712592959403992,0.055934712290763855
642,244.44,-2.652498722076416,0.03630738705396652,0.024136746302247047,0.027222204841673373,0.026276023015379905,0.0009461818262934685,0.09066272526979446,0.08873555809259415,-0.029396887868642807,-0.03630738705396652,-0.02508292719721794,-0.02332235313951969,0.005566015839576721,0.009137500077486038,0.25753054022789,0.25554120540618896,0.08874151855707169,0.08809708803892136,-0.024136746302247047,-0.017961453646421432,-0.013256391510367393,-0.008077542297542095,0.10343314707279205,0.0976743996143341,0.002825316274538636,-0.00408518360927701,0.007139276713132858,0.008899851702153683,-0.005214768927544355,-0.0031020790338516235,0.007770421802997589,0.00393884152173996,0.027222204143181442,0.02722220344468951,0.0272222039103508,0.027222204841673373,0.0,0.0,0.0,0.0,0.0,0.0,0.026276023015379905,0.021861305348575114,0.003041622582823038,0.0,0.20238137245178223,-0.07528883218765259,-0.0052410755306482315,0.11968888342380524,-0.10549696534872055,-0.0035571358166635036,-0.0001449140690965578,0.017909076064825058,-0.03742513060569763,0.07559102028608322,-0.14801561832427979,0.055988069623708725
643,244.85999999999999,-2.6574060916900635,0.03318934887647629,0.020398791879415512,0.027222204841673373,0.026247648410499095,0.0009745564311742783,0.09256117045879364,0.09015882015228271,-0.026374822482466698,-0.03318934887647629,-0.02137334831058979,-0.019457193091511726,0.009679134003818035,0.013253318145871162,0.26059800386428833,0.25846341252326965,0.09176906943321228,0.09082353115081787,-0.020398791879415512,-0.014111173339188099,-0.009094484150409698,-0.0038890650030225515,0.11019701510667801,0.10451824218034744,0.005847381893545389,-0.000967146479524672,0.010848856531083584,0.012765011750161648,-0.0013772323727607727,0.000922153820283711,0.012635844647884368,0.009359422028064727,0.027222204376012086,0.027222202396951615,0.027222204841673373,0.027222204841673373,0.0,0.0,0.0,0.0,0.0,0.0,0.026247648410499095,0.021876185089349746,0.0027172517776489257,0.0,0.2064511924982071,-0.07508626580238342,-0.005047099199146032,0.12241767346858978,-0.10514199733734131,-0.0033732838928699493,0.0001336527639068663,0.017309708520770073,-0.03724600374698639,0.07483547180891037,-0.14854656159877777,0.0558696873486042
644,245.28,-2.6621007919311523,0.029454218223690987,0.016674822196364403,0.0272222039103508,0.026090931966900825,0.001131271943449974,0.09634707123041153,0.09352301061153412,-0.02262379229068756,-0.029454218223690987,-0.017806094139814377,-0.015883365646004677,0.008554930798709393,0.012041153386235237,0.26670485734939575,0.26447901129722595,0.09789343178272247,0.0967559963464737,-0.016674822196364403,-0.01043638028204441,-0.010392987169325352,-0.005217155907303095,0.11745099723339081,0.11175897717475891,0.009598411619663239,0.0027679854538291693,0.014416109770536423,0.016338838264346123,0.0012119195889681578,0.0035191935021430254,0.016103926002979278,0.013235966563224792,0.0272222039103508,0.027222203677520155,0.0272222039103508,0.0272222039103508,0.0,0.0,0.0,0.0,0.0,0.0,0.026090931966900825,0.021775218546390532,0.006604906758293509,0.00373634940944612,0.21239052712917328,-0.07521487772464752,-0.004752667620778084,0.12605223059654236,-0.10504098236560822,-0.003072053426876664,0.000873297918587923,0.01674911379814148,-0.03695165738463402,0.07411149144172668,-0.14916066825389862,0.05571022629737854
645,245.7,-2.6666884422302246,0.025317357853055,0.015123182907700539,0.02722220530733466,0.025812631361186503,0.0014095739461481571,0.10125566273927689,0.09805087745189667,-0.01842818781733513,-0.025317357853055,-0.014227105304598808,-0.012369771488010883,0.004803394433110952,0.008155661635100842,0.27358371019363403,0.271283894777298,0.10479795932769775,0.1035088300704956,-0.012817532755434513,-0.006704072002321482,-0.015123182907700539,-0.008856856264173985,0.1249975636601448,0.11925659328699112,0.013794017024338245,0.006904847454279661,0.01799509860575199,0.01985243335366249,0.00326263508759439,0.005491435527801514,0.01874190092086792,0.01620571583509445,0.027222204841673373,0.02722220530733466,0.0272222039103508,0.027222204841673373,0.0,0.0,0.0,0.0,0.0,0.0,0.025812631361186503,0.02155650535598397,0.013385817995294928,0.009348291791975497,0.2180696278810501,-0.07565901428461075,-0.00455145537853241,0.12985485792160034,-0.10513291507959366,-0.0027046261820942163,0.0028893419075757265,0.016279298812150955,-0.03671000897884369,0.07342572510242462,-0.14993348717689514,0.05556724593043327
646,246.12,-2.6711912155151367,0.021483400836586952,0.01402429398149252,0.027222204841673373,0.025468173325061797,0.001754031516611576,0.10602935403585434,0.10246625542640686,-0.014583805575966835,-0.021483400836586952,-0.010936806909739971,-0.009077850729227066,0.0015290719456970692,0.004776498302817345,0.27924200892448425,0.2768831253051758,0.11047470569610596,0.10906720906496048,-0.009182775393128395,-0.0031253753695636988,-0.01402429398149252,-0.006755413021892309,0.1321776658296585,0.12642799317836761,0.017638398334383965,0.010738803073763847,0.021285397931933403,0.023144353181123734,0.005362761206924915,0.007593507878482342,0.021148311793804168,0.018961737751960753,0.0272222039103508,0.0272222039103508,0.027222204841673373,0.0272222039103508,0.0,0.0,0.0,0.0,0.0,0.0,0.025468173325061797,0.02126972855068743,0.014387055188417434,0.00934892090037465,0.2228981852531433,-0.07624925673007965,-0.004402323625981808,0.13343188166618347,-0.10522790253162384,-0.002347505185753107,0.005850469693541527,0.015927650034427643,-0.036563653498888016,0.0726860836148262,-0.15059107542037964,0.055401936173439026
647,246.54,-2.6754815578460693,0.018659481778740883,0.01188300084322691,0.027222204841673373,0.025156347434967755,0.002065857406705618,0.10981521755456924,0.10588902235031128,-0.011832153424620628,-0.018659481778740883,-0.008558946661651134,-0.006536534521728754,-0.0005310658016242087,0.0026871724985539913,0.2831995189189911,0.28081876039505005,0.11447054147720337,0.11302901804447174,-0.006493089254945517,-0.0003251092857681215,-0.01188300084322691,-0.004481425043195486,0.13832424581050873,0.13263480365276337,0.02039005048573017,0.013562723062932491,0.02366325818002224,0.025685669854283333,0.007390545681118965,0.009817440994083881,0.023509028255939483,0.021745781302452086,0.0272222039103508,0.027222204841673373,0.027222204841673373,0.027222204376012086,0.0029216114827431737,0.00213026849552989,0.0,0.0,0.0,0.0,0.025156347434967755,0.021010779140051453,0.014273546524345874,0.009298866037279366,0.22820834815502167,-0.07708209753036499,-0.004083210602402687,0.13660874962806702,-0.10515421628952026,-0.002041452331468463,0.008210164494812489,0.01563434489071369,-0.03644357621669769,0.07200536131858826,-0.15119569003582,0.05520901829004288
648,246.95999999999998,-2.679771661758423,0.015627145767211914,0.009604948572814465,0.027222204841673373,0.024820155119523405,0.002402049722149968,0.11432622373104095,0.11005499958992004,-0.00888699758797884,-0.015627145767211914,-0.0061043682508170605,-0.0039175814017653465,-0.002601882442831993,0.0005926296580582857,0.28739622235298157,0.2850031852722168,0.11870367079973221,0.11723973602056503,-0.0037023199256509542,0.0025767141487449408,-0.009604948572814465,-0.002070107962936163,0.14457546174526215,0.1389586627483368,0.023335207253694534,0.016595058143138885,0.026117835193872452,0.028304623439908028,0.009494474157691002,0.012118618004024029,0.02524923801422119,0.023903663158416747,0.027222204841673373,0.0272222039103508,0.02722220344468951,0.027222204841673373,0.007096356600522995,0.006525988345965743,0.0,0.0,0.0,0.0,0.024820155119523405,0.020727909291163086,0.014099422730505465,0.00918872596696019,0.23347246646881104,-0.07803834229707718,-0.0037400785367935896,0.13979357481002808,-0.10525244474411011,-0.001693138387054205,0.010405423119664192,0.015302484855055809,-0.036303624510765076,0.07147510349750519,-0.15199865400791168,0.05504266545176506
649,247.38,-2.6837575435638428,0.02619701810181141,0.02038915641605854,0.0394444352760911,0.036802356950938704,0.002642078325152397,0.10496528446674347,0.10042037814855576,-0.019561536610126495,-0.02619701810181141,-0.017047734931111336,-0.014696273021399975,-0.003979578614234924,-0.0008065439178608358,0.2784653306007385,0.27632632851600647,0.11033307015895844,0.10969343036413193,-0.014405657537281513,-0.008012036792933941,-0.02038915641605854,-0.012716812081634998,0.14865131676197052,0.14312174916267395,0.02488289773464203,0.018247416242957115,0.02739669941365719,0.029748162254691124,0.010751667432487011,0.013573422096669674,0.03868603229522705,0.0377013710141182,0.03944443434476853,0.03944443434476853,0.03944443434476853,0.0394444352760911,0.009731246046721934,0.009379966014530509,0.0,0.0,0.0,0.0,0.036802356950938704,0.03276019904762507,0.02614082384854555,0.02129023417830467,0.23843592405319214,-0.07912105321884155,-0.0032935403287410736,0.14269506931304932,-0.10551340132951736,-0.0013604463310912251,0.012067189440131187,0.014917789027094841,-0.036196500062942505,0.07097174972295761,-0.15286612510681152,0.0549074187874794
650,247.79999999999998,-2.687711477279663,0.024528777226805687,0.019016161561012268,0.039444436207413676,0.036809877380728724,0.0026345588266849518,0.10822947323322296,0.10324203222990036,-0.0180074293166399,-0.024528777226805687,-0.015842752531170845,-0.013325723819434643,-0.005291704088449478,-0.002136381110176444,0.27755290269851685,0.2754420340061188,0.10913853347301483,0.10839332640171051,-0.013208193704485893,-0.006742788944393396,-0.019016161561012268,-0.011257676407694817,0.1526038646697998,0.14716941118240356,0.026437006890773773,0.019915657117962837,0.02860168367624283,0.031118711456656456,0.011969252489507198,0.014989686198532581,0.039374391436576846,0.03892737895250321,0.039444436207413676,0.03944443434476853,0.039444436207413676,0.0394444352760911,0.012260956577956676,0.012126067308709024,0.0,0.0,0.0,0.0,0.036809877380728724,0.032861500401049855,0.025985414050519465,0.021247362606227397,0.23961801826953888,-0.07796749472618103,-0.003336225636303425,0.14591532945632935,-0.10530590265989304,-0.0010742152808234096,0.014430781826376915,0.013752840459346771,-0.03608081489801407,0.06869076937437057,-0.15388666093349457,0.054680921137332916
651,248.22,-2.6915156841278076,0.023078234866261482,0.018222635611891747,0.0394444352760911,0.036888661682605746,0.0025557735934853554,0.11107736080884933,0.1056104376912117,-0.016514413058757782,-0.023078234866261482,-0.015223677270114422,-0.01256206352263689,-0.006934502627700567,-0.003831110429018736,0.27603232860565186,0.2737846374511719,0.10722548514604568,0.10605017095804214,-0.012667903676629066,-0.006146509665995836,-0.018222635611891747,-0.01039696205407381,0.15552179515361786,0.15005193650722504,0.027930021286010742,0.021366199478507042,0.029220758005976677,0.03188237175345421,0.012599172070622444,0.015793107450008392,0.03944443434476853,0.03944149881601334,0.03944443434476853,0.03944443434476853,0.0394444352760911,0.0394444352760911,0.01453367469832301,0.014624217879027127,0.0,0.0,0.0,0.0,0.036888661682605746,0.03302888141945005,0.02582180768251419,0.021190069504082202,0.24211525917053223,-0.07704206556081772,-0.0031005097553133965,0.1488756537437439,-0.10500144958496094,-0.0008600730216130614,0.015602702274918556,0.012728061527013779,-0.035867005586624146,0.06642304360866547,-0.15415945649147034,0.05438161641359329
652,248.64,-2.695183277130127,0.021780947223305702,0.01796620711684227,0.039444441795349124,0.03701327171176672,0.0024311700835824013,0.11313467472791672,0.10751165449619293,-0.015033328905701637,-0.021780947223305702,-0.015125803649425507,-0.012337131425738335,-0.008879417553544044,-0.005859998054802418,0.2736426293849945,0.2710915505886078,0.10446066409349442,0.10249175131320953,-0.012694641016423702,-0.006128897424787283,-0.01796620711684227,-0.010087315924465656,0.15757910907268524,0.15195609629154205,0.029411105439066887,0.022663487121462822,0.029318630695343018,0.03210730478167534,0.01270689070224762,0.016053296625614166,0.03944443434476853,0.039444441795349124,0.03944443434476853,0.03944443434476853,0.03944443434476853,0.039444436207413676,0.016586308255791663,0.016913294680416583,0.0,0.0,0.0,0.0,0.03701327171176672,0.033236202206462624,0.02567309781908989,0.02114061255007982,0.24515695869922638,-0.07617305219173431,-0.0027227289974689484,0.15151849389076233,-0.10461529344320297,-0.00070919468998909,0.016049308702349663,0.011833297088742256,-0.03559722751379013,0.06421411782503128,-0.1539192795753479,0.054052215069532394
653,249.06,-2.698827028274536,0.020416097715497017,0.017647361382842064,0.0394444352760911,0.03706356313079596,0.002380872145295143,0.1152011901140213,0.10945290327072144,-0.013518152758479118,-0.020416097715497017,-0.01506445836275816,-0.012133168987929821,-0.010577352717518806,-0.007628527469933033,0.27149102091789246,0.26865050196647644,0.1021583080291748,0.09935636818408966,-0.012683586217463017,-0.006049044895917177,-0.017647361382842064,-0.009685912169516087,0.15964561700820923,0.15389733016490936,0.030926281586289406,0.024028336629271507,0.02937997691333294,0.03231126442551613,0.012899884954094887,0.016417432576417923,0.03944442689418793,0.03944442689418793,0.03944443434476853,0.03944443434476853,0.0394444352760911,0.03944443341344595,0.018477237671613692,0.019045960046350955,0.0,0.0,0.0,0.0,0.03706356313079596,0.03336030932143331,0.02554724633693695,0.02110334474593401,0.24807032942771912,-0.07523354887962341,-0.0023703044280409813,0.15415576100349426,-0.10433332622051239,-0.0005606146878562868,0.01642291247844696,0.011129855178296566,-0.03528726100921631,0.06242320314049721,-0.15347860753536224,0.05372347682714462
654,249.48,-2.702324628829956,0.01976240798830986,0.017174826934933662,0.039444436207413676,0.037032890021801,0.0024115461856126785,0.11626769602298737,0.11051997542381287,-0.012865142896771431,-0.01976240798830986,-0.015560034662485123,-0.012407840229570866,-0.010759981349110603,-0.00781284086406231,0.2686176598072052,0.26558127999305725,0.09936875104904175,0.09581797569990158,-0.013148490339517593,-0.006356142461299896,-0.017174826934933662,-0.009024009108543396,0.1607121229171753,0.1549644023180008,0.03157929331064224,0.024682026356458664,0.0288843996822834,0.03203659504652023,0.013264043256640434,0.017046675086021423,0.03944442689418793,0.03944442689418793,0.039444436207413676,0.03944443434476853,0.03944443434476853,0.0394444352760911,0.019024024605751037,0.01985951595008373,0.0,0.0,0.0,0.0,0.037032890021801,0.03339273750782013,0.025438870191574096,0.02107068419456482,0.2503671646118164,-0.07436347007751465,-0.0020426649134606123,0.15682072937488556,-0.10437122732400894,-0.0003722950932569802,0.0168214850127697,0.01054629497230053,-0.03497893363237381,0.06118834391236305,-0.15312494337558746,0.05344102159142494
655,249.89999999999998,-2.705822706222534,0.01893317699432373,0.017047105357050896,0.039444441795349124,0.03653875820338726,0.0029056835919618607,0.11750654876232147,0.11176041513681412,-0.012037811800837517,-0.01893317699432373,-0.01601005531847477,-0.01263615395873785,-0.01095111295580864,-0.008002093061804771,0.26772210001945496,0.2645493447780609,0.09873735904693604,0.09458696097135544,-0.013104379177093506,-0.006224663928151131,-0.017047105357050896,-0.008791446685791016,0.1619509905576706,0.15620484948158264,0.03240662440657616,0.025511257350444794,0.028434379026293755,0.0318082794547081,0.013673128560185432,0.017721811309456825,0.039444441795349124,0.03944443434476853,0.039444436207413676,0.03944443434476853,0.03944443434476853,0.03944443341344595,0.01962424151599407,0.020723904371261596,0.0,0.0,0.0,0.0,0.03653875820338726,0.03303294338285923,0.025720233917236327,0.02151325799524784,0.2530399262905121,-0.07239980250597,-0.003076193854212761,0.16356593370437622,-0.10321100056171417,0.0005858708173036575,0.022481370717287064,0.010093118995428085,-0.03224172815680504,0.059519797563552856,-0.1522553712129593,0.052754342555999756
656,250.32,-2.7093441486358643,0.01909579150378704,0.01703876629471779,0.03944443434476853,0.035761102922260764,0.003683331422507763,0.11668603867292404,0.11097239702939987,-0.012239422649145126,-0.01909579150378704,-0.015775321051478386,-0.012348581105470657,-0.009282853454351425,-0.0063630747608840466,0.26541849970817566,0.26207494735717773,0.09696884453296661,0.09213151782751083,-0.012091989628970623,-0.005233344621956348,-0.01703876629471779,-0.008808393031358719,0.16113047301769257,0.1554168313741684,0.0322050116956234,0.025348642840981483,0.028669113293290138,0.03209585323929787,0.013884661719202995,0.01799675077199936,0.03944443434476853,0.03944443434476853,0.03944443434476853,0.03944443434476853,0.03944443434476853,0.03944443434476853,0.01816751517355442,0.019359825532883405,0.0,0.0,0.0,0.0,0.035761102922260764,0.03232919786125422,0.025923428013920783,0.021805143803358077,0.2521868646144867,-0.0712745189666748,-0.003843815065920353,0.1695811152458191,-0.10428618639707565,0.0015821217093616724,0.028095882385969162,0.009832564741373062,-0.030633091926574707,0.06023135781288147,-0.15259265899658203,0.05251943692564964
657,250.73999999999998,-2.7128727436065674,0.019583161920309067,0.017059924080967903,0.039444436207413676,0.035027650073170664,0.0044167861342430115,0.11519778519868851,0.10952743887901306,-0.012778742238879204,-0.019583161920309067,-0.015332729555666447,-0.011905999854207039,-0.0070317890495061874,-0.004151714965701103,0.2626519501209259,0.2591468095779419,0.09500298649072647,0.08949436247348785,-0.01091594435274601,-0.0041029565036296844,-0.017059924080967903,-0.008884339593350887,0.15964221954345703,0.153971865773201,0.03166569396853447,0.024861272424459457,0.029111705720424652,0.032538436353206635,0.01402862649410963,0.018140701577067375,0.03944443434476853,0.03944442689418793,0.039444436207413676,0.03944443434476853,0.0394444352760911,0.039444436207413676,0.016060415543615817,0.017292416542768477,0.0,0.0,0.0,0.0,0.035027650073170664,0.03164139285683632,0.026088550575077533,0.02202504117041826,0.2509111762046814,-0.07032967358827591,-0.004331879783421755,0.1742880940437317,-0.10563816875219345,0.0023664291948080063,0.03260514885187149,0.009781766682863235,-0.029561813920736313,0.06116855889558792,-0.15260086953639984,0.05233233422040939
658,251.16,-2.716346263885498,0.019548743963241577,0.017135193571448326,0.039444441795349124,0.03453482024371624,0.004909621551632881,0.11410703510046005,0.10848912596702576,-0.012807254679501057,-0.019548743963241577,-0.01513607520610094,-0.011678396724164486,-0.006616773083806038,-0.003822148311883211,0.25940823554992676,0.25571879744529724,0.09322530031204224,0.08688405901193619,-0.010226460173726082,-0.003429003758355975,-0.017135193571448326,-0.008978246711194515,0.15855146944522858,0.15293356776237488,0.03163718059659004,0.024895692244172096,0.029308360069990158,0.032766036689281464,0.014009629376232624,0.018158843740820885,0.03944443434476853,0.039444441795349124,0.0394444352760911,0.039444436207413676,0.0394444352760911,0.03944443341344595,0.01562640246003866,0.016980992052704095,0.0,0.0,0.0,0.0,0.03453482024371624,0.031195040447637438,0.02614482294768095,0.0221370904520154,0.2519282400608063,-0.06925013661384583,-0.004564783535897732,0.1774294078350067,-0.10579782724380493,0.0027556060813367367,0.03559517487883568,0.00976057443767786,-0.02862539514899254,0.06054559722542763,-0.15160727500915527,0.05198224261403084
659,251.57999999999998,-2.7197306156158447,0.018476806581020355,0.01729189045727253,0.039444436207413676,0.03425341553986073,0.005191020667552948,0.11385821551084518,0.10830264538526535,-0.011810122057795525,-0.018476806581020355,-0.01530367136001587,-0.01176260132342577,-0.009182307869195938,-0.006546701304614544,0.25558534264564514,0.25165045261383057,0.09229939430952072,0.08492868393659592,-0.01011265255510807,-0.0032950048334896564,-0.01729189045727253,-0.009110712446272373,0.1583026498556137,0.15274707973003387,0.03263431414961815,0.02596762776374817,0.029140762984752655,0.03268183395266533,0.013761560432612896,0.01801084354519844,0.03944443434476853,0.03944443434476853,0.039444436207413676,0.03944443434476853,0.03944443434476853,0.0394444352760911,0.017943868301808833,0.019557544849812983,0.0,0.0,0.0,0.0,0.03425341553986073,0.030976838786154984,0.026053450889885425,0.022121555991470813,0.2555045783519745,-0.06790851801633835,-0.004567040596157312,0.1793607473373413,-0.10455399751663208,0.002816196996718645,0.03734598308801651,0.009612435474991798,-0.027645118534564972,0.05810278654098511,-0.14964869618415833,0.051393210887908936
660,252.0,-2.7231147289276123,0.029312454164028168,0.029559658840298653,0.0516666666418314,0.046103875041008,0.005562791600823402,0.10169016569852829,0.09619222581386566,-0.022714925929903984,-0.029312454164028168,-0.027636459097266197,-0.024008775129914284,-0.011743225157260895,-0.009265578351914883,0.2403317093849182,0.2362363189458847,0.0796610563993454,0.07232094556093216,-0.022073669359087944,-0.015230479650199413,-0.029559658840298653,-0.021347831934690475,0.15835683047771454,0.1528588831424713,0.033951740711927414,0.02735421061515808,0.02903020568192005,0.032657887786626816,0.013571391813457012,0.017924612388014793,0.05166666477918625,0.051666657328605654,0.0516666666418314,0.05166666477918625,0.05166666477918625,0.0516666629165411,0.020314616970717906,0.022190190739929675,0.0,0.0,0.0,0.0,0.046103875041008,0.04288836743682623,0.03813105065375567,0.03427244432270527,0.2584509253501892,-0.06674205511808395,-0.00451489444822073,0.1817092001438141,-0.1039072647690773,0.0029800364281982183,0.03908576816320419,0.009397708810865879,-0.026869533583521843,0.05627305433154106,-0.14809466898441315,0.05083277076482773
661,252.42,-2.7265431880950928,0.030510064214468002,0.029643474146723747,0.05166666477918625,0.04559725232422352,0.00606941245496273,0.09758812934160233,0.09221111983060837,-0.02405766025185585,-0.030510064214468002,-0.027594642713665962,-0.023967662826180458,-0.012861552648246288,-0.010565894655883312,0.23148579895496368,0.2271706759929657,0.07444259524345398,0.06736613065004349,-0.021525230258703232,-0.014782420359551907,-0.029643474146723747,-0.021552102640271187,0.15425479412078857,0.14887778460979462,0.0326090045273304,0.026156600564718246,0.029072022065520287,0.03269900009036064,0.01337308157235384,0.01772545650601387,0.05166666477918625,0.05166666477918625,0.05166666477918625,0.05166666477918625,0.05166666477918625,0.0516666629165411,0.021234634220600127,0.02329135116189718,0.0,0.0,0.0,0.0,0.04559725232422352,0.04248142044991255,0.03801655571907759,0.03427755914628506,0.2540034055709839,-0.06331770122051239,-0.005057317670434713,0.18598657846450806,-0.10460337996482849,0.003539802972227335,0.04257878288626671,0.00826737005263567,-0.02636467106640339,0.054747678339481354,-0.14755463600158691,0.050299741327762604
662,252.84,-2.7299718856811523,0.0314977690577507,0.02973305806517601,0.05166667222976685,0.04502287775278092,0.006643794476985931,0.09361721575260162,0.08836924284696579,-0.025200199335813522,-0.0314977690577507,-0.02752010151743889,-0.023891881108283997,-0.013972613960504532,-0.011858867481350899,0.2237495332956314,0.21924899518489838,0.06987983733415604,0.06307221204042435,-0.020876312628388405,-0.01422242820262909,-0.02973305806517601,-0.021748395636677742,0.15028388798236847,0.14503590762615204,0.031466465443372726,0.025168895721435547,0.02914656512439251,0.03277478367090225,0.013207994401454926,0.017561858519911766,0.05166667222976685,0.05166666477918625,0.05166666477918625,0.05166666477918625,0.0516666666418314,0.05166666477918625,0.022180608361959456,0.024420726001262664,0.0,0.0,0.0,0.0,0.04502287775278092,0.041997211873531344,0.03794105246663094,0.03431025415658951,0.2510319948196411,-0.0602518767118454,-0.005389859434217215,0.19003236293792725,-0.10525868833065033,0.004066388122737408,0.04563906043767929,0.0074828919023275375,-0.02580556645989418,0.05344058573246002,-0.14619386196136475,0.04958704113960266
663,253.26,-2.7334492206573486,0.03273865208029747,0.029633259400725365,0.05166667222976685,0.0443173748254776,0.007349297404289246,0.08907017111778259,0.08394569903612137,-0.026589281857013702,-0.03273865208029747,-0.027221573516726494,-0.02359119988977909,-0.014908631332218647,-0.012957418337464333,0.21594154834747314,0.21125242114067078,0.06506872177124023,0.05848999693989754,-0.019872283563017845,-0.013291580602526665,-0.029633259400725365,-0.02173641510307789,0.14573684334754944,0.14061236381530762,0.030077384784817696,0.02392801269888878,0.029445091262459755,0.03307546675205231,0.013219988904893398,0.017576439306139946,0.05166667222976685,0.05166666477918625,0.0516666666418314,0.05166666477918625,0.05166666477918625,0.0516666666418314,0.023128620237112044,0.025533857643604278,0.0,0.0,0.0,0.0,0.0443173748254776,0.041367047354578974,0.037853248305618765,0.03431285440921784,0.24837210774421692,-0.05761929228901863,-0.005602683871984482,0.1938605010509491,-0.10619615018367767,0.004598863422870636,0.048488035798072815,0.0069765858352184296,-0.02531212940812111,0.05277028679847717,-0.14459384977817535,0.048860564827919006
664,253.67999999999998,-2.7369561195373535,0.034042272716760635,0.02940520830452442,0.05166667222976685,0.04351612821221352,0.00815054401755333,0.08421517163515091,0.07921631634235382,-0.02804364450275898,-0.034042272716760635,-0.026774389669299126,-0.02314101718366146,-0.015734313055872917,-0.013933656737208366,0.20825321972370148,0.20338456332683563,0.06016746535897255,0.05380101874470711,-0.018623851239681244,-0.012104138731956482,-0.02940520830452442,-0.021581552922725677,0.14088183641433716,0.13588298857212067,0.02862302027642727,0.022624392062425613,0.029892276972532272,0.03352564945816994,0.013351948000490665,0.01771199330687523,0.05166666477918625,0.05166667222976685,0.05166666477918625,0.05166666477918625,0.0516666666418314,0.0516666666418314,0.02408626105636358,0.026645650044083594,0.0,0.0,0.0,0.0,0.04351612821221352,0.04062978819012642,0.03775715630501509,0.03429354622960091,0.24604462087154388,-0.055255260318517685,-0.005728772841393948,0.19737309217453003,-0.1071804016828537,0.0051133898086845875,0.051213592290878296,0.00669502466917038,-0.0248345248401165,0.052470613270998,-0.14274714887142181,0.04811989516019821
665,254.1,-2.740471839904785,0.0349673330783844,0.029181739315390587,0.05166666477918625,0.04268430255353451,0.008982362225651741,0.07986114919185638,0.07498788088560104,-0.029119417071342468,-0.0349673330783844,-0.026356296613812447,-0.022716524079442024,-0.016423996537923813,-0.014767179265618324,0.20171920955181122,0.19670307636260986,0.05590598285198212,0.04975929856300354,-0.017373934388160706,-0.01090448908507824,-0.029181739315390587,-0.021418405696749687,0.13652780652046204,0.1316545456647873,0.02754724770784378,0.02169933170080185,0.030310368165373802,0.033950138837099075,0.013496805913746357,0.01786453276872635,0.051666657328605654,0.05166666477918625,0.05166666477918625,0.05166666477918625,0.05166666477918625,0.0516666629165411,0.02492080245167017,0.027631712034344672,0.0,0.0,0.0,0.0,0.04268430255353451,0.03985462792217732,0.037678545229136946,0.03428293846547604,0.2444104552268982,-0.052998632192611694,-0.005791957024484873,0.20049989223480225,-0.10787465423345566,0.005578836426138878,0.05384165793657303,0.006603819318115711,-0.02430495247244835,0.052196089178323746,-0.1405503749847412,0.04733492434024811
666,254.51999999999998,-2.7440173625946045,0.035226479172706604,0.029031988233327866,0.0516666666418314,0.041877559274435046,0.009789107367396355,0.07680224627256393,0.07202757149934769,-0.029496876522898674,-0.035226479172706604,-0.026102883741259575,-0.022448912262916565,-0.016695400699973106,-0.015161211602389812,0.1972089409828186,0.1922629475593567,0.05301349237561226,0.04707830399274826,-0.01631377823650837,-0.009879847057163715,-0.029031988233327866,-0.02131127193570137,0.13346891105175018,0.12869423627853394,0.027169790118932724,0.021440187469124794,0.030563781037926674,0.034217752516269684,0.013610130175948143,0.017994893714785576,0.05166666477918625,0.05166666477918625,0.0516666666418314,0.0516666666418314,0.05166666477918625,0.05166666477918625,0.02530553087592125,0.028156105317175387,0.0,0.0,0.0,0.0,0.041877559274435046,0.0390975995734334,0.03764211840927601,0.03430616565048695,0.24360764026641846,-0.05081918090581894,-0.0058160992339253426,0.20322194695472717,-0.1081293374300003,0.005981313064694405,0.056336190551519394,0.006689900532364845,-0.023720065131783485,0.051859356462955475,-0.1380583494901657,0.04652121290564537
667,254.94,-2.7475626468658447,0.0353444442152977,0.02881346270442009,0.05166667222976685,0.04106516938656569,0.01060150284320116,0.07383382320404053,0.0691627785563469,-0.02973918616771698,-0.0353444442152977,-0.025826390832662582,-0.022157005965709686,-0.016961874440312386,-0.015550179407000542,0.19270198047161102,0.18792125582695007,0.050199028104543686,0.04446215555071831,-0.015224895440042019,-0.008813888765871525,-0.02881346270442009,-0.021120253950357437,0.13050049543380737,0.12582944333553314,0.02692747861146927,0.0213222224265337,0.030840273946523666,0.03450965881347656,0.013746812008321285,0.018150074407458305,0.05166667222976685,0.05166666477918625,0.05166666477918625,0.0516666666418314,0.05166666477918625,0.05166666477918625,0.02570868644863367,0.028700253814458846,0.0,0.0,0.0,0.0,0.04106516938656569,0.03832354757934809,0.03756027471274138,0.034270328357815745,0.24296118319034576,-0.048945628106594086,-0.00582160847261548,0.2055181860923767,-0.10832040011882782,0.006323894485831261,0.058570414781570435,0.006858904846012592,-0.02320253849029541,0.051715604960918427,-0.1357501745223999,0.04581087827682495
668,255.35999999999999,-2.751159191131592,0.03572386875748634,0.0285717211663723,0.0516666666418314,0.04029205057770014,0.01137461606413126,0.06951422244310379,0.06493841856718063,-0.030232904478907585,-0.03572386875748634,-0.02571200579404831,-0.022013964131474495,-0.018157314509153366,-0.016836801543831825,0.18612948060035706,0.18146327137947083,0.046189505606889725,0.040590059012174606,-0.014337391592562199,-0.007932208478450775,-0.0285717211663723,-0.02088550105690956,0.12618088722229004,0.12160508334636688,0.026433760300278664,0.020942794159054756,0.03095465898513794,0.0346527025103569,0.013806345872581005,0.018243998289108276,0.05166666477918625,0.05166666477918625,0.05166666477918625,0.0516666629165411,0.05166666477918625,0.0516666666418314,0.02696366038173437,0.0300807998329401,0.0,0.0,0.0,0.0,0.04029205057770014,0.03758491098880768,0.03737806703895331,0.03412949934601784,0.24217602610588074,-0.04737523943185806,-0.005706924945116043,0.2072904407978058,-0.10863608866930008,0.006595435552299023,0.06012018397450447,0.0069893402978777885,-0.022817349061369896,0.05155213549733162,-0.13357141613960266,0.04520595818758011
669,255.78,-2.7547645568847656,0.03593132644891739,0.028281893581151962,0.05166666850447655,0.03948445700109005,0.012182211503386497,0.06509777903556824,0.060625407844781876,-0.030564485117793083,-0.03593132644891739,-0.025590097531676292,-0.021859977394342422,-0.01950126141309738,-0.018266741186380386,0.17927347123622894,0.1747291088104248,0.0421484149992466,0.03669516742229462,-0.013407889753580093,-0.0070057157427072525,-0.028281893581151962,-0.020599285140633583,0.12176444381475449,0.11729207634925842,0.026102179661393166,0.02073533833026886,0.031076567247509956,0.034806687384843826,0.013887573964893818,0.018363716080784798,0.05166666477918625,0.05166666850447655,0.05166666477918625,0.05166666477918625,0.05166666477918625,0.05166666477918625,0.0283888353779912,0.031630457267165187,0.0,0.0,0.0,0.0,0.03948445700109005,0.03681240312755108,0.03716946754604578,0.03396300122141838,0.2413053959608078,-0.04577460139989853,-0.0055877771228551865,0.2089477777481079,-0.10891295224428177,0.006865138188004494,0.061663780361413956,0.007125489413738251,-0.022408030927181244,0.05142290145158768,-0.13136817514896393,0.0445878803730011
670,256.2,-2.7584359645843506,0.03699430823326111,0.028130320832133293,0.05166666850447655,0.03861239075660706,0.013054277747869492,0.058977920562028885,0.0546063594520092,-0.03174843639135361,-0.03699430823326111,-0.02562897279858589,-0.021873045712709427,-0.020660147070884705,-0.01947752572596073,0.16997258365154266,0.16551660001277924,0.03650213032960892,0.031154949218034744,-0.01257469691336155,-0.006178722716867924,-0.028130320832133293,-0.020455151796340942,0.11564458161592484,0.11127302795648575,0.02491822838783264,0.01967235654592514,0.031037693843245506,0.03479361906647682,0.013801002874970436,0.018308114260435104,0.05166666105389595,0.05166666850447655,0.05166666477918625,0.05166666477918625,0.0516666666418314,0.05166666477918625,0.02946114994585514,0.03278563998639584,0.0,0.0,0.0,0.0,0.03861239075660706,0.03597234178334475,0.03693132370710373,0.03376326605677605,0.2393869161605835,-0.04426141828298569,-0.005425885785371065,0.2106512188911438,-0.10969258844852448,0.00717935198917985,0.06300091743469238,0.007275700103491545,-0.022118136286735535,0.05186442285776138,-0.12932658195495605,0.04401055723428726
671,256.62,-2.7621798515319824,0.03807321935892105,0.04039729759097099,0.06388883747160434,0.049916081950068476,0.013972755521535866,0.03883888199925423,0.0345720499753952,-0.026178227737545967,-0.03196445107460022,-0.03807321935892105,-0.03429916501045227,-0.0216179471462965,-0.02045021764934063,0.14576619863510132,0.14138253033161163,0.0169510617852211,0.011690656654536724,-0.024100463837385178,-0.017722120508551598,-0.04039729759097099,-0.03274328634142876,0.10772771388292313,0.1034608855843544,0.02291281521320343,0.01779261790215969,0.030815618112683296,0.03458967059850693,0.013523402623832226,0.018052266910672188,0.0638888318836689,0.0638888356089592,0.0440910429507494,0.04475706897675991,0.06388883747160434,0.0638888356089592,0.030141349770128726,0.03350248456001282,0.0,0.0,0.0009617534279823302,0.0011019612476229667,0.049916081950068476,0.04731179110705853,0.04892070021480322,0.04579555325210095,0.23627424240112305,-0.04262138903141022,-0.005218667909502983,0.2123415172100067,-0.11084802448749542,0.0075440239161252975,0.06422887742519379,0.007417704910039902,-0.021873820573091507,0.0526285320520401,-0.12718236446380615,0.04338346794247627
672,257.03999999999996,-2.7659428119659424,0.038280587643384933,0.04065783694386482,0.06388889893889427,0.04904687859117985,0.014842020347714417,0.031071703881025314,0.0269413311034441,-0.0073755718767642975,-0.012767736800014973,-0.038280587643384933,-0.03449399024248123,-0.022506747394800186,-0.021370982751250267,0.13231296837329865,0.12823140621185303,0.008669162169098854,0.0037712783087044954,-0.02343856915831566,-0.017179450020194054,-0.04065783694386482,-0.03314689174294472,0.09996060281991959,0.09583022445440292,0.021167974919080734,0.016211526468396187,0.03060830943286419,0.03439490497112274,0.01322287879884243,0.017766792327165604,0.06388889893889427,0.06388889335095882,0.02354354679584503,0.02397926326841116,0.06388889707624912,0.06388889521360397,0.030729626193642615,0.03413777507841587,0.0,0.0,0.00749881274998188,0.007440248159691691,0.04904687859117985,0.0465743549913168,0.048880715742707255,0.045913684070110324,0.2280442714691162,-0.03702466934919357,-0.005691144149750471,0.21423158049583435,-0.10980860143899918,0.008086622692644596,0.06772200763225555,0.006551106460392475,-0.021130112931132317,0.05061164125800133,-0.12352964282035828,0.041975829750299454
673,257.46,-2.7698814868927,0.038658078759908676,0.04152956232428551,0.06388889893889427,0.048924383595585826,0.014964515343308442,0.02240752801299095,0.018539270386099815,0.013132520020008087,0.007951263338327408,-0.038658078759908676,-0.03491592779755592,-0.022790858522057533,-0.021843520924448967,0.1177152767777443,0.11407851427793503,-0.0008562459261156619,-0.005220361519604921,-0.022922193631529808,-0.01681561768054962,-0.04152956232428551,-0.03420167416334152,0.09129642695188522,0.08742816746234894,0.018375344574451447,0.013733436353504658,0.030230818316340446,0.03397296741604805,0.012394821271300316,0.01688540168106556,0.06388889893889427,0.06388889707624912,0.00024282455444335927,0.0007821730151772498,0.06388889707624912,0.06388889521360397,0.030185679793357848,0.03372892260551453,0.0,0.0,0.014231590500567107,0.013953797873109578,0.04815301194787026,0.045788585096597674,0.048924383595585826,0.046087075844407084,0.22082272171974182,-0.031894125044345856,-0.006035272963345051,0.2163224220275879,-0.1089511588215828,0.008590184152126312,0.07037997245788574,0.006101584993302822,-0.020310411229729652,0.04942033812403679,-0.1192319244146347,0.04040134698152542
674,257.88,-2.773820638656616,0.03900767117738724,0.0424211360514164,0.06388889893889427,0.04901546880602837,0.014873430132865899,0.014173051342368126,0.010580066591501236,0.033723317086696625,0.028730500489473343,-0.03900767117738724,-0.03530774265527725,-0.023068858310580254,-0.022310547530651093,0.10365362465381622,0.10047084838151932,-0.009688288904726505,-0.013507621362805367,-0.022359896451234818,-0.01640196703374386,-0.0424211360514164,-0.035271622240543365,0.08306194841861725,0.07946896553039551,0.016122542321681976,0.011810959316790104,0.029881224036216736,0.03358115255832672,0.011594332754611969,0.01603424921631813,0.06388889707624912,0.06388889893889427,0.0,0.0,0.06388889521360397,0.06388889521360397,0.02966319106519222,0.033344796746969226,0.0,0.0,0.02081083122640848,0.02031858067959547,0.047241120487451556,0.04498311959207058,0.04901546880602837,0.0463058714568615,0.21426060795783997,-0.026987265795469284,-0.006255490705370903,0.21813520789146423,-0.10790056735277176,0.009081917814910412,0.07285027951002121,0.005813918076455593,-0.019362716004252434,0.04820205271244049,-0.1143205463886261,0.03867974132299423
675,258.3,-2.7779171466827393,0.03960779681801796,0.04342612624168396,0.06388883747160434,0.04903288081288338,0.014855956658720963,0.0070070563815534115,0.003675239160656929,0.05012267082929611,0.04531150683760643,-0.03960779681801796,-0.035905689001083374,-0.023695683106780052,-0.02306382730603218,0.09192269295454025,0.08916928619146347,-0.01747846230864525,-0.02078254520893097,-0.021816618740558624,-0.015961598604917526,-0.04342612624168396,-0.03640010580420494,0.07589589059352875,0.07256407290697098,0.013338715769350529,0.009340534918010235,0.029281040653586388,0.032983146607875824,0.010606754571199417,0.015049279667437077,0.06388883421197533,0.06388883374631404,0.0,0.0,0.06388883747160434,0.0638888356089592,0.02930243767797947,0.03311310697346926,0.0,0.0,0.025817178077995776,0.025123080126941203,0.046097659394145014,0.04394474521279335,0.04903288081288338,0.04644938547164202,0.20825707912445068,-0.02226901240646839,-0.006413919851183891,0.2199915498495102,-0.10665029287338257,0.009633263573050499,0.07568278163671494,0.005736510269343853,-0.018350815400481224,0.047270048409700394,-0.10909731686115265,0.03685269132256508
676,258.71999999999997,-2.7820775508880615,0.040279846638441086,0.04443655163049698,0.06388883933424949,0.049008379578590396,0.014880459755659096,0.0003561647899914533,-0.0027159852907061577,0.05154409632086754,0.04785751551389694,-0.040279846638441086,-0.03655686229467392,-0.024458054453134537,-0.023928482085466385,0.08115249872207642,0.07880593836307526,-0.024787986651062965,-0.027603859081864357,-0.02132607437670231,-0.01554784458130598,-0.04443655163049698,-0.037502676248550415,0.06924500316381454,0.06617285311222076,0.010432933457195759,0.0067463526502251625,0.028608988970518112,0.03233197703957558,0.009571827948093414,0.014039412140846252,0.06388883837382309,0.06388883840292692,0.0,0.0,0.0638888356089592,0.06388883933424949,0.02902988240122795,0.03296789422631264,0.0,0.0,0.030220920108258723,0.02935021173208952,0.04493506334722042,0.04287982162088156,0.049008379578590396,0.04654208838939667,0.20268769562244415,-0.017980100587010384,-0.006518898997455835,0.22147014737129211,-0.1053106039762497,0.010136600583791733,0.07831123471260071,0.005778057500720024,-0.017357613891363144,0.04640413820743561,-0.10386943817138672,0.035049572587013245
677,259.14,-2.786311626434326,0.04109199345111847,0.04560573771595955,0.06388883654028177,0.0489951715618372,0.01489366497844457,-0.0068884012289345264,-0.00966994185000658,0.04867345839738846,0.04533560946583748,-0.04109199345111847,-0.037390708923339844,-0.02434299886226654,-0.023879511281847954,0.06920571625232697,0.06727232784032822,-0.03251955285668373,-0.03483961895108223,-0.02102559246122837,-0.015358876436948776,-0.04560573771595955,-0.038805678486824036,0.06200043484568596,0.05921889469027519,0.007562293671071529,0.00422444473952055,0.02779684215784073,0.031498126685619354,0.008389433845877647,0.012830975465476513,0.06388883607462048,0.06388883654028177,0.0,0.0,0.0638888356089592,0.0638888356089592,0.027732432708144187,0.03171048674732447,0.0,0.0,0.03508184652775526,0.03406406369060278,0.0438224346190691,0.04185700312256813,0.0489951715618372,0.04663665395230055,0.19657960534095764,-0.014214669354259968,-0.006590856239199638,0.22249609231948853,-0.1042666882276535,0.010595511645078659,0.08071520179510117,0.005842161364853382,-0.01645899936556816,0.04588254168629646,-0.09898874163627625,0.033354006707668304
678,259.56,-2.790694236755371,0.042239196598529816,0.04719996452331543,0.06388883747160434,0.049058822337538006,0.014830015134066336,-0.015417887829244137,-0.01785246469080448,0.04576446861028671,0.04284297674894333,-0.042239196598529816,-0.03864778205752373,-0.022480953484773636,-0.022009769454598427,0.0548539012670517,0.05337391421198845,-0.04118700698018074,-0.04296298697590828,-0.021125411614775658,-0.01565852016210556,-0.04719996452331543,-0.04063969478011131,0.05347094684839249,0.05103636905550957,0.004653305280953646,0.001731812721118331,0.02664964087307453,0.03024105355143547,0.006858857814222574,0.011168552562594414,0.06388883467763662,0.06388883374631404,0.0,0.0,0.06388883747160434,0.0638888356089592,0.02433981129899621,0.02817832201719284,0.0,0.0,0.04084031226113439,0.03969479969702661,0.04277505248785019,0.04089957371354103,0.049058822337538006,0.04680824734270573,0.18898418545722961,-0.010815810412168503,-0.006641189567744732,0.22308573126792908,-0.1036677360534668,0.011059068143367767,0.08308620005846024,0.005859549157321453,-0.015654318034648895,0.045836642384529114,-0.09446251392364502,0.031713925302028656
679,259.98,-2.795077085494995,0.04336554929614067,0.05051282048225403,0.0638888356089592,0.0492365275323391,0.014652308076620095,-0.023492127656936646,-0.025568949058651924,0.04337003082036972,0.040877845138311386,-0.04336554929614067,-0.03988402709364891,-0.020618287846446037,-0.02014021761715412,0.04090146720409393,0.039896465837955475,-0.04930682107806206,-0.05051282048225403,-0.021454159170389175,-0.01620093733072281,-0.04888775944709778,-0.0425838939845562,0.04539670795202255,0.043319884687662125,0.0022588649298995733,-0.00023332070850301534,0.025523286312818527,0.029004808515310287,0.005348768085241318,0.00952659361064434,0.0638888356089592,0.06388883374631404,0.0,0.0,0.0638888356089592,0.0638888356089592,0.020967055931687354,0.02466681122779846,0.0,0.0,0.04656568600796163,0.045279499773751015,0.041977445483207705,0.0402057458460331,0.0492365275323391,0.04711048759520054,0.18153870105743408,-0.007303389720618725,-0.006633676588535309,0.22311559319496155,-0.10252176970243454,0.01146070845425129,0.08496981114149094,0.005784858018159866,-0.014734883792698383,0.044982463121414185,-0.0894290879368782,0.029869746416807175
680,260.4,-2.7996222972869873,0.045127853751182556,0.05570327863097191,0.06388883747160434,0.0505550764547661,0.013333761016838246,-0.028828969225287437,-0.030862195417284966,0.04285481199622154,0.04041494056582451,-0.045127853751182556,-0.04156138375401497,-0.02051438018679619,-0.019992845132946968,0.031020676717162132,0.03016166016459465,-0.05381142720580101,-0.05570327863097191,-0.023471003398299217,-0.018269119784235954,-0.05061421915888786,-0.04437195882201195,0.04005986824631691,0.03802664205431938,0.0017436492489650846,-0.0006962230545468628,0.023760979995131493,0.02732744999229908,0.004209938924759626,0.008489702828228474,0.06388883747160434,0.06388883747160434,0.0,0.0,0.06388883374631404,0.06388883374631404,0.019724319111555814,0.02348254796117544,0.004039191529154777,0.0028649818897247313,0.0505550764547661,0.05000705557642505,0.04223198339343071,0.04059656977653504,0.04982415808364749,0.047861661650240424,0.17780378460884094,-0.0032942197285592556,-0.006270166020840406,0.2218175083398819,-0.0992002934217453,0.011548852548003197,0.08394418656826019,0.005581855773925781,-0.01359342411160469,0.04119802266359329,-0.08245593309402466,0.027574507519602776
681,260.82,-2.804175615310669,0.05909266322851181,0.06428717076778412,0.07611106790602207,0.062428711336106064,0.013682356569916003,-0.015624025836586952,-0.018554775044322014,0.030500058084726334,0.028103722259402275,-0.05909266322851181,-0.0554313100874424,-0.020498773083090782,-0.019932908937335014,0.009194952435791492,0.008460454642772675,-0.034206170588731766,-0.03763987496495247,-0.0374571718275547,-0.03229125589132309,-0.06428717076778412,-0.05808807164430618,0.03511364758014679,0.03311670199036598,0.0016111244913190603,-0.0007852109265513718,0.022018400952219963,0.025679757818579674,0.0031415405683219433,0.007535167969763279,0.045737673416733744,0.046671477034688,0.0,0.0,0.07611106418073177,0.07611106790602207,0.018640313651412724,0.022468076907098292,0.020918695144355296,0.019656247347593307,0.030817295080050825,0.0318546640384011,0.05447557277977467,0.052971013709902766,0.062428711336106064,0.060623239614069464,0.17319223284721375,0.0003280320670455694,-0.006123783998191357,0.22046497464179993,-0.09608006477355957,0.01165502704679966,0.08359936624765396,0.0052592139691114426,-0.012606479227542877,0.038023848086595535,-0.07663244754076004,0.025506220757961273
682,261.24,-2.8087549209594727,0.05985642597079277,0.06529998034238815,0.07611106604337692,0.06187235529534519,0.014238710748031728,-0.005898841191083193,-0.008695128373801708,0.029636355116963387,0.027244560420513153,-0.05985642597079277,-0.05608435347676277,-0.0187924075871706,-0.01829317770898342,0.0019142109667882323,0.001780324149876833,-0.02058756910264492,-0.023808320984244347,-0.03237862512469292,-0.027302540838718414,-0.06529998034238815,-0.05920867994427681,0.031018249690532684,0.029025087133049965,0.0007474205922335386,-0.0016443736385554075,0.021254640072584152,0.02502671256661415,0.0015723749529570341,0.0060988604091107845,0.03191709088161588,0.032720215506851676,0.0,0.0,0.07611106604337692,0.07611106604337692,0.015364782540127634,0.019392038118094205,0.02410403872374445,0.02224476298317313,0.016334989694878458,0.017163947345688938,0.04863326519727707,0.04732925340533257,0.06187235529534519,0.0603075403533876,0.16727304458618164,0.009449486620724201,-0.008345859125256538,0.21796727180480957,-0.08517147600650787,0.015764102339744568,0.10338316112756729,0.006920648738741875,-0.009583763778209686,0.035975560545921326,-0.06229082867503166,0.020508555695414543
683,261.65999999999997,-2.813354015350342,0.05989426001906395,0.06594156473875046,0.07611106790602207,0.06055937495431863,0.015551692951703437,-0.0008801145595498383,-0.0036914728116244078,0.02811766043305397,0.02569831721484661,-0.05989426001906395,-0.05600062757730484,-0.015830455347895622,-0.015473686158657074,-0.0025875442661345005,-0.002374431351199746,-0.013470999896526337,-0.016596417874097824,-0.026789426803588867,-0.021748961880803108,-0.06594156473875046,-0.05989300459623337,0.027472544461488724,0.025456424802541733,-0.0007712736260145903,-0.0031906170770525932,0.021216807886958122,0.025110440328717232,-0.00038218978443183005,0.004290168173611164,0.02335265902103856,0.02414789761416614,0.0,0.0,0.07611106790602207,0.07611106790602207,0.010448265563463791,0.014763854332268237,0.025060088727623223,0.022830856153741478,0.007699726270511746,0.00840580079704523,0.04300623469054699,0.04185940220952034,0.06055937495431863,0.059183172769844535,0.16273394227027893,0.01384396106004715,-0.009892713278532028,0.2193763554096222,-0.08010302484035492,0.019340360537171364,0.12149178981781006,0.007996311411261559,-0.0075722201727330685,0.035838812589645386,-0.05377272516489029,0.01655121147632599
684,262.08,-2.8179569244384766,0.059717923402786255,0.06639237701892853,0.07611106604337692,0.059317471347749236,0.016793594695627682,0.005418718792498112,0.00258975219912827,0.026985831558704376,0.02458377555012703,-0.059717923402786255,-0.05572155490517616,-0.01418694294989109,-0.013889365829527378,-0.0065686991438269615,-0.006131371483206749,-0.007054061163216829,-0.01009704452008009,-0.022423282265663147,-0.01740720495581627,-0.06639237701892853,-0.06037308648228645,0.024222763255238533,0.022221049293875694,-0.0019031013362109661,-0.004305158741772175,0.021393142640590668,0.02538950927555561,-0.0020749056711792946,0.002720735501497984,0.01380404446274042,0.014631297094747423,0.0,0.0,0.07611106604337692,0.07611106418073177,0.007112037278711796,0.011610101331025361,0.025791462399065494,0.023352420777082442,0.00015095982700586309,0.0007918857783079146,0.03881642490625382,0.03779671423137188,0.059317471347749236,0.05809382198378444,0.1611844301223755,0.015825290232896805,-0.010589845478534698,0.2213236689567566,-0.07736212760210037,0.02198733761906624,0.13398796319961548,0.00886521115899086,-0.0062818462029099464,0.03518790751695633,-0.047246869653463364,0.013337837532162666
685,262.5,-2.822578191757202,0.05863092467188835,0.06597266346216202,0.07611106604337692,0.05832866963930428,0.017782396404072635,0.01717132143676281,0.014354536309838295,0.02730264514684677,0.025097191333770752,-0.05863092467188835,-0.05461091920733452,-0.018090099096298218,-0.017534786835312843,-0.010680927895009518,-0.009988192468881607,0.0029343385249376297,-1.926337426993996e-05,-0.019128410145640373,-0.014240460470318794,-0.06597266346216202,-0.060107119381427765,0.02203025296330452,0.020192373543977737,-0.0015862880973145366,-0.0037917427252978086,0.02248014137148857,0.026500146836042404,-0.0026439938228577375,0.0021800126414746046,0.0,0.0008378372341394423,0.0,0.0,0.07611106604337692,0.07611106604337692,0.01044610527344048,0.014714799476787447,0.027711180858314036,0.025180566012859344,0.0,0.0,0.03660855151712895,0.0357406073063612,0.05832866963930428,0.05728713202290237,0.16283680498600006,0.016512371599674225,-0.01039557158946991,0.22201833128929138,-0.07521636039018631,0.023593854159116745,0.1387232542037964,0.00943182036280632,-0.005728475749492645,0.032098785042762756,-0.041049204766750336,0.010499977506697178
686,262.92,-2.8271992206573486,0.057376373559236526,0.0646967813372612,0.07611106604337692,0.056658411053940656,0.019452654989436262,0.02897099032998085,0.02615845948457718,0.027774514630436897,0.025767171755433083,-0.057376373559236526,-0.05333918333053589,-0.022002220153808594,-0.021195070818066597,-0.014677658677101135,-0.013809899799525738,0.013347040861845016,0.010512118227779865,-0.015179801732301712,-0.010420101694762707,-0.0646967813372612,-0.058985140174627304,0.01998836174607277,0.018315574154257774,-0.0011144184973090887,-0.0031217618379741907,0.023734692484140396,0.027771882712841034,-0.003038370283320546,0.0018062567105516791,0.0,0.0,0.0,0.0,0.07611106604337692,0.07611106604337692,0.013963849870488047,0.018001327528618275,0.029666020423173903,0.02712547395378351,0.0,0.0,0.03391449421644211,0.03319198440760374,0.056658411053940656,0.055791396885178986,0.16370713710784912,0.01546904444694519,-0.010255270637571812,0.22367680072784424,-0.07507972419261932,0.025136403739452362,0.1447206288576126,0.009464685805141926,-0.005489105824381113,0.030063629150390625,-0.038335930556058884,0.008381973952054977
687,263.34,-2.831610918045044,0.05471115559339523,0.061717599630355835,0.07611106604337692,0.0538837112300098,0.02222735481336712,0.0395914725959301,0.03684232756495476,0.029783690348267555,0.027706891298294067,-0.05471115559339523,-0.050635118037462234,-0.022000189870595932,-0.021167978644371033,-0.017550691962242126,-0.01678142324090004,0.02341575361788273,0.02105529047548771,-0.008017323911190033,-0.0033219195902347565,-0.061717599630355835,-0.05608311668038368,0.018663087859749794,0.016932422295212746,0.0008947570458985865,-0.0011820420622825623,0.02639991044998169,0.030475948005914688,-0.0028338884003460407,0.0020573572255671024,0.0,0.0,0.0,0.0,0.07611106604337692,0.07611106604337692,0.01416630147024989,0.018225335869938134,0.03121377982199192,0.028713845536112784,0.0,0.0,0.02941723436117172,0.028797867596149444,0.0538837112300098,0.05314047390595079,0.16283373534679413,0.012792502529919147,-0.010670015588402748,0.22744306921958923,-0.07736292481422424,0.02703668922185898,0.15659627318382263,0.009083987213671207,-0.005039212293922901,0.030923843383789062,-0.03981674835085869,0.007115804124623537
688,263.76,-2.835972785949707,0.05168990418314934,0.0586431659758091,0.07611106976866722,0.05118295376189053,0.024928116006776684,0.046476103365421295,0.04463561996817589,0.03224080801010132,0.03003222867846489,-0.05168990418314934,-0.04757024347782135,-0.02108832448720932,-0.02027752622961998,-0.019806820899248123,-0.019234895706176758,0.024167286232113838,0.024853596463799477,-0.0008177350391633809,0.003838973818346858,-0.0586431659758091,-0.053055115044116974,0.017587168142199516,0.01574668474495411,0.0033518746495246887,0.0011432941537350416,0.029421161860227585,0.03354082629084587,-0.0024602122139185667,0.002483382588252425,0.0,0.0,0.0,0.0,0.07611106604337692,0.07611106976866722,0.013628112273290752,0.017760908817872404,0.03239398904144764,0.029981580451130866,0.0,0.0,0.025238896899390965,0.024701852472499012,0.05118295376189053,0.0505384976323694,0.1634071320295334,0.009259169921278954,-0.010689084418118,0.23170959949493408,-0.08066247403621674,0.028806649148464203,0.16743779182434082,0.008760045282542706,-0.004580075852572918,0.03192324936389923,-0.0417095422744751,0.006027585361152887
689,264.18,-2.8404016494750977,0.060056451708078384,0.06807558983564377,0.08833329647779464,0.060605307696387174,0.02772798878140747,0.033635180443525314,0.0317363478243351,0.021744029596447945,0.019465429708361626,-0.060056451708078384,-0.055851176381111145,-0.022301912307739258,-0.021425306797027588,-0.032552123069763184,-0.03211703151464462,0.013029911555349827,0.013552023097872734,-0.0050827451050281525,-0.0004080705693922937,-0.06807558983564377,-0.062465980648994446,0.01696847751736641,0.015069643966853619,0.00507732667028904,0.0027987263165414333,0.03327684476971626,0.0374821200966835,-0.0024702821392565966,0.0025760489515960217,0.0,0.0,0.0,0.0,0.08833329647779464,0.08833329647779464,0.01483163016848266,0.01900135574862361,0.044520600587129595,0.042186675481498244,0.0,0.0,0.03335958987474442,0.0328901906660758,0.060605307696387174,0.06004202960059047,0.16576562821865082,0.006269325967878103,-0.010327870026230812,0.2355901300907135,-0.08330820500850677,0.030212951824069023,0.17658782005310059,0.008898742496967316,-0.003973643761128187,0.032715100795030594,-0.04223643243312836,0.004972800612449646
690,264.59999999999997,-2.8449184894561768,0.05498582497239113,0.06532586365938187,0.08833330020308494,0.05745416565798223,0.03087913454510271,0.03353630006313324,0.03164827451109886,0.02239294722676277,0.020127318799495697,-0.05498582497239113,-0.05064515769481659,-0.026401465758681297,-0.025315506383776665,-0.03212647885084152,-0.031605854630470276,0.014101068489253521,0.014725815504789352,0.004257804714143276,0.008933322504162788,-0.06532586365938187,-0.05971524491906166,0.016869597136974335,0.014981572516262531,0.005726243834942579,0.0034606156405061483,0.03834747523069382,0.04268813878297806,-0.0028716980013996363,0.002337099751457572,0.0,0.0,0.0,0.0,0.08833330020308494,0.08833329647779464,0.01852976775728166,0.022652606135234236,0.04399607598781586,0.04158742714673281,0.0,0.0,0.02908967051655054,0.02875481627881527,0.05745416565798223,0.057052344670519235,0.16348645091056824,0.006950494833290577,-0.010366421192884445,0.23797255754470825,-0.08299911022186279,0.031219907104969025,0.1856822967529297,0.008450984954833984,-0.0032279379665851593,0.03163386508822441,-0.041054338216781616,0.003575353417545557
691,265.02,-2.8494391441345215,0.049838948994874954,0.0624418631196022,0.08833329647779464,0.0544726272393018,0.03386066923849284,0.033489227294921875,0.031618133187294006,0.02308584935963154,0.020840536803007126,-0.049838948994874954,-0.04538457468152046,-0.030327601358294487,-0.0290035642683506,-0.030955273658037186,-0.030384380370378494,0.015334799885749817,0.016019871458411217,0.0134943388402462,0.018193669617176056,-0.0624418631196022,-0.056802667677402496,0.01682252250611782,0.014951428398489952,0.006419146899133921,0.0041738334111869335,0.04349434748291969,0.047948721796274185,-0.0029692358803004026,0.002376014366745949,0.0,0.0,0.0,0.0,0.08833329647779464,0.08833329647779464,0.022358365477994083,0.02637957863509655,0.04277779616415501,0.04033580876886845,0.0,0.0,0.02500000864267349,0.02475505217909813,0.0544726272393018,0.05417868204414845,0.16471578180789948,0.006840255111455917,-0.010107387788593769,0.24112731218338013,-0.08332334458827972,0.032099053263664246,0.19268369674682617,0.008799823001027107,-0.002469085156917572,0.03211124986410141,-0.039023298770189285,0.0023672624956816435
692,265.44,-2.8540353775024414,0.04740281403064728,0.06058166176080704,0.08833330020308494,0.05356850277632475,0.03476479742676019,0.03369536250829697,0.03193110227584839,0.02403424121439457,0.021917127072811127,-0.04740281403064728,-0.04302527755498886,-0.029148349538445473,-0.027937591075897217,-0.029477214440703392,-0.028802458196878433,0.01600482128560543,0.01681452989578247,0.01754642277956009,0.022163616493344307,-0.06058166176080704,-0.05504102632403374,0.01702865958213806,0.015264397487044334,0.007367538753896952,0.005250424146652222,0.04593048244714737,0.050308022648096085,-0.0020131589844822884,0.0032398884650319815,0.0,0.0,0.0,0.0,0.08833329647779464,0.08833330020308494,0.022135190553963183,0.026177479540929197,0.041505874022841456,0.03906685568392277,0.0,0.0,0.02338405966758728,0.023144406154751777,0.05356850277632475,0.05328091478906572,0.1705344021320343,0.006584964692592621,-0.009684598073363304,0.2442030906677246,-0.08275808393955231,0.03271942213177681,0.19488097727298737,0.009543648920953274,-0.0015718749491497874,0.032071176916360855,-0.03571294993162155,0.0010889089899137616
693,265.86,-2.8586320877075195,0.04494841396808624,0.05795617401599884,0.08833329647779464,0.051921875337138775,0.03641142114065587,0.03390558063983917,0.03224826231598854,0.024987099692225456,0.02299831435084343,-0.04494841396808624,-0.04064691439270973,-0.027966298162937164,-0.026871150359511375,-0.02783714234828949,-0.02696199156343937,0.016298973932862282,0.017349153757095337,0.022978564724326134,0.027512919157743454,-0.05795617401599884,-0.052514947950839996,0.017238877713680267,0.015581557527184486,0.008320396766066551,0.0063316114246845245,0.048384882509708405,0.052686382085084915,-0.0010342986788600683,0.00412750244140625,0.0,0.0,0.0,0.0,0.08833329647779464,0.08833329647779464,0.021931999484077095,0.025998652800917624,0.04007602006196976,0.03754354909062386,0.0,0.0,0.02040631778538227,0.02017346292734146,0.051921875337138775,0.05164245039224625,0.1786799132823944,0.007393513340502977,-0.010190694592893124,0.2458585798740387,-0.07964848726987839,0.03397354111075401,0.20152653753757477,0.010643435642123222,-0.0003630273859016597,0.03069554828107357,-0.03127008303999901,-0.000531861325725913
694,266.28,-2.863257646560669,0.04048687964677811,0.05451817438006401,0.08833329647779464,0.048788927209097895,0.03954436926869675,0.03384559601545334,0.03218875080347061,0.02507491037249565,0.02308669313788414,-0.04048687964677811,-0.03621448203921318,-0.027502262964844704,-0.026386786252260208,-0.02582385018467903,-0.024905987083911896,0.017367854714393616,0.018469292670488358,0.03220347315073013,0.036731261759996414,-0.05451817438006401,-0.049084827303886414,0.017178894951939583,0.015522046014666557,0.00840820837765932,0.006419990211725235,0.05284641683101654,0.05711881443858147,-0.0007292471709661186,0.004397628828883171,0.0,0.0,0.0,0.0,0.08833329647779464,0.08833329647779464,0.021773015793878584,0.025784415081143378,0.03800274513661862,0.035428033098578456,0.0,0.0,0.015642943680286406,0.015387552678585052,0.048788927209097895,0.04848245613276959,0.1826232671737671,0.007068437058478594,-0.010584145784378052,0.248497873544693,-0.0792512372136116,0.03519394248723984,0.21042896807193756,0.012137805111706257,0.00036275386810302734,0.033307019621133804,-0.029270315542817116,-0.001248741871677339
695,266.7,-2.8678972721099854,0.03484848514199257,0.05082223564386368,0.08833329834043979,0.0452768672304228,0.043056431110016995,0.033754222095012665,0.03204791992902756,0.024823974817991257,0.022776415571570396,-0.03484848514199257,-0.03059639222919941,-0.02747485041618347,-0.026228247210383415,-0.023122284561395645,-0.022258801385760307,0.019042450934648514,0.02007863111793995,0.042800888419151306,0.047335993498563766,-0.05082223564386368,-0.045380111783742905,0.01708751730620861,0.015381217934191227,0.008157271891832352,0.006109712179750204,0.05848481133580208,0.06273690611124039,-0.0005453684134408832,0.004557143896818161,0.0,0.0,0.0,0.0,0.08833329647779464,0.08833329834043979,0.021929482002742588,0.025785391107201575,0.03520980186760426,0.03264001931995154,0.0,0.0,0.010683922916650771,0.01040091261267662,0.0452768672304228,0.04493725568056107,0.18626675009727478,0.005853131879121065,-0.010600358247756958,0.25167229771614075,-0.08029015362262726,0.03627621382474899,0.21868088841438293,0.01394535694271326,0.00097048026509583,0.037452176213264465,-0.02777416817843914,-0.0016551174921914935
696,267.12,-2.872516632080078,0.030361173674464226,0.048184867948293686,0.08833329647779464,0.042925372142344716,0.04540792433544993,0.034063711762428284,0.032290250062942505,0.024833498522639275,0.02270534262061119,-0.030361173674464226,-0.026127807796001434,-0.025610461831092834,-0.024175947532057762,-0.019301412627100945,-0.0185436699539423,0.021310025826096535,0.02221931703388691,0.050684068351984024,0.055222287774086,-0.048184867948293686,-0.042739007622003555,0.01739700883626938,0.01562354527413845,0.008166794665157795,0.006038639694452286,0.06297212094068527,0.06720548868179321,-0.0002594958059489727,0.0048205433413386345,0.0,0.0,0.0,0.0,0.0883332946151495,0.08833329647779464,0.02035096602514386,0.023996490873396396,0.031698421463370326,0.02916721522808075,0.0,0.0,0.007288052588701248,0.006983200907707214,0.042925372142344716,0.04255955096334219,0.19245174527168274,0.004269586876034737,-0.010160605423152447,0.25472530722618103,-0.08120311051607132,0.03710430487990379,0.22398950159549713,0.015874916687607765,0.0016518913907930255,0.04091236740350723,-0.025608781725168228,-0.002119163516908884
697,267.53999999999996,-2.877084732055664,0.029183709993958473,0.04807908460497856,0.08833329834043979,0.04280401053722017,0.045529287803219624,0.03514974191784859,0.03325553610920906,0.025294054299592972,0.02302100695669651,-0.029183709993958473,-0.02492622099816799,-0.018970629200339317,-0.01730624958872795,-0.01404056791216135,-0.01346262264996767,0.02042517438530922,0.018336879089474678,0.05273223668336868,0.05730627477169037,-0.04807908460497856,-0.04259023442864418,0.018483038991689682,0.016588833183050156,0.008627351373434067,0.006354304496198893,0.06414958834648132,0.0684070736169815,-0.00027507406775839627,0.004833911545574665,0.0,0.0,0.0,0.0,0.08833329834043979,0.0883332946151495,0.01369555513258092,0.017140161134302615,0.02752360690385103,0.025051455833017825,0.0,0.0,0.00641735166311264,0.006100798845291138,0.04280401053722017,0.04242414597421885,0.2006608247756958,0.0027413521893322468,-0.009423484094440937,0.25675562024116516,-0.08112689852714539,0.037593141198158264,0.22600001096725464,0.01767764799296856,0.002333320677280426,0.04275912046432495,-0.02296535298228264,-0.0026121705304831266
698,267.96,-2.881652593612671,0.04019131511449814,0.06022260710597038,0.10055552691221237,0.05497554439818487,0.0455799825140275,0.024083344265818596,0.022068236023187637,0.013601397164165974,0.011183267459273338,-0.04019131511449814,-0.03591113165020943,-0.012341109104454517,-0.010436487384140491,-0.02147503010928631,-0.02106437087059021,0.01459412556141615,0.0124959796667099,0.04233557730913162,0.04695628583431244,-0.06022260710597038,-0.05467775836586952,0.019638871774077415,0.017623763531446457,0.009156924672424793,0.006738794967532158,0.06536421179771423,0.06964439153671265,-0.000247062707785517,0.004889155272394419,0.0,0.0,0.0,0.0,0.10055552691221237,0.10055552318692207,0.007094046396669,0.01032564265653491,0.036113901883363726,0.03368813440203667,0.0,0.0,0.01802863448858261,0.017688105702400207,0.05497554439818487,0.05456691363826394,0.20685356855392456,0.0017289153765887022,-0.008948457427322865,0.2578012943267822,-0.08077940344810486,0.03777517005801201,0.2273433804512024,0.019372979179024696,0.0026978314854204655,0.04486638307571411,-0.021227948367595673,-0.0025849957019090652
699,268.38,-2.886117458343506,0.03275220841169357,0.055737752467393875,0.10055552691221237,0.051620811461471024,0.048934715450741344,0.02600899338722229,0.023722879588603973,0.015537094324827194,0.01279375795274973,-0.03275220841169357,-0.028570130467414856,-0.014732700772583485,-0.012561559677124023,-0.0176839716732502,-0.017411042004823685,0.015577815473079681,0.01313157007098198,0.05298692733049393,0.057449497282505035,-0.055737752467393875,-0.050382670015096664,0.02156452089548111,0.019278405234217644,0.011092621833086014,0.008349284529685974,0.0728033185005188,0.07698539644479752,0.000883058994077146,0.005901553202420473,0.0,0.0,0.0,0.0,0.10055552691221237,0.10055552691221237,0.01061575976666063,0.013463112879544496,0.03424849256873131,0.03168944723904133,0.0,0.0,0.01481639117002487,0.01453589916229248,0.051620811461471024,0.05128422321751714,0.2059285044670105,0.00310613214969635,-0.009598973207175732,0.2583911716938019,-0.07946936041116714,0.037886086851358414,0.23315252363681793,0.01946774497628212,0.0031020091846585274,0.045196667313575745,-0.021688582375645638,-0.0025270949117839336
700,268.8,-2.8905715942382812,0.024374444037675858,0.050494611263275146,0.10055553063750267,0.04804028932005167,0.05251524131745099,0.028108524158596992,0.025536280125379562,0.017705459147691727,0.0146187674254179,-0.024374444037675858,-0.02032649517059326,-0.01813877373933792,-0.015660881996154785,-0.012585335411131382,-0.012500312179327011,0.014147486537694931,0.011306973174214363,0.06479895859956741,0.0690847784280777,-0.050494611263275146,-0.045351628214120865,0.023664051666855812,0.021091807633638382,0.013260987587273121,0.010174294002354145,0.08118108659982681,0.08522903174161911,0.0025456780567765236,0.007403217256069183,0.0,0.0,0.0,0.0,0.10055553063750267,0.10055552691221237,0.015684451796114444,0.018064099252223968,0.031249387077987193,0.028592119812965392,0.0,0.0,0.011382128000259398,0.011144253313541411,0.04804028932005167,0.04775484547019005,0.20851078629493713,0.0035078679211437702,-0.009747393429279327,0.2603609263896942,-0.07907940447330475,0.03810269385576248,0.23760482668876648,0.02028447389602661,0.0036871209740638733,0.04730496183037758,-0.020999979227781296,-0.002558611799031496
701,269.21999999999997,-2.8950440883636475,0.019115706905722618,0.04723280295729637,0.10055552877485752,0.04615881003439427,0.05439671874046325,0.030155178159475327,0.02739732898771763,0.01860894076526165,0.015299523249268532,-0.019115706905722618,-0.015170978382229805,-0.016646264120936394,-0.013935431838035583,-0.005819443613290787,-0.005859966389834881,0.0071168141439557076,0.003951814491301775,0.07219675183296204,0.0763801634311676,-0.04723280295729637,-0.04221270605921745,0.025710705667734146,0.022952856495976448,0.01416446827352047,0.010855050757527351,0.0864398181438446,0.09038455039262772,0.003926007077097893,0.008659680373966694,0.0,0.0,0.0,0.0,0.10055552504956722,0.10055552877485752,0.015572271198034286,0.017595112212002276,0.026530149281024932,0.023812822885811328,0.002047654129564762,0.0019032362662255763,0.009243066310882567,0.009004386961460113,0.04615881003439427,0.04587238643318415,0.21356076002120972,0.00350303971208632,-0.009400177747011185,0.2632956802845001,-0.07907063513994217,0.03840918838977814,0.2395230233669281,0.02188829332590103,0.004224780481308699,0.05091153830289841,-0.018891599029302597,-0.0026703723706305027
702,269.64,-2.899533748626709,0.016853678971529007,0.04633692651987076,0.10055553063750267,0.04612954881042242,0.05442598182708024,0.032236553728580475,0.029389239847660065,0.018449833616614342,0.0150330550968647,-0.016853678971529007,-0.012969537638127804,-0.010671766474843025,-0.007813319563865662,0.0017326390370726585,0.0016557519556954503,-0.003305037273094058,-0.006739695556461811,0.07502571493387222,0.07919909805059433,-0.04633692651987076,-0.04132886976003647,0.027792081236839294,0.024944767355918884,0.014005360193550587,0.01058858260512352,0.08870185166597366,0.092585988342762,0.0047926222905516624,0.009453591890633106,0.0,0.0,0.0,0.0,0.10055553063750267,0.10055552598088979,0.010464388765394687,0.012266911454498767,0.021059442199766635,0.018289015400223433,0.012310397466644644,0.01232827816158533,0.00867613673210144,0.008386890292167663,0.04612954881042242,0.04578246165066958,0.2190554440021515,0.0039873491041362286,-0.008929507806897163,0.26523101329803467,-0.07824338972568512,0.038443226367235184,0.23878329992294312,0.024046430364251137,0.00463247112929821,0.05508174002170563,-0.015729760751128197,-0.0025699969846755266
703,270.06,-2.9040145874023438,0.01393949892371893,0.0452931672334671,0.10055552784353494,0.046149498205631974,0.05440602963790297,0.03437072038650513,0.03142809867858887,0.018600845709443092,0.015069697983562946,-0.01393949892371893,-0.01012707594782114,-0.005511666648089886,-0.002489123959094286,0.008502756245434284,0.008416262455284595,-0.01179427932947874,-0.015534774400293827,0.07826084643602371,0.08243119716644287,-0.0452931672334671,-0.04028875008225441,0.029926247894763947,0.026983626186847687,0.014156373217701912,0.010625225491821766,0.09161602705717087,0.0954284518957138,0.005856330972164869,0.010431237518787384,0.0,0.0,0.0,0.0,0.10055552598088979,0.10055552784353494,0.006367997620254755,0.007920361477881669,0.01642349164932966,0.01356736373156309,0.02095065254718065,0.021159999892115592,0.008355180621147155,0.007997254729270934,0.046149498205631974,0.045719987601041796,0.22379103302955627,0.005340011790394783,-0.008710249327123165,0.2653697729110718,-0.07618571817874908,0.03802359476685524,0.2370479702949524,0.02639937959611416,0.005062432959675789,0.059286847710609436,-0.012300084345042706,-0.0020672399550676346
704,270.48,-2.9084410667419434,0.007253302726894617,0.042057011276483536,0.10055552993901073,0.04502165958285332,0.055533870356157415,0.03575668856501579,0.032647326588630676,0.019550619646906853,0.01581938937306404,-0.007253302726894617,-0.003568756626918912,-0.005163237918168306,-0.0019208965823054314,0.013752044178545475,0.013555374927818775,-0.01674402318894863,-0.020858533680438995,0.08440250158309937,0.08840590715408325,-0.042057011276483536,-0.03725292533636093,0.03131221607327461,0.028202855959534645,0.015106148086488247,0.011374915950000286,0.09830222278833389,0.10198677331209183,0.007964648306369781,0.01238610316067934,0.0,0.0,0.0,0.0,0.1005555255152285,0.10055552993901073,0.008127886224538087,0.00930699974298477,0.012560171894729136,0.009647481031715869,0.026850171275436877,0.02723344963043928,0.008899721205234527,0.008580866158008574,0.04502165958285332,0.044639028497040274,0.23176780343055725,0.0047049797140061855,-0.00939355418086052,0.2655622363090515,-0.0778656005859375,0.03769461438059807,0.23703131079673767,0.0251945648342371,0.005522250663489103,0.05777716636657715,-0.01711241528391838,-0.0006855101673863828
705,270.9,-2.912868022918701,0.004824087489396334,0.038258958607912064,0.10055552950245328,0.0436195283010602,0.056936001201393076,0.03720618784427643,0.03393455967307091,0.020556379109621048,0.016630427911877632,-0.00037163009983487427,0.0031667661387473345,-0.004824087489396334,-0.001339360955171287,0.018810592591762543,0.018532071262598038,-0.02080802246928215,-0.025314144790172577,0.09153628349304199,0.09537886083126068,-0.038258958607912064,-0.03364786505699158,0.03276171535253525,0.029490087181329727,0.016111906617879868,0.012185954488813877,0.10518389940261841,0.10872229188680649,0.010360569693148136,0.014606645330786705,0.0,0.0,0.0,0.0,0.10055552950245328,0.10055552574805915,0.010184657182544469,0.010946006285957991,0.008951122760772704,0.005958015918731689,0.03191992908716202,0.032500099278986457,0.008647615909576415,0.008343431055545806,0.0436195283010602,0.043254510387778285,0.238351970911026,0.004632329102605581,-0.00987243466079235,0.2658189833164215,-0.07857263088226318,0.037376709282398224,0.23676547408103943,0.02513742819428444,0.005915541667491198,0.05877598375082016,-0.019559558480978012,0.0005217911675572395
706,271.32,-2.9172308444976807,0.001443251152522862,0.0351724736392498,0.10055553063750267,0.042933964990079405,0.05762156564742326,0.03758169710636139,0.03421240299940109,0.02076839841902256,0.016725242137908936,0.00466005178168416,0.00790313258767128,-0.001443251152522862,0.0021465576719492674,0.022376500070095062,0.022072402760386467,-0.02453310415148735,-0.029348650947213173,0.09678714722394943,0.10037249326705933,-0.0351724736392498,-0.03087005764245987,0.03313722461462021,0.029767930507659912,0.01632392592728138,0.01228077057749033,0.11021558195352554,0.11345866322517395,0.012761491350829601,0.016653189435601234,0.0,0.0,0.0,0.0,0.10055553017184138,0.10055553063750267,0.009204742503352462,0.009506631763651966,0.005760724544525146,0.002695527747273445,0.03585703007876873,0.036629421524703505,0.00842843472957611,0.008086169958114623,0.042933964990079405,0.042523247078061106,0.24360314011573792,0.004760598763823509,-0.010118512436747551,0.2663933336734772,-0.07895206660032272,0.037179771810770035,0.23577101528644562,0.0258224755525589,0.0061839609406888485,0.061805181205272675,-0.02054733783006668,0.0016000407049432397
707,271.74,-2.9215738773345947,0.0030112506356090307,0.044501882046461105,0.1127777589764446,0.054767121449112895,0.0580106375273317,0.02544397860765457,0.02200140245258808,0.008549805730581284,0.004418713040649891,-0.0030112506356090307,-0.00011140821152366698,0.0028928974643349648,0.0065525290556252,0.013037090189754963,0.012730695307254791,-0.02760176733136177,-0.03271128237247467,0.08926581591367722,0.09255948662757874,-0.044501882046461105,-0.04054947569966316,0.033221736550331116,0.029779160395264626,0.016327563673257828,0.012196470983326435,0.11476650834083557,0.1176663488149643,0.015265239402651787,0.018745049834251404,0.002777757942676544,0.002777757942676544,0.002777757942676544,0.002777757942676544,0.1127777589764446,0.11277775702648796,0.007372341938316822,0.007192520778626203,0.015184646360576152,0.012048465088009833,0.0389293310046196,0.03990775335580111,0.020500692427158355,0.020106862187385558,0.054767121449112895,0.05429452553391457,0.24775397777557373,0.005058448761701584,-0.01021941564977169,0.2666715979576111,-0.07891764491796494,0.03696504980325699,0.23440875113010406,0.02686079777777195,0.006435928866267204,0.06532885134220123,-0.02058401331305504,0.002504283096641302
708,272.15999999999997,-2.9258952140808105,4.9024802137864754e-05,0.04275050386786461,0.11277776107192039,0.054821106493473055,0.057956654578447335,0.02585122548043728,0.022348443046212196,0.00850530993193388,0.004301972221583128,-4.9024802137864754e-05,0.0025033168494701385,0.009292845614254475,0.012355655431747437,0.014968015253543854,0.014748048037290573,-0.028020644560456276,-0.03339153528213501,0.09203244000673294,0.09496300667524338,-0.04275050386786461,-0.03923382982611656,0.033628981560468674,0.03012620098888874,0.01628306694328785,0.012079729698598385,0.11772873252630234,0.12028107792139053,0.017070602625608444,0.02013341337442398,0.002777756080031395,0.002777757942676544,0.0027777570113539695,0.0027777574770152568,0.1127777573284402,0.11277776107192039,0.0027777570113539695,0.002777757942676544,0.013660966306924819,0.010378152951598166,0.03930371150374413,0.0404712649807334,0.020696292519569396,0.020318071246147155,0.054821106493473055,0.054367243200540545,0.24599909782409668,0.0071721444837749004,-0.010645737871527672,0.26735061407089233,-0.0782807320356369,0.03706921637058258,0.2353564351797104,0.026571165770292282,0.006618821062147617,0.06617569178342819,-0.021128017455339432,0.0026252116076648235
709,272.58,-2.9301810264587402,0.0,0.04385614022612572,0.11277776130475103,0.05643990531563759,0.05633785598911344,0.02677156962454319,0.023225411772727966,0.008380027487874031,0.004124638624489307,0.0002076301461784169,0.002412322675809264,0.009806007146835327,0.012451638467609882,0.01862163655459881,0.01847832277417183,-0.030954156070947647,-0.036578185856342316,0.09078481048345566,0.09339261800050735,-0.04385614022612572,-0.04072676971554756,0.034549325704574585,0.03100316971540451,0.016157785430550575,0.011902396567165852,0.11798539012670517,0.1201900839805603,0.01758376508951187,0.020229395478963852,0.002777756080031395,0.002777757942676544,0.002777757942676544,0.002777757942676544,0.11277775998052675,0.11277776130475103,0.002777757942676544,0.0027777570113539695,0.010927689149975776,0.007524846941232681,0.042111941501498225,0.04348058242350817,0.02220057964324951,0.021797465980052947,0.05643990531563759,0.055956165194511416,0.24596871435642242,0.008863471448421478,-0.010786923579871655,0.2675218880176544,-0.07714484632015228,0.03704945743083954,0.23459596931934357,0.0266493558883667,0.006919856183230877,0.06675706058740616,-0.02049572765827179,0.0025481218472123146
710,273.0,-2.9344675540924072,0.0,0.04493433237075806,0.11277776130475103,0.058141928985714915,0.05463583231903612,0.02779756486415863,0.02421281673014164,0.008359451778233051,0.004057752899825573,0.0005726433591917157,0.002429347252473235,0.010429839603602886,0.012657884508371353,0.02199898101389408,0.021926535293459892,-0.033334989100694656,-0.03921472653746605,0.08954603970050812,0.09184897691011429,-0.04493433237075806,-0.04217080771923065,0.035575322806835175,0.031990572810173035,0.01613720878958702,0.011835509911179543,0.11835040152072906,0.12020710855722427,0.018207596614956856,0.020435642451047897,0.002777757942676544,0.002777756080031395,0.0027777570113539695,0.0027777570113539695,0.11277775816153734,0.11277776130475103,0.0027777570113539695,0.002777757942676544,0.008576341792941092,0.005064037516713142,0.04447219789028168,0.046050236448645594,0.023804361820220946,0.023358131647109984,0.058141928985714915,0.05760645017027855,0.24547670781612396,0.010532249696552753,-0.011010324582457542,0.26689213514328003,-0.07573259621858597,0.036820217967033386,0.23331008851528168,0.026991430670022964,0.007064067292958498,0.06763897091150284,-0.019810358062386513,0.0027215457521378994
711,273.42,-2.9387319087982178,0.0,0.04664327949285507,0.11277775571681559,0.05998280353844166,0.052794952178373926,0.02837112732231617,0.02461756393313408,0.008053341880440712,0.0035490666050463915,0.00015323059051297605,0.001952493330463767,0.010561766102910042,0.012720881029963493,0.024096654728055,0.0239544827491045,-0.03433152288198471,-0.04048658907413483,0.08735930919647217,0.08965689688920975,-0.04664327949285507,-0.04388616606593132,0.036148883402347565,0.03239532187581062,0.015831099823117256,0.011326824314892292,0.11793098598718643,0.11973024904727936,0.018339524045586586,0.020498638972640038,0.002777756080031395,0.002777757942676544,0.002777757942676544,0.0027777577098459004,0.11277775539667345,0.11277775571681559,0.002777757942676544,0.002777757942676544,0.007052228674292564,0.0034408391267061232,0.04516262270510197,0.04681341338902712,0.025571676790714263,0.02507335215806961,0.05998280353844166,0.05938480503857136,0.24499520659446716,0.012114103883504868,-0.011201264336705208,0.2658567428588867,-0.07427665591239929,0.03643418475985527,0.23104727268218994,0.027499565854668617,0.006963593885302544,0.06865450739860535,-0.019139865413308144,0.0031118658371269703
712,273.84,-2.9429965019226074,0.00018697464838624,0.04821431264281273,0.11277775967493653,0.06176693819463253,0.051010821480303996,0.029024440795183182,0.025106318295001984,0.00782273430377245,0.003120986744761467,-0.00018697464838624,0.0015526943607255816,0.010774867609143257,0.01286247093230486,0.026066692546010017,0.025849521160125732,-0.03494670242071152,-0.041377052664756775,0.08528173714876175,0.08756871521472931,-0.04821431264281273,-0.04546993970870972,0.036802198737859726,0.03288407623767853,0.015600492246448994,0.010898744687438011,0.11759078502655029,0.11933045089244843,0.0185526255518198,0.02064022794365883,0.002777757942676544,0.002777757942676544,0.002777757942676544,0.002777757942676544,0.11277775967493653,0.11277775653172284,0.002777757942676544,0.0027777570113539695,0.0057355061918497085,0.0020345550775527953,0.045547194667160514,0.04727579735219479,0.027309047877788543,0.026761735677719115,0.06176693819463253,0.06111016765236855,0.24400579929351807,0.013526717200875282,-0.011429259553551674,0.2647467255592346,-0.0730222687125206,0.036053694784641266,0.22897031903266907,0.027917932718992233,0.006822122260928154,0.06953097879886627,-0.018755022436380386,0.0035079275257885456
713,274.26,-2.947279691696167,0.001299804775044322,0.05002843588590622,0.11277776027156505,0.06411476142704486,0.04866299884452019,0.029669223353266716,0.02555748075246811,0.007397554814815521,0.0024634655565023422,-0.001299804775044322,0.00018299078510608524,0.011308567598462105,0.013087921775877476,0.027805987745523453,0.02748335711658001,-0.035273756831884384,-0.04199368506669998,0.08208893239498138,0.08420468866825104,-0.05002843588590622,-0.047489531338214874,0.03744697943329811,0.03333523869514465,0.015175312757492065,0.010241223499178886,0.11647795140743256,0.11796075105667114,0.01908632554113865,0.020865678787231445,0.002777756080031395,0.002777757942676544,0.002777757942676544,0.002777757942676544,0.11277775618247687,0.11277776027156505,0.002777757942676544,0.0027777570113539695,0.004640991687774658,0.0008518815785646438,0.04544906958937645,0.04723490856587887,0.02938901901245117,0.028756062388420104,0.06411476142704486,0.06335521012544632,0.2427564263343811,0.014830941334366798,-0.011723741888999939,0.2637404799461365,-0.07182923704385757,0.03573933243751526,0.2269301414489746,0.02820671908557415,0.006667681038379669,0.07032670080661774,-0.018633659929037094,0.0038867683615535498
714,274.68,-2.9515743255615234,0.002812784630805254,0.05190582945942879,0.1127777595585212,0.06681911543011665,0.04595864412840456,0.030335376039147377,0.02601424604654312,0.0068775056861341,0.0016921509522944689,-0.002812784630805254,-0.0017146490281447768,0.012135527096688747,0.013453289866447449,0.029294453561306,0.02884773537516594,-0.0352109856903553,-0.04223141446709633,0.07822859287261963,0.08006338030099869,-0.05190582945942879,-0.049704086035490036,0.03811313211917877,0.033792003989219666,0.014655263163149357,0.00946990866214037,0.11496496945619583,0.11606311053037643,0.019913285970687866,0.021231047809123993,0.002777756080031395,0.002777757942676544,0.0027777574770152568,0.0027777577098459004,0.11277775408700108,0.1127777595585212,0.0027777588739991187,0.002777757942676544,0.003818678557872772,0.0,0.04486624885350466,0.0467013231292367,0.031736376583576205,0.030999730229377746,0.06681911543011665,0.06593513384461402,0.2410692572593689,0.016069849953055382,-0.012070308439433575,0.2627033591270447,-0.07074703276157379,0.03544742241501808,0.22494205832481384,0.028345543891191483,0.006460324861109257,0.07085654139518738,-0.01880156248807907,0.004260978661477566
715,275.09999999999997,-2.9558820724487305,0.00490913400426507,0.05435813218355179,0.11277775641530752,0.06983701966702938,0.04294073674827814,0.03126010298728943,0.025304585695266724,0.006628172006458044,0.0012353546917438507,-0.00490913400426507,-0.004139385186135769,0.012701129540801048,0.013624828308820724,0.03111080266535282,0.030560197308659554,-0.035359937697649,-0.042632296681404114,0.07336673140525818,0.07498404383659363,-0.05435813218355179,-0.05241736024618149,0.03903786092996597,0.03454384580254555,0.014405929483473301,0.009013112634420395,0.11286862194538116,0.11363837122917175,0.020478887483477592,0.02140258625149727,0.002777757942676544,0.004239260107278824,0.0027777574770152568,0.002777757942676544,0.11277775594964623,0.11277775641530752,0.002777757942676544,0.002777757942676544,0.0029270582646131514,0.0,0.044765867181122306,0.04664540931582451,0.03450189054012299,0.03365432739257813,0.06983701966702938,0.06881994649767875,0.2392977476119995,0.017281264066696167,-0.012322736904025078,0.26139044761657715,-0.06967968493700027,0.03509964793920517,0.22232550382614136,0.028333570808172226,0.006184236612170935,0.07068970054388046,-0.018953002989292145,0.00457231979817152
716,275.52,-2.960233449935913,0.021400220692157745,0.053985144942998886,0.12499998964369297,0.0688565195351839,0.056143470108509064,0.020653659477829933,0.01609032228589058,-0.005102154333144426,-0.010578158311545849,-0.021400220692157745,-0.020766476169228554,-0.000128613508422859,0.0006318802479654551,0.021911555901169777,0.021324878558516502,-0.03671027347445488,-0.044070884585380554,0.05292676016688347,0.05455963686108589,-0.053985144942998886,-0.05232957378029823,0.04065364599227905,0.03609031066298485,0.014897833578288555,0.00942183006554842,0.10859976708889008,0.10923351347446442,0.01987137459218502,0.02063186839222908,0.014999986514449119,0.014999988377094268,0.01499998791143298,0.014999988377094268,0.12499998778104782,0.12499998964369297,0.014999988100607878,0.014999988144263624,0.013742090091109275,0.009765432104468345,0.04660810705274344,0.04849271465092898,0.05067300692200661,0.04967387661337853,0.0688565195351839,0.06796144217252731,0.23798802495002747,0.018669575452804565,-0.012299023568630219,0.2591506242752075,-0.06808394193649292,0.03455107659101486,0.21738065779209137,0.028149675577878952,0.005831816233694553,0.06913093477487564,-0.01852206513285637,0.004756484180688858
717,275.94,-2.9645845890045166,0.02555069327354431,0.04345352575182915,0.12499998778104782,0.05492625281214714,0.07007373496890068,0.022386640310287476,0.017755279317498207,-0.004494142718613148,-0.010051775723695755,-0.02555069327354431,-0.025072244927287102,-0.0005511896451935172,2.294809019076638e-05,0.023765014484524727,0.023194557055830956,-0.03605832904577255,-0.04345352575182915,0.04452304169535637,0.04607401415705681,-0.035783927887678146,-0.034810952842235565,0.042386628687381744,0.037755269557237625,0.015505845658481121,0.009948212653398514,0.10444929450750351,0.10492774099111557,0.019448798149824142,0.020022936165332794,0.014999988377094268,0.014999990239739417,0.014999988377094268,0.014999988377094268,0.12499998778104782,0.12499998591840267,0.014999987795017659,0.014999988075142027,0.013621614202857017,0.009560712501406669,0.046564174704253676,0.048401738405227664,0.05492625281214714,0.053853726834058764,0.05023272603750229,0.04983388900756836,0.2331996113061905,0.02120271325111389,-0.012969194911420345,0.25721532106399536,-0.06604062020778656,0.034381333738565445,0.21308571100234985,0.026418447494506836,0.005512325093150139,0.06606026738882065,-0.02076750248670578,0.004752089735120535
718,276.36,-2.969046115875244,0.01273370161652565,0.04310009256005287,0.10729296401143074,0.06074363261461258,0.046549331396818154,0.024437183514237404,0.018290886655449867,-0.0036099266726523638,-0.009241646155714989,-0.01273370161652565,-0.01222212053835392,-0.00048699654871597886,1.3090963875583839e-05,0.026597069576382637,0.02602037601172924,-0.03577064722776413,-0.04310009256005287,0.03381562978029251,0.03536617010831833,-0.012465600855648518,-0.012021934613585472,0.04443717375397682,0.039744071662425995,0.016390061005949974,0.01075834222137928,0.09955926239490509,0.09997600317001343,0.019512992352247238,0.020013079047203064,0.014999990239739417,0.016453185006976127,0.014999987678602337,0.014999988377094268,0.10729296401143074,0.10719812370836734,0.014999988900963216,0.01499998808332748,0.012840104177594184,0.008723695650696753,0.047160708233714106,0.048858434781432154,0.06074363261461258,0.0596098330616951,0.026978593207895755,0.027035013660788535,0.23392674326896667,0.02287321910262108,-0.013548913411796093,0.25483575463294983,-0.06327489018440247,0.034134186804294586,0.20443880558013916,0.0250787865370512,0.005483544897288084,0.06354546546936035,-0.023106595501303673,0.004950396716594696
719,276.78,-2.9735262393951416,0.008373047225177288,0.044109806418418884,0.08736594941467046,0.06716525450348854,0.020200694911181927,0.026352351531386375,0.019155770540237427,-0.002667512046173215,-0.008373047225177288,0.002591158729046583,0.002736941911280155,-4.971898306393996e-05,0.00037628505378961563,0.030333783477544785,0.029725100845098495,-0.03685951977968216,-0.044109806418418884,0.022582631558179855,0.024137472733855247,0.013277450576424599,0.013227005489170551,0.04655073210597038,0.04179612174630165,0.017332475632429123,0.01162694115191698,0.0947478860616684,0.09510289132595062,0.019950268790125847,0.02037627249956131,0.015198380574584006,0.017640351206064223,0.014999987678602337,0.014999988377094268,0.08715672733262181,0.08736594941467046,0.014999987773189786,0.014999987445771693,0.011216948628425597,0.007071020901203155,0.049191995412111285,0.05073674757033587,0.06716525450348854,0.06596541859209537,0.001672818213701248,0.0021492670103907584,0.23801228404045105,0.02367223985493183,-0.014129746705293655,0.25166112184524536,-0.06024251878261566,0.0338476225733757,0.19259250164031982,0.023908160626888275,0.005679441150277853,0.06206846982240677,-0.026607006788253784,0.005570979788899422
720,277.2,-2.978025197982788,0.007702284026890993,0.0460575632750988,0.06828411750495433,0.07327932573854923,-0.004995208233594894,0.025879399850964546,0.018648119643330574,-0.0018776834476739168,-0.007702284026890993,0.017919085919857025,0.017788151279091835,0.0005892105400562286,0.0009044407051987946,0.033568523824214935,0.03286918252706528,-0.03877707198262215,-0.0460575632750988,0.012530257925391197,0.014058317057788372,0.021485228091478348,0.023318897932767868,0.04810025542974472,0.043246421962976456,0.01812230423092842,0.012297703884541988,0.09080958366394043,0.09107226878404617,0.020589198917150497,0.020904429256916046,0.017220855578780173,0.01959830231964588,0.014999987678602337,0.01499998791143298,0.0678904977440834,0.06828411750495433,0.014999988377094268,0.01499998855171725,0.009531731605529784,0.0053772394359111785,0.05189937621355057,0.05335526715964079,0.07327932573854923,0.0720139517262578,0.0,0.0,0.24220216274261475,0.023601574823260307,-0.014734994620084763,0.24741488695144653,-0.0577327162027359,0.033534936606884,0.17896273732185364,0.022952845320105553,0.0058946069329977036,0.06269265711307526,-0.031688544899225235,0.00678342254832387
721,277.62,-2.9825451374053955,0.007188386749476194,0.04693940281867981,0.050081412196159365,0.07828558132052421,-0.028204169124364846,0.023994270712137222,0.016629958525300026,-0.0011981872376054525,-0.007188386749476194,0.033162832260131836,0.03284426033496857,0.0013457722961902618,0.0015215663006529212,0.035081349313259125,0.034257981926202774,-0.03950962796807289,-0.04693940281867981,0.004493597894906998,0.00596598768606782,0.018982242792844772,0.020749110728502274,0.049092039465904236,0.04410020634531975,0.018801800906658173,0.012811601161956787,0.08777917921543121,0.08792567253112793,0.02134576067328453,0.0215215552598238,0.020097768753767013,0.02247024782001972,0.014999988144263624,0.01499998791143298,0.04961634695529938,0.050081412196159365,0.014999988377094268,0.014999988959170877,0.00901069015264511,0.004842224419116974,0.053311428874731066,0.0547510039806366,0.07828558132052421,0.0769596848450601,0.0,0.0,0.24282795190811157,0.02365821599960327,-0.015450023114681244,0.24270007014274597,-0.055963218212127686,0.03312905132770538,0.16731305420398712,0.022138606756925583,0.005809159018099308,0.0643044114112854,-0.037201445549726486,0.008290588855743408
722,278.03999999999996,-2.987072467803955,0.006711577530950308,0.04665784537792206,0.03129245609045029,0.08282130852341651,-0.051528852432966225,0.022027093917131424,0.01454606931656599,-0.0005656237481161952,-0.006711577530950308,0.04872437193989754,0.04820196330547333,0.002128689317032695,0.00217830459587276,0.03595993295311928,0.035034213215112686,-0.039099451154470444,-0.04665784537792206,-0.003368232399225235,-0.0019487491808831692,0.016766661778092384,0.01847004145383835,0.050215866416692734,0.045094236731529236,0.019434364512562752,0.013288410380482674,0.08445307612419128,0.08449441939592361,0.022128676995635033,0.022178292274475098,0.02318877249956131,0.025548167414963244,0.014999988260678946,0.01499998791143298,0.030728704184293746,0.03129245609045029,0.014999987678602337,0.014999987678602337,0.009255933463573455,0.00506002351641655,0.0535338156670332,0.054946255758404734,0.08282130852341651,0.08144316857680678,0.0003620152175426482,0.0,0.2413320541381836,0.024490773677825928,-0.016200842335820198,0.2381230592727661,-0.05407992750406265,0.03258387744426727,0.15793253481388092,0.02127707563340664,0.005539597012102604,0.06460700929164886,-0.04159639775753021,0.009536180645227432
723,278.46,-2.991672992706299,0.007532944902777672,0.048118796199560165,0.02965737123042345,0.08878691762685775,-0.05912954639643431,0.01915426179766655,0.011778238229453564,-0.0012899780413135886,-0.007532944902777672,0.05676509439945221,0.05685911327600479,0.0013182441471144557,0.0014310663100332022,0.037877872586250305,0.036884114146232605,-0.04066336154937744,-0.048118796199560165,-0.01702183485031128,-0.015499451197683811,0.01190267875790596,0.013729538768529892,0.051638081669807434,0.046435609459877014,0.01871000975370407,0.012467043474316597,0.07676508277654648,0.07685910165309906,0.021318232640624046,0.021431054919958115,0.027483819872140883,0.02965737123042345,0.014999987795017659,0.014999988377094268,0.014999988377094268,0.014999988377094268,0.01499998849350959,0.014999988609924911,0.008760209083557128,0.004551495313644409,0.054373371303081515,0.055585839673876765,0.08878691762685775,0.08735855285078287,0.004415553882718086,0.0027015161514282226,0.24108101427555084,0.02624068222939968,-0.016674166545271873,0.2328253984451294,-0.050751689821481705,0.03168996796011925,0.14619366824626923,0.020267866551876068,0.005281085614115,0.06181720644235611,-0.043608445674180984,0.010158723220229149
724,278.88,-2.9962732791900635,0.008262470364570618,0.04739674553275108,0.033830926641821864,0.07682870596647262,-0.04299777932465076,0.016307391226291656,0.009033048525452614,-0.0019183573313057423,-0.008262470364570618,0.049491047859191895,0.04961840435862541,0.0010383017361164093,0.00119112862739712,0.03843165189027786,0.037359755486249924,-0.04006104916334152,-0.04739674553275108,-0.01066281832754612,-0.012210316956043243,0.0082365358248353,0.01015404611825943,0.053150735795497894,0.047863975167274475,0.018081631511449814,0.011737518012523651,0.06949103623628616,0.06961838901042938,0.021038290113210678,0.02119111642241478,0.03184334456920624,0.033830926641821864,0.014999988842755555,0.014999988377094268,0.014999988377094268,0.01499998465180397,0.014999988377094268,0.014999987795017659,0.00971908390522003,0.005504219681024551,0.05314268067479134,0.05413426354527474,0.07515385456383228,0.07682870596647262,0.0078017542883753776,0.00603707030415535,0.23748543858528137,0.028306491672992706,-0.01747344806790352,0.22711291909217834,-0.047560881823301315,0.03071676753461361,0.13660010695457458,0.019025012850761414,0.0047203307040035725,0.0587502084672451,-0.04614793509244919,0.010951640084385872
725,279.3,-3.000957727432251,0.008619368076324463,0.048486482352018356,0.03661986568942666,0.054867102652788165,-0.0182472369633615,0.014208151027560234,0.007031639572232962,-0.002223728224635124,-0.008619368076324463,0.04268816486001015,0.042793069034814835,0.0007766267517581582,0.0009025144972838461,0.04035753011703491,0.03922600671648979,-0.041263945400714874,-0.048486482352018356,0.012091156095266342,0.010194530710577965,0.004828043282032013,0.006736384239047766,0.05398120731115341,0.04865150526165962,0.017776260152459145,0.011380620300769806,0.06268814951181412,0.0627930611371994,0.020776614546775818,0.02090250328183174,0.03477305628359318,0.03661986568942666,0.014999988377094268,0.014999988377094268,0.01499998465180397,0.014999992102384566,0.014999987795017659,0.014999988784547894,0.008623677194118499,0.00442549854516983,0.05404020555317402,0.054867102652788165,0.04559699341654778,0.04759853042662144,0.010948571264743804,0.009166119042783975,0.23741430044174194,0.029321622103452682,-0.01757531426846981,0.22465577721595764,-0.046066828072071075,0.030063580721616745,0.1296209990978241,0.01841898262500763,0.004563112743198872,0.05597548931837082,-0.04607022553682327,0.011016253381967545
726,279.71999999999997,-3.005675792694092,0.008785653859376907,0.05556493625044823,0.03888764221221209,0.06177927076816559,-0.022891628555953503,0.012418019585311413,0.00533649604767561,-0.0023557906970381737,-0.008785653859376907,0.036340463906526566,0.036394212394952774,0.0008199499570764601,0.0008844499825499952,0.04627259075641632,0.04513740539550781,-0.04835737124085426,-0.05556493625044823,0.03588533774018288,0.03355487808585167,0.0012311784084886312,0.0030489314813166857,0.05458235740661621,0.049224138259887695,0.01764419674873352,0.011214334517717361,0.056340452283620834,0.05639420077204704,0.02081993781030178,0.02088443748652935,0.0371643378213048,0.03888764221221209,0.014999987445771693,0.014999988377094268,0.014999988377094268,0.014999988377094268,0.01499998785322532,0.014999987503979354,0.00330976665019989,0.0,0.061001567989587786,0.06177927076816559,0.015455114543437957,0.017839322686195373,0.014588759401813148,0.012835506005212664,0.24753151834011078,0.029616190120577812,-0.015927769243717194,0.22316032648086548,-0.04465358331799507,0.029731377959251404,0.12199380993843079,0.019669506698846817,0.005902173463255167,0.05318422615528107,-0.037957124412059784,0.009437844157218933
727,280.14,-3.0104451179504395,0.009225680492818356,0.05149831622838974,0.03994520276784897,0.062315088585019114,-0.022369885817170143,0.01163970772176981,0.0047135986387729645,-0.0027648082468658686,-0.009225680492818356,0.030579272657632828,0.03069208562374115,0.0005936741945333779,0.000729049788787961,0.0542907640337944,0.05310875549912453,-0.05007990822196007,-0.05149831622838974,0.05054203420877457,0.05212476849555969,-0.0024508675560355186,-0.0005515855737030506,0.05504285916686058,0.04965880140662193,0.017235180363059044,0.010774307884275913,0.0505792610347271,0.05069207400083542,0.020593661814928055,0.02072903700172901,0.03840315144509077,0.03994520276784897,0.014999988609924911,0.014999988377094268,0.014999988377094268,0.014999988377094268,0.014999987620394676,0.01499998721294105,0.0,0.0,0.062315088585019114,0.057272624112665656,0.0,0.0,0.018044529370963572,0.01628062257543206,0.2621768116950989,0.029102426022291183,-0.013879579491913319,0.22284576296806335,-0.042581405490636826,0.028924893587827682,0.11527128517627716,0.02245965227484703,0.007571738213300705,0.05078135058283806,-0.026148533448576927,0.007541856728494167
728,280.56,-3.015317678451538,0.010328039526939392,0.047003913670778275,0.03848519537597895,0.0565744311362505,-0.01808923576027155,0.012863298878073692,0.006217855028808117,-0.0038475077599287033,-0.010328039526939392,0.025420870631933212,0.025831205770373344,-0.0008293343125842512,-0.00033693324076011777,0.06223532184958458,0.060917019844055176,-0.04542195051908493,-0.047003913670778275,0.04338807240128517,0.04531410336494446,-0.0065603917464613914,-0.004249151796102524,0.05510349199175835,0.049703050404787064,0.016152480617165565,0.009671947918832302,0.04542085900902748,0.045831192284822464,0.019170653074979782,0.01966305449604988,0.03724019311368466,0.03848519537597895,0.014999988377094268,0.014999987445771693,0.014999988377094268,0.014999986514449119,0.014999987387564032,0.014999987736809998,0.0,0.0,0.0565744311362505,0.05167586158961058,0.0,0.0,0.020731044821441173,0.018912206292152404,0.27786722779273987,0.02725496143102646,-0.011926892213523388,0.22260373830795288,-0.0406993068754673,0.02786930836737156,0.11004067957401276,0.025746284052729607,0.008833566680550575,0.04862431809306145,-0.01495540514588356,0.00599005026742816
729,280.97999999999996,-3.0201900005340576,0.011412424966692924,0.044332489371299744,0.0370212633907795,0.052620464824140074,-0.015599201433360577,0.014104770496487617,0.0077400654554367065,-0.004909310955554247,-0.011412424966692924,0.020521637052297592,0.02122652158141136,-0.0019760422874242067,-0.001130180316977203,0.06722023338079453,0.06571798026561737,-0.04252978786826134,-0.044332489371299744,0.036777909845113754,0.039095189422369,-0.00963920634239912,-0.006858471781015396,0.055180590599775314,0.0497613288462162,0.015090676955878735,0.00858756247907877,0.04052162542939186,0.04122650995850563,0.01802394539117813,0.018869807943701744,0.0360758201032877,0.0370212633907795,0.01499998791143298,0.014999987445771693,0.014999988377094268,0.014999988377094268,0.014999987678602337,0.014999988260678946,0.0,0.0,0.052620464824140074,0.047920051850378516,0.0,0.0,0.02266315173357725,0.02072827972471714,0.2869720160961151,0.02521851472556591,-0.011031771078705788,0.22126558423042297,-0.03974703326821327,0.026994239538908005,0.10693627595901489,0.028016826137900352,0.00898829661309719,0.04779168963432312,-0.010121029801666737,0.005867835134267807
730,281.4,-3.0252256393432617,0.012667834758758545,0.04257702827453613,0.03875372873619199,0.04941416520625353,-0.01066043647006154,0.012131111696362495,0.00592448515817523,-0.006095248274505138,-0.012667834758758545,0.015134165994822979,0.016052231192588806,-0.00304138264618814,-0.0019397052237764,0.07026375085115433,0.06854075193405151,-0.0405094251036644,-0.04257702827453613,0.029581613838672638,0.03225036710500717,-0.012420259416103363,-0.009217758662998676,0.05515536665916443,0.04967821389436722,0.01390474010258913,0.007332152687013149,0.03513415530323982,0.036052219569683075,0.016958605498075485,0.018060283735394478,0.038024254962801936,0.03875372873619199,0.014999988377094268,0.014999987445771693,0.014999989308416842,0.014999988377094268,0.014999988144263624,0.014999988959170877,0.0,0.0,0.04941416520625353,0.044909180961549285,0.0005525414645671843,0.0,0.024378864914178847,0.022278042398393153,0.2898215651512146,0.023152660578489304,-0.01063929870724678,0.219637930393219,-0.040324121713638306,0.02639935165643692,0.10450322926044464,0.02955266274511814,0.008360736072063446,0.04835992306470871,-0.009245049208402634,0.006513489410281181
731,281.82,-3.0302696228027344,0.013832527212798595,0.04153529554605484,0.04071555787697435,0.0470283579826355,-0.006312800105661154,0.01002589613199234,0.003967636730521917,-0.007180798798799515,-0.013832527212798595,0.010059204883873463,0.011179406195878983,-0.0037426447961479425,-0.0023984035942703485,0.07219207286834717,0.0702536329627037,-0.039209168404340744,-0.04153529554605484,0.022463195025920868,0.025451529771089554,-0.014606145210564137,-0.011020143516361713,0.05522629991173744,0.04968319460749626,0.012819189578294754,0.006167460698634386,0.030059192329645157,0.03117939457297325,0.01625734381377697,0.017601585015654564,0.040200403779745104,0.04071555787697435,0.014999988377094268,0.01499998791143298,0.014999987445771693,0.014999988377094268,0.014999988609924911,0.014999988609924911,0.0,0.0,0.0470283579826355,0.04270275624468923,0.002595997303724289,0.0007278648018836974,0.025863489024341105,0.023621728532016276,0.2903357446193695,0.02155992202460766,-0.010530941188335419,0.21736836433410645,-0.04085738584399223,0.02582205832004547,0.1018613651394844,0.030333954840898514,0.007566856220364571,0.048103347420692444,-0.01007823459804058,0.0073689427226781845
732,282.24,-3.0354251861572266,0.01553981564939022,0.04074825346469879,0.04276622238568962,0.04438508290797472,-0.0016188605222851038,0.008249806240200996,0.002362829865887761,-0.008778407238423824,-0.01553981564939022,0.006352678406983614,0.007623130921274424,-0.0048194206319749355,-0.003294877940788865,0.07473257184028625,0.07257861644029617,-0.038163501769304276,-0.04074825346469879,0.01705801673233509,0.020281601697206497,-0.016643812879920006,-0.012775510549545288,0.05576356127858162,0.05012905225157738,0.011221581138670444,0.004460172727704048,0.026352666318416595,0.027623118832707405,0.015180567279458046,0.016705110669136047,0.042513755038380625,0.04276622238568962,0.014999988377094268,0.014999988377094268,0.01499998791143298,0.01499998791143298,0.01499998791143298,0.014999988609924911,0.0,0.0,0.04438508290797472,0.04020842619240284,0.004294649586081505,0.002341517135500908,0.02682438015937805,0.024480621218681334,0.29094669222831726,0.02055918052792549,-0.010865704156458378,0.21530970931053162,-0.040838006883859634,0.02526034042239189,0.1002701073884964,0.030548905953764915,0.007018168922513723,0.046905096620321274,-0.011820273473858833,0.00821443647146225
733,282.65999999999997,-3.0406644344329834,0.015215079300105572,0.03230558708310127,0.04491197120398283,0.03370860673487187,0.011203364469110966,0.006742210127413273,0.0010414940770715475,-0.0029718666337430477,-0.009864233434200287,0.011346601881086826,0.012728201225399971,-0.015215079300105572,-0.01055064331740141,0.08554919064044952,0.08317644149065018,-0.029458295553922653,-0.03230558708310127,0.02068326622247696,0.024086160585284233,-0.010930399410426617,-0.006846926175057888,0.0566541813313961,0.05091053992509842,0.009250311180949211,0.0023579448461532593,0.023568779230117798,0.024950379505753517,0.013713577762246132,0.01537149678915739,0.04491197120398283,0.044869045848026874,0.007222177814692259,0.007222178280353546,0.007222177349030971,0.007222178280353546,0.023928657062351703,0.0209221401065588,0.0,0.0,0.03370860673487187,0.02966353192925453,0.0,0.0,0.019643977172672748,0.017218422964215278,0.2916252315044403,0.019844088703393936,-0.011408055201172829,0.21355639398097992,-0.04065675660967827,0.024741310626268387,0.09925085306167603,0.0304837878793478,0.006580455228686333,0.045487768948078156,-0.013959846459329128,0.009048668667674065
734,283.08,-3.045945644378662,0.02775370329618454,0.030539261177182198,0.047164338994771245,0.02962719591334462,0.017537143081426624,0.005390055011957884,-0.0001146566282841377,-0.004937055520713329,-0.011951962485909462,0.00851271953433752,0.010030080564320087,-0.02775370329618454,-0.02277323603630066,0.08992654085159302,0.08726221323013306,-0.027342073619365692,-0.030539261177182198,0.016650831326842308,0.02029081992805004,-0.012721288949251175,-0.008353302255272865,0.057554394006729126,0.0517086386680603,0.0072851222939789295,0.00027021553250961006,0.02073489874601364,0.02225225791335106,0.012239287607371807,0.014060120098292828,0.047164338994771245,0.04682329529634444,0.007222177814692259,0.007222178018419072,0.007222179211676121,0.007222177349030971,0.03499299090355635,0.03183335613459349,0.0,0.0,0.02962719591334462,0.025809476709691807,0.0,0.0,0.01996057655662298,0.017413422353565692,0.29505831003189087,0.01710333675146103,-0.011492842808365822,0.21171146631240845,-0.04185783490538597,0.024205993860960007,0.0964537188410759,0.030963221564888954,0.005898015573620796,0.04563220217823982,-0.01654726453125477,0.010237089358270168
735,283.5,-3.051403284072876,0.03922472149133682,0.029607854783535004,0.04871281690895558,0.026160138081759213,0.022552678827196363,0.004536418244242668,-0.0007128201541490853,-0.007165955845266581,-0.014258475974202156,0.005096695385873318,0.006873963866382837,-0.03922472149133682,-0.0342036671936512,0.09326522052288055,0.09034527093172073,-0.02610391564667225,-0.029607854783535004,0.01208068709820509,0.016049670055508614,-0.014718235470354557,-0.009955455549061298,0.05824923515319824,0.05233880132436752,0.0050562224350869656,-0.00203629769384861,0.01731887273490429,0.019096141681075096,0.010332549922168255,0.012465272098779678,0.04871281690895558,0.04805162147851661,0.007222178280353546,0.007222178280353546,0.007222177349030971,0.007222177814692259,0.04455727141350508,0.04166893929243088,0.0,0.0,0.026160138081759213,0.022571557089686393,0.00023818563669919957,0.0,0.02005078539252281,0.017420727647840976,0.2972581386566162,0.014864237979054451,-0.011548520997166634,0.20941787958145142,-0.04282220080494881,0.023640796542167664,0.09315694868564606,0.031134966760873795,0.005058605689555407,0.04511227458715439,-0.0192211102694273,0.011414123699069023
736,283.92,-3.0568606853485107,0.050692956894636154,0.02900649420917034,0.05421656917780638,0.023121366165578364,0.031095203012228016,0.0037361865397542715,-0.0012622937792912126,-0.009311084635555744,-0.016484307125210762,0.0017794460291042924,0.0038163410499691963,-0.050692956894636154,-0.04562901705503464,0.09608536213636398,0.09292183816432953,-0.025210272520780563,-0.02900649420917034,0.007647108752280474,0.011935402639210224,-0.016568413004279137,-0.011422460898756981,0.059013523161411285,0.05303584039211273,0.002911093644797802,-0.004262129310518503,0.01400162372738123,0.016038518399000168,0.008523612283170223,0.010967886075377464,0.050277336621657016,0.04929813417140395,0.007222178280353546,0.007222177814692259,0.007222177698276937,0.007222177349030971,0.05421656917780638,0.051596903130412104,0.0,0.0,0.023121366165578364,0.019744364898651837,0.0013545149751007556,0.0,0.02009202528744936,0.017390346974134444,0.29828161001205444,0.012986775487661362,-0.011685298755764961,0.20718976855278015,-0.04378214478492737,0.023137446492910385,0.0901646539568901,0.031065670773386955,0.0042025004513561726,0.044448044151067734,-0.022113606333732605,0.012565995566546917
737,284.34,-3.062457323074341,0.06050862744450569,0.02886900119483471,0.06220961257815361,0.02044424630468711,0.0417653662734665,0.004090142901986837,-0.0006440947763621807,-0.011389326304197311,-0.018850408494472504,-0.0008124239975586534,0.0012691909214481711,-0.06050862744450569,-0.05546500161290169,0.0986698567867279,0.0951218456029892,-0.024611394852399826,-0.02886900119483471,0.004181424155831337,0.008560712449252605,-0.018290508538484573,-0.013035362586379051,0.05991433188319206,0.05369676649570465,0.0008328514522872865,-0.006628230679780245,0.011409753933548927,0.013491368852555752,0.006700985133647919,0.009198923595249653,0.05082418898120523,0.049340861272066834,0.007222177756484598,0.007222177814692259,0.0072221779311075806,0.0072221779311075806,0.06220961257815361,0.05966392520815134,0.0,0.0,0.02044424630468711,0.017240770515054463,0.0022283297777175902,0.0,0.01999149367213249,0.017234286181628703,0.29905498027801514,0.01145453006029129,-0.012028693221509457,0.2054794430732727,-0.044652022421360016,0.0227159783244133,0.08800698071718216,0.03079068474471569,0.0034393740352243185,0.04370887205004692,-0.025157380849123,0.013645099475979805
738,284.76,-3.0680863857269287,0.06993793696165085,0.028914574533700943,0.06982816046103835,0.017988168988376855,0.051839991472661495,0.004762365948408842,0.0002859137312043458,-0.013405825011432171,-0.021201878786087036,-0.0032182270660996437,-0.0011422454845160246,-0.06993793696165085,-0.06492993980646133,0.10104740411043167,0.09709510952234268,-0.024171816185116768,-0.028914574533700943,0.000981828081421554,0.005391845479607582,-0.010154684074223042,-0.014687382616102695,0.06087551638484001,0.054378803819417953,-0.001183647196739912,-0.008979701437056065,0.009003951214253902,0.011079932563006878,0.004890223499387503,0.007381401490420103,0.05111315043643117,0.04909289008821361,0.007222177814692259,0.007222177349030971,0.007222178280353546,0.007222178047522902,0.06982816046103835,0.06731134129688143,0.0,0.0,0.017988168988376855,0.014934873096644877,0.0030221231328323482,0.0006880870833992957,0.010044907573610543,0.017068784106522798,0.299430251121521,0.010184522718191147,-0.012360704131424427,0.2039550244808197,-0.045454610139131546,0.022345328703522682,0.08601488173007965,0.03043895773589611,0.0027367756702005863,0.042901478707790375,-0.027939211577177048,0.014613272622227669
739,285.18,-3.073788642883301,0.07248329371213913,0.027770349755883217,0.0726182934641838,0.01426697790622711,0.058351315557956696,0.004714929964393377,0.0003668887075036764,-0.015565687790513039,-0.02369239740073681,-0.005679090041667223,-0.0035576862283051014,-0.07036713510751724,-0.07248329371213913,0.1056782454252243,0.10137835890054703,-0.022610487416386604,-0.027770349755883217,-0.0020921065006405115,0.0023776297457516193,-0.009650885127484798,-0.005917020607739687,0.06292282789945602,0.05615057051181793,-0.0033435095101594925,-0.011470218189060688,0.006543087773025036,0.008664491586387157,0.002589315176010132,0.005134999752044678,0.05320789793506265,0.05078368180431426,0.007222178280353546,0.007222179211676121,0.007222177814692259,0.007222177814692259,0.06795645028352737,0.0726182934641838,0.0,0.0,0.01426697790622711,0.011300131566822528,0.0036351942736655473,0.001286861840635538,0.00724020030349493,0.006052020359784365,0.30152419209480286,0.009025695733726025,-0.012779779732227325,0.20241406559944153,-0.04550784081220627,0.021960364654660225,0.08327608555555344,0.03006710484623909,0.002398064127191901,0.04161328822374344,-0.030294684693217278,0.015420244075357914
740,285.59999999999997,-3.0795888900756836,0.07007107883691788,0.024770613759756088,0.06736433285288512,0.012173560627270489,0.05519077222561464,0.0037803389132022858,-0.0006268193246796727,-0.017808159813284874,-0.026248447597026825,-0.008234001696109772,-0.005999749060720205,-0.06738997250795364,-0.07007107883691788,0.11341763287782669,0.10884855687618256,-0.019287724047899246,-0.024770613759756088,-0.004990576766431332,-0.00040315493242815137,-0.0175614096224308,-0.012140583246946335,0.06649042665958405,0.059456855058670044,-0.005585981998592615,-0.014026269316673279,0.003988176584243774,0.006222429219633341,-0.00038784899516031146,0.00229325401596725,0.05771008774638176,0.05508367438334972,0.007222177814692259,0.007222178280353546,0.007222178280353546,0.007222178280353546,0.062002123512793335,0.06736433285288512,0.0,0.0,0.00870174204930663,0.005744344443082809,0.003978753350675106,0.001625584152061492,0.012173560627270489,0.009433837262913584,0.3059803545475006,0.007677755318582058,-0.013096041046082973,0.2008861005306244,-0.04519347473978996,0.021499747410416603,0.07947371900081635,0.029721219092607498,0.002193407854065299,0.04019710049033165,-0.032503098249435425,0.016201425343751907
741,286.02,-3.085373640060425,0.0748702883720398,0.024220552295446396,0.06944442942505702,0.015980879431590437,0.053463549993466586,0.0032697101123631,-0.0012248536804690957,-0.01197776012122631,-0.02071477100253105,-0.002898235572502017,-0.0005533907096832991,-0.07231590151786804,-0.0748702883720398,0.12795057892799377,0.12312301993370056,-0.008642575703561306,-0.014435644261538982,9.983626659959555e-05,0.004835493862628937,-0.024220552295446396,-0.018983880057930946,0.07018181681632996,0.06290096789598465,-0.007533332332968712,-0.016270343214273453,0.0015461918665096164,0.003891036845743656,-0.003239672863855958,-0.00042585894698277116,0.06191210670396686,0.05912582157645375,0.0,0.0,0.0,0.0,0.06407622865401208,0.06944442942505702,0.0,0.0,0.0,0.0,0.0,0.0,0.015980879431590437,0.013558021110948174,0.30838873982429504,0.00617253826931119,-0.013441206887364388,0.1995200514793396,-0.04552248865365982,0.021045010536909103,0.0772908627986908,0.029446370899677277,0.0015561957843601704,0.03921617567539215,-0.035179298371076584,0.017219064757227898
742,286.44,-3.0908493995666504,0.07459503412246704,0.02930055558681488,0.06863449240801855,0.020433733593672513,0.048200758814346045,0.007506959140300751,0.0030670263804495335,-0.012812534347176552,-0.02189542166888714,-0.003436161670833826,-0.0010142613900825381,-0.07168874889612198,-0.07459503412246704,0.13242119550704956,0.12718240916728973,-0.006665726192295551,-0.012952255085110664,-0.0005306631792336702,0.0043727802112698555,-0.02930055558681488,-0.024373991414904594,0.07332604378461838,0.06575696915388107,-0.008368106558918953,-0.01745099388062954,0.0010082658845931292,0.0034301660489290953,-0.0038668219931423664,-0.0009605417144484818,0.06081908464431763,0.05768994277343154,0.0,0.0,0.0,0.0,0.06282192690297961,0.06863449240801855,0.0,0.0,0.0,0.0,0.0,0.0,0.020433733593672513,0.01841344970045611,0.31079408526420593,0.002874259604141116,-0.013415361754596233,0.1979176104068756,-0.04734489321708679,0.020486202090978622,0.07606193423271179,0.02966766431927681,0.0003230948350392282,0.03926766291260719,-0.03820626065135002,0.018606698140501976
743,286.86,-3.096325635910034,0.0740649402141571,0.034023966640233994,0.06757430825848132,0.024536503367125987,0.043037804891355336,0.011840668506920338,0.007429104298353195,-0.013543885201215744,-0.022951504215598106,-0.003967246972024441,-0.001469887443818152,-0.07106810808181763,-0.0740649402141571,0.13630227744579315,0.13071084022521973,-0.005131012760102749,-0.011840750463306904,-0.0011866869172081351,0.003858865238726139,-0.034023966640233994,-0.029409918934106827,0.07652457803487778,0.0686848908662796,-0.00909945834428072,-0.018507076427340508,0.0004771807580254972,0.0029745399951934814,-0.0044874632731080055,-0.0014906319556757808,0.05968390952795744,0.05625578656792641,0.0,0.0,0.0,0.0,0.061580644808709624,0.06757430825848132,0.0,0.0,0.0,0.0,0.0,0.0,0.024536503367125987,0.022919286978431045,0.3118874430656433,0.00032864289823919535,-0.013325722888112068,0.1965908706188202,-0.0487542599439621,0.020028628408908844,0.07565569132566452,0.029601890593767166,-0.0007402866613119841,0.03875834867358208,-0.04089611768722534,0.01977532170712948
744,287.28,-3.1017470359802246,0.07341047376394272,0.037017446011304855,0.06626537733711302,0.026798002310097217,0.039467375027015805,0.01454549003392458,0.010137916542589664,-0.012993905693292618,-0.022544221952557564,-0.003906571306288242,-0.0013446153607219458,-0.07033612579107285,-0.07341047376394272,0.14266686141490936,0.13690370321273804,-0.0015430031344294548,-0.00845880527049303,-0.0011724625946953893,0.003973923623561859,-0.037017446011304855,-0.03272959962487221,0.08164235204458237,0.07368375360965729,-0.008549478836357594,-0.018099794164299965,0.0005378561327233911,0.0030998121947050095,-0.005219443701207638,-0.0021450964268296957,0.06209686201065779,0.058545837067067626,0.0,0.0,0.0,0.0,0.06011668208986521,0.06626537733711302,0.0,0.0,0.0,0.0,0.0,0.0,0.026798002310097217,0.02558450319804251,0.31290581822395325,-0.001492727897129953,-0.013197388499975204,0.1953747272491455,-0.04938315972685814,0.019587188959121704,0.07570900022983551,0.02932249754667282,-0.001496460405178368,0.03732367604970932,-0.04289072006940842,0.020638560876250267
745,287.7,-3.1071407794952393,0.07270935922861099,0.044491272419691086,0.06627027586102485,0.033502073846757414,0.03276820201426744,0.01656484231352806,0.012133313342928886,-0.011632020585238934,-0.021219726651906967,-0.0035316674038767815,-0.0009125153883360326,-0.06956637650728226,-0.07270935922861099,0.1484023630619049,0.14243246614933014,0.002085669431835413,-0.005078206304460764,-0.0010474014561623335,0.004263210576027632,-0.044491272419691086,-0.04067007452249527,0.08783511817455292,0.0798453614115715,-0.007187593262642622,-0.01677529886364937,0.0009127600933425128,0.0035319121088832617,-0.005989198572933674,-0.002846216084435582,0.06627027586102485,0.06271204806864261,0.0,0.0,0.0,0.0,0.058577177934348586,0.0648631431441754,0.0,0.0,0.0,0.0,0.0,0.0,0.033502073846757414,0.03282385843805969,0.31292155385017395,-0.005406918469816446,-0.010722847655415535,0.18964263796806335,-0.05348466336727142,0.017573785036802292,0.06732325255870819,0.02874503657221794,-0.005441674496978521,0.03654447942972183,-0.0460471585392952,0.022250883281230927
746,288.12,-3.1124813556671143,0.07262218743562698,0.04827500879764557,0.06888102635741233,0.03722554247826338,0.03165548387914895,0.020182598382234573,0.015710029751062393,-0.009579690173268318,-0.019265007227659225,-0.002216455526649952,0.00038027987466193736,-0.06950610876083374,-0.07262218743562698,0.15450839698314667,0.14835003018379211,0.006188563536852598,-0.0012014849344268441,0.00018491418450139463,0.005538391415029764,-0.04827500879764557,-0.04494861885905266,0.09406362473964691,0.08599252253770828,-0.005135262850672007,-0.014820580370724201,0.0022279720287770033,0.00482470728456974,-0.006049466319382191,-0.002933383919298649,0.06888102635741233,0.06528249278664588,0.0,0.0,0.0,0.0,0.05845664244145155,0.06468880351632833,0.0,0.0,0.0,0.0,0.0,0.0,0.03722554247826338,0.03701523493975401,0.31317442655563354,-0.008383278734982014,-0.009074343368411064,0.18657422065734863,-0.05652065575122833,0.016253795474767685,0.06282053887844086,0.027996094897389412,-0.008228765800595284,0.0354064516723156,-0.04893535375595093,0.02347935363650322
747,288.53999999999996,-3.117689847946167,0.0740908682346344,0.047236498445272446,0.06766851142048835,0.03807219688780606,0.029596314532682293,0.027427803725004196,0.0229184627532959,-0.006266818847507238,-0.016241414472460747,0.0014624504838138819,0.003838620148599148,-0.07123946398496628,-0.0740908682346344,0.16012607514858246,0.1536724716424942,0.010454352013766766,0.00271001853980124,0.004066938534379005,0.009234844706952572,-0.047236498445272446,-0.04453689977526665,0.10009631514549255,0.09178414940834045,-0.0018223912920802832,-0.011796986684203148,0.005906878039240837,0.008283047936856747,-0.00431610643863678,-0.0014647028874605894,0.06766851142048835,0.06386568665504455,0.0,0.0,0.0,0.0,0.0619233575463295,0.0676261653471738,0.0,0.0,0.0,0.0,0.0,0.0,0.03792039200663567,0.03807219688780606,0.31426510214805603,-0.010923696681857109,-0.007972817867994308,0.18538540601730347,-0.05902041494846344,0.015419656410813332,0.06072881817817688,0.027156926691532135,-0.010265612974762917,0.03445696830749512,-0.05180619657039642,0.02452562190592289
748,288.96,-3.1228976249694824,0.06913799047470093,0.04513632506132126,0.06619921222329139,0.03813148077926599,0.028067731444025405,0.03500857576727867,0.030182024464011192,0.004933361429721117,-0.005303585436195135,0.013021170161664486,0.015168198384344578,-0.06913799047470093,-0.06656155735254288,0.17472830414772034,0.16803979873657227,0.023481806740164757,0.015455593355000019,0.01595991477370262,0.02091744728386402,-0.04513632506132126,-0.04302642121911049,0.10620778799057007,0.09767699986696243,0.0015999788884073496,-0.008636968210339546,0.009687787853181362,0.01183481514453888,-0.002471374114975333,0.000105059560155496,0.06619921222329139,0.06249497540295124,0.0,0.0,0.0,0.0,0.0616666163597256,0.061666616912698376,0.0,0.0,0.0,0.0,0.0,0.0,0.03766495094634593,0.03813148077926599,0.3168756365776062,-0.013171924278140068,-0.007078987546265125,0.18559126555919647,-0.060923464596271515,0.014955942519009113,0.059932783246040344,0.026521475985646248,-0.011620698496699333,0.03407595679163933,-0.05423711985349655,0.02533949725329876
749,289.38,-3.127720832824707,0.06725526601076126,0.04087409749627113,0.06456233084201812,0.03618119459599257,0.028381136246025555,0.04364417493343353,0.037634216248989105,0.009113652631640434,-0.0012060406152158976,0.016772279515862465,0.018885621801018715,-0.06725526601076126,-0.06471925228834152,0.18365506827831268,0.17683371901512146,0.03062470816075802,0.022439096122980118,0.020336374640464783,0.02531302347779274,-0.04087409749627113,-0.03923382982611656,0.11320650577545166,0.1046067625284195,0.005780269857496023,-0.004539423156529665,0.013438896276056767,0.015552239492535591,-0.0005886465078219771,0.0019473647698760033,0.06456233084201812,0.06197254627943039,0.0,0.0,0.0,0.0,0.061666619502939286,0.06166661705821753,0.0,0.0,0.0,0.0,0.0,0.0,0.03528545098844916,0.03618119459599257,0.3221805691719055,-0.01696242019534111,-0.005976297426968813,0.1857110559940338,-0.06289282441139221,0.0145395677536726,0.059712182730436325,0.026593947783112526,-0.012726136483252048,0.034503787755966187,-0.056368082761764526,0.02623598277568817
750,289.8,-3.1325035095214844,0.06525009870529175,0.03622818365693092,0.0624440898001194,0.03396715864539147,0.028476931154727936,0.052969660609960556,0.04596337676048279,0.013528693467378616,0.003160308813676238,0.02063727378845215,0.022730274125933647,-0.06525009870529175,-0.06273850053548813,0.19302694499492645,0.18611933290958405,0.038216110318899155,0.029926976189017296,0.024871530011296272,0.02987157553434372,-0.03622818365693092,-0.03503904119133949,0.12041375041007996,0.11177343130111694,0.010195311158895493,-0.00017307381494902074,0.017303891479969025,0.019396891817450523,0.0014165174216032028,0.0039281174540519714,0.0624440898001194,0.06081005454063416,0.0,0.0,0.0,0.0,0.06166661612689495,0.0616666179895401,0.0,0.0,0.0,0.0,0.0,0.0,0.03264470107853413,0.03396715864539147,0.32793229818344116,-0.020652377977967262,-0.0050268652848899364,0.1861957311630249,-0.06449095904827118,0.014298051595687866,0.05972176790237427,0.026566099375486374,-0.013568654656410217,0.035285551100969315,-0.05909348651766777,0.027174560353159904
